{"type": "FeatureCollection", "features": [{"type": "Feature", "properties": {"tract_fips": "17091011700"}, "geometry": {"type": "Polygon", "coordinates": [[[-87.887743, 41.135332], [-87.887643, 41.136332], [-87.887095, 41.136234], [-87.884244, 41.136436], [-87.877295, 41.136459], [-87.877432, 41.135593], [-87.8647, 41.135715], [-87.862868, 41.135526], [-87.865689, 41.120508], [-87.873165, 41.121366], [-87.877235, 41.121384], [-87.879637, 41.125162], [-87.880404, 41.126065], [-87.882293, 41.130217], [-87.883506, 41.131587], [-87.887142, 41.134132], [-87.887743, 41.135332]]]}}, {"type": "Feature", "properties": {"tract_fips": "17111871113"}, "geometry": {"type": "Polygon", "coordinates": [[[-88.422564, 42.240637], [-88.398703, 42.240661], [-88.39839, 42.22364], [-88.399227, 42.221727], [-88.39844, 42.217889], [-88.398317, 42.204805], [-88.391388, 42.204716], [-88.390473, 42.204576], [-88.383622, 42.204603], [-88.383682, 42.197386], [-88.393753, 42.197392], [-88.393771, 42.198465], [-88.393945, 42.199019], [-88.39497, 42.200057], [-88.396175, 42.200511], [-88.398299, 42.200545], [-88.398288, 42.197398], [-88.401704, 42.197317], [-88.403038, 42.196246], [-88.403113, 42.195122], [-88.403723, 42.19511], [-88.404857, 42.195612], [-88.405482, 42.197576], [-88.406175, 42.198098], [-88.406169, 42.198388], [-88.405678, 42.199105], [-88.406024, 42.200375], [-88.405465, 42.200863], [-88.405525, 42.201116], [-88.408299, 42.200549], [-88.41132, 42.199138], [-88.41276, 42.199039], [-88.412778, 42.20442], [-88.422498, 42.204467], [-88.4224, 42.211234], [-88.422564, 42.240637]]]}}, {"type": "Feature", "properties": {"tract_fips": "17091011800"}, "geometry": {"type": "Polygon", "coordinates": [[[-87.894096, 41.143875], [-87.884642, 41.144071], [-87.884702, 41.143051], [-87.883346, 41.143037], [-87.88295, 41.142883], [-87.882727, 41.142547], [-87.88268, 41.141545], [-87.882189, 41.141017], [-87.881509, 41.14131], [-87.878152, 41.141312], [-87.87824, 41.144961], [-87.875935, 41.144974], [-87.876157, 41.143602], [-87.861633, 41.142024], [-87.862868, 41.135526], [-87.8647, 41.135715], [-87.877432, 41.135593], [-87.877295, 41.136459], [-87.884244, 41.136436], [-87.887095, 41.136234], [-87.887643, 41.136332], [-87.887898, 41.137679], [-87.889343, 41.139732], [-87.893032, 41.142187], [-87.893842, 41.143031], [-87.894096, 41.143875]]]}}, {"type": "Feature", "properties": {"tract_fips": "17111870105"}, "geometry": {"type": "Polygon", "coordinates": [[[-88.27677, 42.414929], [-88.276698, 42.438989], [-88.276088, 42.439646], [-88.276689, 42.440692], [-88.274519, 42.441062], [-88.272463, 42.442775], [-88.264258, 42.445489], [-88.257506, 42.444934], [-88.252639, 42.444251], [-88.238897, 42.444448], [-88.230336, 42.442502], [-88.227059, 42.441613], [-88.226226, 42.444489], [-88.225072, 42.444358], [-88.224723, 42.445548], [-88.224184, 42.446099], [-88.223257, 42.446449], [-88.22142, 42.44661], [-88.220228, 42.447318], [-88.219869, 42.447944], [-88.219532, 42.449316], [-88.219494, 42.450308], [-88.213654, 42.449763], [-88.210673, 42.464419], [-88.206974, 42.473555], [-88.218697, 42.473517], [-88.218882, 42.480745], [-88.218769, 42.480746], [-88.218855, 42.495029], [-88.199389, 42.495133], [-88.199401, 42.488032], [-88.198881, 42.459054], [-88.198601, 42.415567], [-88.237185, 42.415465], [-88.27677, 42.414929]]]}}, {"type": "Feature", "properties": {"tract_fips": "17111871501"}, "geometry": {"type": "Polygon", "coordinates": [[[-88.598644, 42.193838], [-88.592609, 42.194253], [-88.580869, 42.199607], [-88.578236, 42.200618], [-88.570032, 42.202036], [-88.569685, 42.202422], [-88.569701, 42.204101], [-88.550225, 42.204215], [-88.548657, 42.20404], [-88.528354, 42.19909], [-88.521262, 42.197529], [-88.508236, 42.193103], [-88.505905, 42.192778], [-88.498012, 42.192604], [-88.494411, 42.192257], [-88.491303, 42.191667], [-88.483596, 42.189531], [-88.482279, 42.188933], [-88.481074, 42.188146], [-88.475902, 42.182636], [-88.474704, 42.181715], [-88.471979, 42.180083], [-88.472038, 42.168235], [-88.47272, 42.166594], [-88.466191, 42.165695], [-88.456485, 42.165718], [-88.456516, 42.168228], [-88.428129, 42.168333], [-88.429166, 42.159721], [-88.429643, 42.158331], [-88.431728, 42.155495], [-88.432487, 42.153823], [-88.439627, 42.153746], [-88.440315, 42.153872], [-88.449243, 42.153924], [-88.471914, 42.153748], [-88.593359, 42.153569], [-88.593519, 42.153722], [-88.593796, 42.182385], [-88.59858, 42.182459], [-88.598644, 42.193838]]]}}, {"type": "Feature", "properties": {"tract_fips": "17111871115"}, "geometry": {"type": "Polygon", "coordinates": [[[-88.432482, 42.153835], [-88.431907, 42.155201], [-88.430041, 42.15767], [-88.429305, 42.159158], [-88.428129, 42.168333], [-88.425683, 42.168351], [-88.419086, 42.168328], [-88.417314, 42.167825], [-88.41604, 42.167254], [-88.415803, 42.16731], [-88.414975, 42.166708], [-88.38898, 42.153911], [-88.432482, 42.153835]]]}}, {"type": "Feature", "properties": {"tract_fips": "17111870404"}, "geometry": {"type": "Polygon", "coordinates": [[[-88.4723, 42.327303], [-88.472297, 42.364713], [-88.461001, 42.362603], [-88.455219, 42.360976], [-88.451987, 42.360413], [-88.447275, 42.360144], [-88.44309, 42.360412], [-88.434254, 42.360427], [-88.428526, 42.360142], [-88.428511, 42.366963], [-88.427384, 42.36743], [-88.423831, 42.369436], [-88.423676, 42.369721], [-88.423615, 42.370665], [-88.413906, 42.3708], [-88.413936, 42.37802], [-88.394522, 42.378105], [-88.394429, 42.353763], [-88.388228, 42.353541], [-88.380891, 42.352722], [-88.370065, 42.353082], [-88.370163, 42.379271], [-88.355498, 42.379233], [-88.355452, 42.370641], [-88.355248, 42.370628], [-88.355444, 42.356442], [-88.355262, 42.327715], [-88.367228, 42.327854], [-88.371024, 42.328127], [-88.387402, 42.328171], [-88.387395, 42.327617], [-88.413861, 42.327521], [-88.413908, 42.334732], [-88.428466, 42.334762], [-88.4285, 42.3419], [-88.443229, 42.341876], [-88.443192, 42.337859], [-88.44796, 42.337705], [-88.447986, 42.335014], [-88.448985, 42.334955], [-88.448969, 42.335682], [-88.45122, 42.335796], [-88.451405, 42.336033], [-88.451474, 42.337076], [-88.452344, 42.337165], [-88.452386, 42.335096], [-88.452736, 42.335096], [-88.452477, 42.334383], [-88.45226, 42.330495], [-88.45288, 42.329959], [-88.452871, 42.329086], [-88.453969, 42.329084], [-88.453971, 42.327305], [-88.4723, 42.327303]]]}}, {"type": "Feature", "properties": {"tract_fips": "17111871112"}, "geometry": {"type": "Polygon", "coordinates": [[[-88.399227, 42.221727], [-88.39839, 42.22364], [-88.398703, 42.240661], [-88.374352, 42.240831], [-88.374191, 42.233516], [-88.365622, 42.233553], [-88.364342, 42.23339], [-88.36457, 42.218611], [-88.36432, 42.204485], [-88.390473, 42.204576], [-88.391388, 42.204716], [-88.398317, 42.204805], [-88.39844, 42.217889], [-88.399227, 42.221727]]]}}, {"type": "Feature", "properties": {"tract_fips": "17111870104"}, "geometry": {"type": "Polygon", "coordinates": [[[-88.345924, 42.418046], [-88.344351, 42.42162], [-88.343931, 42.421746], [-88.340598, 42.421785], [-88.340266, 42.42197], [-88.340067, 42.430969], [-88.337719, 42.434929], [-88.337034, 42.436957], [-88.33534, 42.439809], [-88.335256, 42.47574], [-88.335149, 42.475761], [-88.335272, 42.494033], [-88.33491, 42.494618], [-88.303192, 42.494618], [-88.279549, 42.494827], [-88.272663, 42.494818], [-88.270096, 42.494677], [-88.257027, 42.494889], [-88.23789, 42.494895], [-88.23791, 42.480627], [-88.247637, 42.480557], [-88.247483, 42.444323], [-88.252639, 42.444251], [-88.257506, 42.444934], [-88.264258, 42.445489], [-88.272463, 42.442775], [-88.274657, 42.441006], [-88.276689, 42.440692], [-88.276088, 42.439646], [-88.276698, 42.438989], [-88.27677, 42.414929], [-88.340422, 42.414556], [-88.34043, 42.414173], [-88.343064, 42.414544], [-88.345538, 42.4173], [-88.345924, 42.418046]]]}}, {"type": "Feature", "properties": {"tract_fips": "17111870403"}, "geometry": {"type": "Polygon", "coordinates": [[[-88.472297, 42.364713], [-88.472111, 42.39569], [-88.471836, 42.397113], [-88.471849, 42.397869], [-88.472094, 42.398271], [-88.471914, 42.414247], [-88.355285, 42.41447], [-88.355498, 42.379233], [-88.370163, 42.379271], [-88.370065, 42.353082], [-88.380891, 42.352722], [-88.388228, 42.353541], [-88.394429, 42.353763], [-88.394522, 42.378105], [-88.413936, 42.37802], [-88.413906, 42.3708], [-88.423615, 42.370665], [-88.423676, 42.369721], [-88.423831, 42.369436], [-88.427384, 42.36743], [-88.428511, 42.366963], [-88.428526, 42.360142], [-88.435, 42.360434], [-88.44309, 42.360412], [-88.44779, 42.36015], [-88.453168, 42.360563], [-88.455219, 42.360976], [-88.460697, 42.362538], [-88.472297, 42.364713]]]}}, {"type": "Feature", "properties": {"tract_fips": "17111871502"}, "geometry": {"type": "Polygon", "coordinates": [[[-88.588952, 42.255163], [-88.588677, 42.327758], [-88.4723, 42.327303], [-88.471902, 42.261932], [-88.47191, 42.24053], [-88.422564, 42.240637], [-88.422404, 42.20934], [-88.422683, 42.199665], [-88.422231, 42.184228], [-88.422516, 42.183092], [-88.423006, 42.182247], [-88.42628, 42.178993], [-88.42703, 42.177754], [-88.427252, 42.176735], [-88.427301, 42.17378], [-88.428129, 42.168333], [-88.456516, 42.168228], [-88.456485, 42.165718], [-88.466191, 42.165695], [-88.47272, 42.166594], [-88.472038, 42.168235], [-88.471979, 42.180083], [-88.475675, 42.182446], [-88.480961, 42.188053], [-88.483226, 42.189389], [-88.491303, 42.191667], [-88.494411, 42.192257], [-88.498012, 42.192604], [-88.505905, 42.192778], [-88.508236, 42.193103], [-88.521262, 42.197529], [-88.528354, 42.19909], [-88.548999, 42.204107], [-88.550225, 42.204215], [-88.569701, 42.204101], [-88.56969, 42.215418], [-88.564908, 42.217385], [-88.563491, 42.218385], [-88.561818, 42.218609], [-88.560971, 42.219854], [-88.559962, 42.221971], [-88.56013, 42.237974], [-88.560055, 42.2404], [-88.559834, 42.240635], [-88.559784, 42.241084], [-88.559832, 42.255125], [-88.588952, 42.255163]]]}}, {"type": "Feature", "properties": {"tract_fips": "17111870106"}, "geometry": {"type": "Polygon", "coordinates": [[[-88.247483, 42.444323], [-88.247637, 42.480557], [-88.23791, 42.480627], [-88.23789, 42.494895], [-88.218855, 42.495029], [-88.218769, 42.480746], [-88.218882, 42.480745], [-88.218697, 42.473517], [-88.206974, 42.473555], [-88.210673, 42.464419], [-88.213654, 42.449763], [-88.219494, 42.450308], [-88.219532, 42.449316], [-88.219869, 42.447944], [-88.220228, 42.447318], [-88.22142, 42.44661], [-88.223257, 42.446449], [-88.224184, 42.446099], [-88.224723, 42.445548], [-88.225072, 42.444358], [-88.226226, 42.444489], [-88.227059, 42.441613], [-88.238378, 42.44438], [-88.240053, 42.444503], [-88.247483, 42.444323]]]}}, {"type": "Feature", "properties": {"tract_fips": "17111871111"}, "geometry": {"type": "Polygon", "coordinates": [[[-88.39339, 42.156253], [-88.393364, 42.182872], [-88.383701, 42.182926], [-88.383701, 42.185898], [-88.381902, 42.185954], [-88.381902, 42.186099], [-88.379285, 42.186066], [-88.378808, 42.186554], [-88.376909, 42.187277], [-88.37639, 42.188333], [-88.376407, 42.190264], [-88.37257, 42.190196], [-88.372619, 42.188637], [-88.373957, 42.188638], [-88.373919, 42.185119], [-88.371161, 42.185128], [-88.371172, 42.186365], [-88.37049, 42.185992], [-88.367762, 42.185808], [-88.367273, 42.185656], [-88.367068, 42.185998], [-88.364309, 42.185884], [-88.364079, 42.175736], [-88.369028, 42.175737], [-88.369041, 42.158772], [-88.369403, 42.154016], [-88.38898, 42.153911], [-88.39339, 42.156253]]]}}, {"type": "Feature", "properties": {"tract_fips": "17111871313"}, "geometry": {"type": "Polygon", "coordinates": [[[-88.326979, 42.226296], [-88.326091, 42.226165], [-88.292091, 42.226097], [-88.28312, 42.225173], [-88.28144, 42.225252], [-88.278314, 42.225877], [-88.277274, 42.225913], [-88.275966, 42.22558], [-88.272406, 42.223656], [-88.260477, 42.219057], [-88.276827, 42.219002], [-88.276783, 42.210073], [-88.281584, 42.210065], [-88.281586, 42.208181], [-88.286534, 42.208159], [-88.286532, 42.191687], [-88.288495, 42.192598], [-88.28984, 42.193557], [-88.326522, 42.225649], [-88.326979, 42.226296]]]}}, {"type": "Feature", "properties": {"tract_fips": "17111870907"}, "geometry": {"type": "Polygon", "coordinates": [[[-88.433283, 42.300402], [-88.432956, 42.302527], [-88.431802, 42.305566], [-88.428456, 42.305562], [-88.428485, 42.312796], [-88.412876, 42.312802], [-88.412774, 42.319643], [-88.412937, 42.319879], [-88.413688, 42.320057], [-88.413861, 42.320276], [-88.413861, 42.327521], [-88.387395, 42.327617], [-88.387402, 42.328171], [-88.371024, 42.328127], [-88.367228, 42.327854], [-88.355262, 42.327715], [-88.355162, 42.294926], [-88.36198, 42.294913], [-88.365462, 42.294423], [-88.372238, 42.293845], [-88.373669, 42.287784], [-88.373641, 42.287059], [-88.373205, 42.286271], [-88.38926, 42.29026], [-88.389229, 42.283207], [-88.388295, 42.282062], [-88.388991, 42.281258], [-88.389018, 42.280998], [-88.386674, 42.276559], [-88.386607, 42.275883], [-88.386936, 42.275098], [-88.40172, 42.277563], [-88.402998, 42.278059], [-88.405287, 42.279789], [-88.41056, 42.284359], [-88.413885, 42.288079], [-88.416817, 42.290244], [-88.419601, 42.29165], [-88.422919, 42.29289], [-88.425226, 42.29348], [-88.433215, 42.29488], [-88.433283, 42.300402]]]}}, {"type": "Feature", "properties": {"tract_fips": "17111870814"}, "geometry": {"type": "Polygon", "coordinates": [[[-88.355262, 42.327715], [-88.343254, 42.327679], [-88.295536, 42.32806], [-88.302159, 42.320708], [-88.314356, 42.309046], [-88.315058, 42.308202], [-88.31573, 42.306979], [-88.316155, 42.305095], [-88.316116, 42.296983], [-88.316273, 42.296116], [-88.316639, 42.295277], [-88.31731, 42.294376], [-88.320235, 42.292013], [-88.320699, 42.291263], [-88.320951, 42.290398], [-88.320789, 42.265545], [-88.321752, 42.265504], [-88.322773, 42.265122], [-88.324755, 42.265084], [-88.32479, 42.265541], [-88.325089, 42.265989], [-88.326772, 42.26684], [-88.326505, 42.26759], [-88.326528, 42.268749], [-88.326626, 42.269016], [-88.326946, 42.269232], [-88.329554, 42.269427], [-88.330724, 42.269201], [-88.333368, 42.269164], [-88.333525, 42.269077], [-88.333509, 42.268338], [-88.332992, 42.267675], [-88.33239, 42.266124], [-88.333364, 42.26586], [-88.33326, 42.262597], [-88.335458, 42.262542], [-88.344371, 42.268246], [-88.355237, 42.268015], [-88.355107, 42.281512], [-88.355262, 42.327715]]]}}, {"type": "Feature", "properties": {"tract_fips": "17111870501"}, "geometry": {"type": "Polygon", "coordinates": [[[-88.355443, 42.35658], [-88.345421, 42.356575], [-88.345269, 42.385548], [-88.340385, 42.385574], [-88.340389, 42.390227], [-88.337886, 42.390227], [-88.337871, 42.397474], [-88.34039, 42.39746], [-88.340412, 42.401483], [-88.336021, 42.401517], [-88.336017, 42.403175], [-88.334481, 42.404845], [-88.325649, 42.40035], [-88.31026, 42.394843], [-88.300015, 42.392825], [-88.297262, 42.392066], [-88.303255, 42.380229], [-88.304065, 42.379063], [-88.306166, 42.376666], [-88.306464, 42.350098], [-88.307125, 42.349544], [-88.311735, 42.347549], [-88.315288, 42.347345], [-88.31591, 42.347043], [-88.31621, 42.346603], [-88.316148, 42.339116], [-88.316363, 42.327902], [-88.355262, 42.327715], [-88.355443, 42.35658]]]}}, {"type": "Feature", "properties": {"tract_fips": "17111870906"}, "geometry": {"type": "Polygon", "coordinates": [[[-88.472216, 42.298374], [-88.45421, 42.298388], [-88.452652, 42.297939], [-88.451623, 42.297954], [-88.445961, 42.296907], [-88.445182, 42.296496], [-88.442655, 42.294311], [-88.438193, 42.295314], [-88.437152, 42.295366], [-88.43378, 42.29476], [-88.43362, 42.294566], [-88.43362, 42.294145], [-88.433834, 42.29361], [-88.433667, 42.293454], [-88.433207, 42.293452], [-88.433215, 42.29488], [-88.423804, 42.293133], [-88.419601, 42.29165], [-88.416817, 42.290244], [-88.41561, 42.289441], [-88.413582, 42.287792], [-88.410307, 42.28413], [-88.404599, 42.279219], [-88.402771, 42.277936], [-88.40172, 42.277563], [-88.386936, 42.275098], [-88.386607, 42.275883], [-88.386674, 42.276559], [-88.389018, 42.280998], [-88.388991, 42.281258], [-88.388295, 42.282062], [-88.389229, 42.283207], [-88.38926, 42.29026], [-88.373205, 42.286271], [-88.373641, 42.287059], [-88.373669, 42.287784], [-88.372238, 42.293845], [-88.365462, 42.294423], [-88.36198, 42.294913], [-88.355162, 42.294926], [-88.355237, 42.268015], [-88.355116, 42.266621], [-88.355054, 42.240752], [-88.374352, 42.240831], [-88.403652, 42.240634], [-88.47191, 42.24053], [-88.471902, 42.261932], [-88.472216, 42.298374]]]}}, {"type": "Feature", "properties": {"tract_fips": "17111870103"}, "geometry": {"type": "Polygon", "coordinates": [[[-88.472044, 42.417012], [-88.471622, 42.494618], [-88.461829, 42.494798], [-88.431633, 42.494669], [-88.422241, 42.494495], [-88.421892, 42.494669], [-88.389994, 42.494516], [-88.33491, 42.494618], [-88.335272, 42.494033], [-88.335149, 42.475761], [-88.335256, 42.47574], [-88.335314, 42.440029], [-88.33542, 42.439482], [-88.337034, 42.436957], [-88.33771, 42.434946], [-88.340067, 42.430969], [-88.340266, 42.42197], [-88.340598, 42.421785], [-88.343931, 42.421746], [-88.344351, 42.42162], [-88.345887, 42.418234], [-88.345924, 42.417983], [-88.345538, 42.4173], [-88.343064, 42.414544], [-88.471914, 42.414247], [-88.472044, 42.417012]]]}}, {"type": "Feature", "properties": {"tract_fips": "17111871312"}, "geometry": {"type": "Polygon", "coordinates": [[[-88.286488, 42.190121], [-88.286534, 42.208159], [-88.281586, 42.208181], [-88.281584, 42.210065], [-88.276783, 42.210073], [-88.276827, 42.219002], [-88.260477, 42.219057], [-88.257244, 42.21759], [-88.251427, 42.214556], [-88.255328, 42.210417], [-88.259483, 42.202568], [-88.260416, 42.201476], [-88.26779, 42.194163], [-88.269674, 42.191722], [-88.270172, 42.190193], [-88.286488, 42.190121]]]}}, {"type": "Feature", "properties": {"tract_fips": "17111870502"}, "geometry": {"type": "Polygon", "coordinates": [[[-88.355452, 42.370641], [-88.355285, 42.41447], [-88.343064, 42.414544], [-88.34082, 42.414264], [-88.340024, 42.414026], [-88.338479, 42.413147], [-88.337869, 42.412525], [-88.337559, 42.411782], [-88.336581, 42.40638], [-88.336006, 42.405674], [-88.334481, 42.404845], [-88.336017, 42.403175], [-88.336021, 42.401517], [-88.340412, 42.401483], [-88.34039, 42.39746], [-88.337871, 42.397474], [-88.337865, 42.394328], [-88.337886, 42.390227], [-88.340389, 42.390227], [-88.340385, 42.385574], [-88.345269, 42.385548], [-88.345421, 42.356575], [-88.355443, 42.35658], [-88.355248, 42.370628], [-88.355452, 42.370641]]]}}, {"type": "Feature", "properties": {"tract_fips": "17089853402"}, "geometry": {"type": "Polygon", "coordinates": [[[-88.308778, 41.757933], [-88.306704, 41.760232], [-88.305971, 41.762016], [-88.304689, 41.763473], [-88.303954, 41.763365], [-88.303767, 41.764224], [-88.303273, 41.764446], [-88.302313, 41.764339], [-88.30207, 41.765493], [-88.300202, 41.76611], [-88.295519, 41.76714], [-88.29543, 41.764005], [-88.296774, 41.763982], [-88.296653, 41.758424], [-88.295279, 41.758332], [-88.295891, 41.754466], [-88.304692, 41.755843], [-88.308778, 41.757933]]]}}, {"type": "Feature", "properties": {"tract_fips": "17111871114"}, "geometry": {"type": "Polygon", "coordinates": [[[-88.428123, 42.168397], [-88.427301, 42.17378], [-88.427254, 42.17553], [-88.403066, 42.175588], [-88.403101, 42.18282], [-88.393364, 42.182872], [-88.393391, 42.156148], [-88.414975, 42.166708], [-88.415803, 42.16731], [-88.41604, 42.167254], [-88.417314, 42.167825], [-88.419086, 42.168328], [-88.428123, 42.168397]]]}}, {"type": "Feature", "properties": {"tract_fips": "17111870813"}, "geometry": {"type": "Polygon", "coordinates": [[[-88.333525, 42.269077], [-88.330724, 42.269201], [-88.329554, 42.269427], [-88.326946, 42.269232], [-88.326626, 42.269016], [-88.326528, 42.268749], [-88.326505, 42.26759], [-88.326772, 42.26684], [-88.325089, 42.265989], [-88.32479, 42.265541], [-88.324755, 42.265084], [-88.322773, 42.265122], [-88.321752, 42.265504], [-88.320789, 42.265545], [-88.320951, 42.290398], [-88.320699, 42.291263], [-88.320235, 42.292013], [-88.31731, 42.294376], [-88.316639, 42.295277], [-88.316273, 42.296116], [-88.316116, 42.296983], [-88.316155, 42.305095], [-88.31573, 42.306979], [-88.315058, 42.308202], [-88.314356, 42.309046], [-88.302159, 42.320708], [-88.295536, 42.32806], [-88.274334, 42.328278], [-88.274202, 42.322222], [-88.27444, 42.320628], [-88.274893, 42.319337], [-88.277483, 42.313761], [-88.285718, 42.301331], [-88.286793, 42.298935], [-88.287048, 42.296839], [-88.286804, 42.272251], [-88.290764, 42.272245], [-88.292107, 42.272497], [-88.296549, 42.27175], [-88.296401, 42.266657], [-88.299877, 42.266564], [-88.302245, 42.266161], [-88.306593, 42.263231], [-88.308182, 42.263004], [-88.33326, 42.262597], [-88.333364, 42.26586], [-88.33239, 42.266124], [-88.332992, 42.267675], [-88.333496, 42.268298], [-88.333525, 42.269077]]]}}, {"type": "Feature", "properties": {"tract_fips": "17111871110"}, "geometry": {"type": "Polygon", "coordinates": [[[-88.427254, 42.17553], [-88.4272, 42.177126], [-88.42677, 42.178313], [-88.426186, 42.179095], [-88.423132, 42.182083], [-88.422516, 42.183092], [-88.422261, 42.183973], [-88.422683, 42.199665], [-88.422498, 42.204467], [-88.412778, 42.20442], [-88.41276, 42.199039], [-88.41132, 42.199138], [-88.408299, 42.200549], [-88.405525, 42.201116], [-88.405465, 42.200863], [-88.406024, 42.200375], [-88.405678, 42.199105], [-88.406169, 42.198388], [-88.406175, 42.198098], [-88.405482, 42.197576], [-88.404857, 42.195612], [-88.403991, 42.195173], [-88.403113, 42.195122], [-88.403066, 42.175588], [-88.427254, 42.17553]]]}}, {"type": "Feature", "properties": {"tract_fips": "17089853100"}, "geometry": {"type": "Polygon", "coordinates": [[[-88.349754, 41.770173], [-88.330058, 41.770479], [-88.330024, 41.766514], [-88.330595, 41.762892], [-88.331035, 41.761544], [-88.349661, 41.763154], [-88.349754, 41.770173]]]}}, {"type": "Feature", "properties": {"tract_fips": "17089853200"}, "geometry": {"type": "Polygon", "coordinates": [[[-88.331035, 41.761544], [-88.330595, 41.762892], [-88.330024, 41.766514], [-88.330058, 41.770479], [-88.309803, 41.770764], [-88.310057, 41.766036], [-88.312078, 41.760438], [-88.312494, 41.759816], [-88.31362, 41.760342], [-88.314352, 41.7596], [-88.315583, 41.760147], [-88.315167, 41.760666], [-88.316603, 41.761352], [-88.317367, 41.760529], [-88.319475, 41.761535], [-88.320208, 41.760552], [-88.331035, 41.761544]]]}}, {"type": "Feature", "properties": {"tract_fips": "17089854505"}, "geometry": {"type": "Polygon", "coordinates": [[[-88.414685, 41.844664], [-88.414383, 41.882185], [-88.409478, 41.882279], [-88.409385, 41.886533], [-88.375248, 41.883902], [-88.375771, 41.845726], [-88.400853, 41.847026], [-88.406128, 41.846235], [-88.414685, 41.844664]]]}}, {"type": "Feature", "properties": {"tract_fips": "17089854509"}, "geometry": {"type": "Polygon", "coordinates": [[[-88.489188, 41.721128], [-88.488889, 41.734294], [-88.489111, 41.763648], [-88.487069, 41.763543], [-88.46304, 41.765192], [-88.427943, 41.765603], [-88.425522, 41.765771], [-88.422227, 41.766468], [-88.420621, 41.766997], [-88.417832, 41.768312], [-88.415352, 41.770211], [-88.413865, 41.771843], [-88.412781, 41.77356], [-88.412301, 41.774626], [-88.407568, 41.788466], [-88.406807, 41.789854], [-88.406158, 41.790675], [-88.404434, 41.79222], [-88.403352, 41.792924], [-88.402063, 41.793569], [-88.396611, 41.795589], [-88.395564, 41.795838], [-88.393684, 41.795223], [-88.391283, 41.794867], [-88.375416, 41.795027], [-88.375479, 41.780917], [-88.375736, 41.777081], [-88.375701, 41.765281], [-88.386475, 41.766005], [-88.391211, 41.766532], [-88.392405, 41.758745], [-88.391588, 41.757047], [-88.390905, 41.75151], [-88.392073, 41.751489], [-88.391881, 41.750043], [-88.389058, 41.746357], [-88.38729, 41.74294], [-88.386476, 41.742125], [-88.385263, 41.74022], [-88.387981, 41.739422], [-88.396593, 41.737681], [-88.414312, 41.733347], [-88.420875, 41.731609], [-88.423971, 41.730593], [-88.42403, 41.72202], [-88.489188, 41.721128]]]}}, {"type": "Feature", "properties": {"tract_fips": "17089854508"}, "geometry": {"type": "Polygon", "coordinates": [[[-88.42403, 41.72202], [-88.423971, 41.730593], [-88.420875, 41.731609], [-88.396593, 41.737681], [-88.387981, 41.739422], [-88.385263, 41.74022], [-88.386476, 41.742125], [-88.38729, 41.74294], [-88.389058, 41.746357], [-88.391881, 41.750043], [-88.392073, 41.751489], [-88.390905, 41.75151], [-88.391588, 41.757047], [-88.392405, 41.758745], [-88.391211, 41.766532], [-88.386475, 41.766005], [-88.375701, 41.765281], [-88.375595, 41.757829], [-88.376214, 41.756231], [-88.376323, 41.755425], [-88.376267, 41.754673], [-88.375737, 41.75287], [-88.375688, 41.744395], [-88.37553, 41.743675], [-88.375443, 41.74116], [-88.37532, 41.72261], [-88.42403, 41.72202]]]}}, {"type": "Feature", "properties": {"tract_fips": "17089852104"}, "geometry": {"type": "Polygon", "coordinates": [[[-88.317281, 41.985452], [-88.299431, 41.985732], [-88.297582, 41.986027], [-88.296866, 41.981909], [-88.297598, 41.977694], [-88.298662, 41.975904], [-88.300328, 41.974818], [-88.303905, 41.974015], [-88.306296, 41.973936], [-88.309021, 41.974859], [-88.311426, 41.975395], [-88.315507, 41.97595], [-88.317056, 41.982085], [-88.317281, 41.985452]]]}}, {"type": "Feature", "properties": {"tract_fips": "17089852406"}, "geometry": {"type": "Polygon", "coordinates": [[[-88.477832, 41.948735], [-88.477872, 41.982765], [-88.438197, 41.983444], [-88.413643, 41.983697], [-88.405137, 41.984003], [-88.375788, 41.984557], [-88.375825, 41.967489], [-88.376438, 41.967371], [-88.386439, 41.96823], [-88.38749, 41.968376], [-88.394701, 41.970544], [-88.404943, 41.971516], [-88.404752, 41.969012], [-88.404053, 41.967085], [-88.40402, 41.965871], [-88.407672, 41.956915], [-88.408408, 41.953942], [-88.408623, 41.953576], [-88.408899, 41.953461], [-88.413355, 41.956323], [-88.420941, 41.954561], [-88.438493, 41.954274], [-88.439012, 41.954161], [-88.443647, 41.951931], [-88.453431, 41.949286], [-88.464515, 41.949649], [-88.47749, 41.948641], [-88.477832, 41.948735]]]}}, {"type": "Feature", "properties": {"tract_fips": "17089854402"}, "geometry": {"type": "Polygon", "coordinates": [[[-88.281495, 41.756318], [-88.274545, 41.757967], [-88.267869, 41.760071], [-88.266371, 41.760305], [-88.26212, 41.760446], [-88.261937, 41.7376], [-88.264934, 41.736895], [-88.265144, 41.736422], [-88.266457, 41.736537], [-88.272175, 41.735154], [-88.273655, 41.738553], [-88.27367, 41.740087], [-88.273471, 41.740539], [-88.281379, 41.740528], [-88.281495, 41.756318]]]}}, {"type": "Feature", "properties": {"tract_fips": "17089853601"}, "geometry": {"type": "Polygon", "coordinates": [[[-88.312662, 41.753781], [-88.308778, 41.757933], [-88.304692, 41.755843], [-88.301267, 41.755267], [-88.301664, 41.753026], [-88.301957, 41.749509], [-88.310942, 41.750134], [-88.310664, 41.752096], [-88.310233, 41.752586], [-88.312662, 41.753781]]]}}, {"type": "Feature", "properties": {"tract_fips": "17089852004"}, "geometry": {"type": "Polygon", "coordinates": [[[-88.285655, 41.920705], [-88.284065, 41.927667], [-88.281336, 41.932665], [-88.279726, 41.936986], [-88.27856, 41.93871], [-88.275656, 41.94172], [-88.272756, 41.946739], [-88.270092, 41.950975], [-88.262706, 41.950726], [-88.262574, 41.92129], [-88.282186, 41.921201], [-88.283938, 41.921141], [-88.285655, 41.920705]]]}}, {"type": "Feature", "properties": {"tract_fips": "17089853602"}, "geometry": {"type": "Polygon", "coordinates": [[[-88.301957, 41.749509], [-88.301664, 41.753026], [-88.301267, 41.755267], [-88.294241, 41.75426], [-88.294288, 41.753259], [-88.281495, 41.756318], [-88.28143, 41.750944], [-88.289042, 41.751706], [-88.288231, 41.750673], [-88.291136, 41.75097], [-88.291137, 41.748981], [-88.301957, 41.749509]]]}}, {"type": "Feature", "properties": {"tract_fips": "17089850708"}, "geometry": {"type": "Polygon", "coordinates": [[[-88.37954, 42.07913], [-88.379212, 42.088953], [-88.374015, 42.088906], [-88.373956, 42.089164], [-88.372617, 42.090289], [-88.372086, 42.090368], [-88.37017, 42.090254], [-88.367816, 42.089378], [-88.367548, 42.088843], [-88.365299, 42.088915], [-88.359636, 42.080049], [-88.358969, 42.078748], [-88.358625, 42.07749], [-88.356785, 42.066825], [-88.374282, 42.067024], [-88.376076, 42.066918], [-88.374938, 42.068222], [-88.374506, 42.069208], [-88.37449, 42.07757], [-88.37954, 42.07913]]]}}, {"type": "Feature", "properties": {"tract_fips": "17089850710"}, "geometry": {"type": "Polygon", "coordinates": [[[-88.456772, 42.088607], [-88.428484, 42.088697], [-88.428307, 42.087909], [-88.427855, 42.087443], [-88.425336, 42.086531], [-88.422961, 42.085051], [-88.42046, 42.082725], [-88.417954, 42.080063], [-88.417488, 42.079212], [-88.416855, 42.075736], [-88.414854, 42.070236], [-88.411466, 42.065966], [-88.412589, 42.066124], [-88.42621, 42.063153], [-88.427113, 42.063201], [-88.427755, 42.063444], [-88.433058, 42.066466], [-88.435324, 42.068798], [-88.437358, 42.070146], [-88.445873, 42.076967], [-88.455607, 42.081846], [-88.455429, 42.082289], [-88.455536, 42.082937], [-88.456772, 42.088607]]]}}, {"type": "Feature", "properties": {"tract_fips": "17089851911"}, "geometry": {"type": "Polygon", "coordinates": [[[-88.376536, 42.033263], [-88.376224, 42.043349], [-88.373371, 42.042808], [-88.360257, 42.038234], [-88.346452, 42.034858], [-88.338762, 42.032426], [-88.338128, 42.032204], [-88.338064, 42.030227], [-88.339, 42.025159], [-88.339791, 42.025178], [-88.340667, 42.024593], [-88.341921, 42.024206], [-88.343434, 42.023255], [-88.34633, 42.022766], [-88.34823, 42.021451], [-88.352487, 42.021289], [-88.353692, 42.021055], [-88.360641, 42.020945], [-88.361021, 42.020678], [-88.361287, 42.020868], [-88.361748, 42.020833], [-88.364337, 42.021437], [-88.376245, 42.021413], [-88.376248, 42.028802], [-88.376536, 42.033263]]]}}, {"type": "Feature", "properties": {"tract_fips": "17089850706"}, "geometry": {"type": "Polygon", "coordinates": [[[-88.588657, 42.15359], [-88.481781, 42.153754], [-88.481747, 42.147857], [-88.477047, 42.147887], [-88.476695, 42.148401], [-88.476169, 42.14874], [-88.470947, 42.150343], [-88.469341, 42.150493], [-88.467392, 42.150237], [-88.467033, 42.147068], [-88.467916, 42.144936], [-88.467839, 42.144573], [-88.467006, 42.143215], [-88.466842, 42.142534], [-88.466896, 42.135316], [-88.466991, 42.134964], [-88.468456, 42.132951], [-88.481661, 42.136259], [-88.481542, 42.123392], [-88.479849, 42.12299], [-88.481678, 42.122604], [-88.48155, 42.120826], [-88.481493, 42.099478], [-88.485505, 42.103029], [-88.487642, 42.105353], [-88.488661, 42.105991], [-88.490388, 42.106461], [-88.497129, 42.106541], [-88.503815, 42.106188], [-88.510451, 42.106446], [-88.554157, 42.106456], [-88.554796, 42.10655], [-88.555553, 42.106904], [-88.558251, 42.109461], [-88.558779, 42.109793], [-88.559673, 42.110058], [-88.588344, 42.110025], [-88.588657, 42.15359]]]}}, {"type": "Feature", "properties": {"tract_fips": "17089850707"}, "geometry": {"type": "Polygon", "coordinates": [[[-88.456999, 42.090521], [-88.456683, 42.091518], [-88.455196, 42.093492], [-88.454626, 42.094694], [-88.454501, 42.095833], [-88.45469, 42.103403], [-88.454363, 42.104439], [-88.453676, 42.10542], [-88.452277, 42.106501], [-88.43501, 42.116861], [-88.433659, 42.118123], [-88.432943, 42.119371], [-88.432671, 42.120946], [-88.4327, 42.153052], [-88.432487, 42.153823], [-88.354416, 42.154], [-88.354685, 42.113528], [-88.35466, 42.095389], [-88.35486, 42.074407], [-88.355163, 42.070486], [-88.355081, 42.066825], [-88.356785, 42.066825], [-88.358625, 42.07749], [-88.358969, 42.078748], [-88.359636, 42.080049], [-88.365299, 42.088915], [-88.367548, 42.088843], [-88.367816, 42.089378], [-88.37017, 42.090254], [-88.372492, 42.090354], [-88.373956, 42.089164], [-88.374015, 42.088906], [-88.379212, 42.088953], [-88.37954, 42.07913], [-88.37449, 42.07757], [-88.374506, 42.069208], [-88.374938, 42.068222], [-88.376216, 42.066748], [-88.376612, 42.065969], [-88.376506, 42.060229], [-88.379423, 42.060965], [-88.402456, 42.065049], [-88.413122, 42.068063], [-88.414854, 42.070236], [-88.416855, 42.075736], [-88.417488, 42.079212], [-88.417954, 42.080063], [-88.42046, 42.082725], [-88.422961, 42.085051], [-88.425336, 42.086531], [-88.427855, 42.087443], [-88.428307, 42.087909], [-88.428484, 42.088697], [-88.456772, 42.088607], [-88.456999, 42.090521]]]}}, {"type": "Feature", "properties": {"tract_fips": "17089850711"}, "geometry": {"type": "Polygon", "coordinates": [[[-88.46426, 42.066924], [-88.463808, 42.068791], [-88.463285, 42.070005], [-88.457839, 42.079256], [-88.457149, 42.08014], [-88.456249, 42.080908], [-88.455607, 42.081846], [-88.445873, 42.076967], [-88.437358, 42.070146], [-88.435324, 42.068798], [-88.433058, 42.066466], [-88.427113, 42.063201], [-88.425893, 42.063208], [-88.412589, 42.066124], [-88.411466, 42.065966], [-88.413122, 42.068063], [-88.402456, 42.065049], [-88.379423, 42.060965], [-88.376506, 42.060229], [-88.376206, 42.045837], [-88.376258, 42.039843], [-88.376568, 42.032448], [-88.376248, 42.028802], [-88.376219, 42.018401], [-88.375931, 42.012851], [-88.375967, 42.006439], [-88.38256, 42.006268], [-88.387683, 42.007454], [-88.390263, 42.008374], [-88.390761, 42.008325], [-88.399448, 42.012064], [-88.413858, 42.016593], [-88.416933, 42.017987], [-88.43022, 42.026421], [-88.432625, 42.027741], [-88.464207, 42.040593], [-88.46426, 42.066924]]]}}, {"type": "Feature", "properties": {"tract_fips": "17089850709"}, "geometry": {"type": "Polygon", "coordinates": [[[-88.477823, 41.98388], [-88.477587, 41.984779], [-88.477199, 41.985463], [-88.476242, 41.986425], [-88.475318, 41.986957], [-88.473666, 41.987478], [-88.468199, 41.988373], [-88.467019, 41.988719], [-88.465846, 41.989308], [-88.464492, 41.990513], [-88.46398, 41.991363], [-88.463598, 41.992523], [-88.463699, 42.007346], [-88.464158, 42.021417], [-88.464207, 42.040593], [-88.432625, 42.027741], [-88.43022, 42.026421], [-88.416933, 42.017987], [-88.413858, 42.016593], [-88.399448, 42.012064], [-88.390761, 42.008325], [-88.390263, 42.008374], [-88.387683, 42.007454], [-88.38256, 42.006268], [-88.375967, 42.006439], [-88.375788, 41.984557], [-88.405137, 41.984003], [-88.413643, 41.983697], [-88.438197, 41.983444], [-88.477872, 41.982765], [-88.477823, 41.98388]]]}}, {"type": "Feature", "properties": {"tract_fips": "17089852405"}, "geometry": {"type": "Polygon", "coordinates": [[[-88.479662, 41.943985], [-88.479492, 41.944901], [-88.477832, 41.948735], [-88.47749, 41.948641], [-88.464515, 41.949649], [-88.453431, 41.949286], [-88.443647, 41.951931], [-88.439012, 41.954161], [-88.438493, 41.954274], [-88.420941, 41.954561], [-88.413355, 41.956323], [-88.408899, 41.953461], [-88.408273, 41.950445], [-88.407926, 41.949843], [-88.407065, 41.949043], [-88.411332, 41.947646], [-88.41172, 41.947469], [-88.411764, 41.947177], [-88.408975, 41.941784], [-88.408515, 41.941292], [-88.407788, 41.940908], [-88.404812, 41.93997], [-88.404662, 41.938011], [-88.417553, 41.936381], [-88.419293, 41.935946], [-88.426437, 41.933369], [-88.429568, 41.932816], [-88.433259, 41.932768], [-88.435126, 41.933032], [-88.448029, 41.935874], [-88.461239, 41.939297], [-88.463014, 41.939496], [-88.476725, 41.939205], [-88.478258, 41.939386], [-88.479617, 41.939867], [-88.479662, 41.943985]]]}}, {"type": "Feature", "properties": {"tract_fips": "17089852408"}, "geometry": {"type": "Polygon", "coordinates": [[[-88.479617, 41.939867], [-88.478258, 41.939386], [-88.476725, 41.939205], [-88.463014, 41.939496], [-88.461239, 41.939297], [-88.446762, 41.935579], [-88.434646, 41.932938], [-88.432128, 41.932725], [-88.428959, 41.932876], [-88.426437, 41.933369], [-88.419293, 41.935946], [-88.417553, 41.936381], [-88.404662, 41.938011], [-88.404596, 41.934288], [-88.403774, 41.934154], [-88.403214, 41.933648], [-88.404063, 41.933055], [-88.404564, 41.932105], [-88.404485, 41.926535], [-88.405029, 41.923472], [-88.404496, 41.919685], [-88.40446, 41.915831], [-88.404803, 41.914587], [-88.408534, 41.908323], [-88.408932, 41.906665], [-88.404781, 41.906409], [-88.384419, 41.904415], [-88.385492, 41.896932], [-88.442861, 41.896162], [-88.472398, 41.89593], [-88.472304, 41.900543], [-88.472424, 41.914962], [-88.473041, 41.916998], [-88.477701, 41.924522], [-88.47869, 41.926922], [-88.479282, 41.931939], [-88.479617, 41.939867]]]}}, {"type": "Feature", "properties": {"tract_fips": "17089854507"}, "geometry": {"type": "Polygon", "coordinates": [[[-88.488801, 41.850238], [-88.488648, 41.852032], [-88.488952, 41.860263], [-88.488351, 41.895617], [-88.473579, 41.895926], [-88.442861, 41.896162], [-88.375021, 41.897048], [-88.375248, 41.883902], [-88.409385, 41.886533], [-88.409478, 41.882279], [-88.414383, 41.882185], [-88.414685, 41.844664], [-88.418521, 41.844097], [-88.446441, 41.843955], [-88.446474, 41.84492], [-88.446696, 41.845558], [-88.448303, 41.847362], [-88.448666, 41.848203], [-88.448214, 41.850033], [-88.447217, 41.852886], [-88.446844, 41.855109], [-88.447414, 41.857308], [-88.453402, 41.855961], [-88.458099, 41.854062], [-88.462278, 41.852752], [-88.463221, 41.852645], [-88.464322, 41.852868], [-88.467932, 41.844477], [-88.46817, 41.843519], [-88.468168, 41.842602], [-88.46793, 41.841391], [-88.485268, 41.841281], [-88.488974, 41.840958], [-88.488801, 41.850238]]]}}, {"type": "Feature", "properties": {"tract_fips": "17089851913"}, "geometry": {"type": "Polygon", "coordinates": [[[-88.376245, 42.021413], [-88.364337, 42.021437], [-88.361748, 42.020833], [-88.361287, 42.020868], [-88.361021, 42.020678], [-88.360641, 42.020945], [-88.353692, 42.021055], [-88.352487, 42.021289], [-88.348495, 42.021393], [-88.347725, 42.021679], [-88.34633, 42.022766], [-88.343434, 42.023255], [-88.341921, 42.024206], [-88.340667, 42.024593], [-88.339791, 42.025178], [-88.339, 42.025159], [-88.339402, 42.022615], [-88.339151, 42.021373], [-88.338898, 42.020825], [-88.336787, 42.017917], [-88.336397, 42.016824], [-88.336191, 42.007028], [-88.375967, 42.006439], [-88.375931, 42.012851], [-88.376074, 42.013919], [-88.376245, 42.021413]]]}}, {"type": "Feature", "properties": {"tract_fips": "17089851912"}, "geometry": {"type": "Polygon", "coordinates": [[[-88.375967, 42.006439], [-88.336191, 42.007028], [-88.336048, 41.998581], [-88.336712, 41.996976], [-88.339416, 41.99474], [-88.340239, 41.993728], [-88.340675, 41.992734], [-88.340784, 41.992228], [-88.340729, 41.985153], [-88.358851, 41.984877], [-88.360934, 41.984972], [-88.366807, 41.984696], [-88.375788, 41.984557], [-88.375967, 42.006439]]]}}, {"type": "Feature", "properties": {"tract_fips": "17089854403"}, "geometry": {"type": "Polygon", "coordinates": [[[-88.289042, 41.751706], [-88.28143, 41.750944], [-88.281379, 41.740528], [-88.273471, 41.740539], [-88.27367, 41.740087], [-88.273655, 41.738553], [-88.272175, 41.735154], [-88.266457, 41.736537], [-88.265144, 41.736422], [-88.264934, 41.736895], [-88.261937, 41.7376], [-88.261952, 41.724652], [-88.275193, 41.724412], [-88.275315, 41.724569], [-88.278076, 41.724533], [-88.278603, 41.724403], [-88.279766, 41.726455], [-88.28273, 41.73266], [-88.28542, 41.732387], [-88.287816, 41.73786], [-88.288047, 41.739557], [-88.288231, 41.750673], [-88.289042, 41.751706]]]}}, {"type": "Feature", "properties": {"tract_fips": "17091011500"}, "geometry": {"type": "Polygon", "coordinates": [[[-87.849953, 41.131067], [-87.849743, 41.131609], [-87.849856, 41.133429], [-87.839052, 41.133532], [-87.836307, 41.133263], [-87.835264, 41.108165], [-87.836741, 41.109593], [-87.845303, 41.116239], [-87.848935, 41.116547], [-87.848951, 41.118895], [-87.849713, 41.118899], [-87.849953, 41.131067]]]}}, {"type": "Feature", "properties": {"tract_fips": "17089852903"}, "geometry": {"type": "Polygon", "coordinates": [[[-88.282335, 41.769165], [-88.28239, 41.770709], [-88.281715, 41.772113], [-88.281685, 41.772655], [-88.282143, 41.802086], [-88.282065, 41.805208], [-88.281708, 41.806596], [-88.279886, 41.80995], [-88.279593, 41.81108], [-88.27958, 41.811801], [-88.26279, 41.812132], [-88.262272, 41.772095], [-88.277795, 41.769685], [-88.277186, 41.769893], [-88.282335, 41.769165]]]}}, {"type": "Feature", "properties": {"tract_fips": "17089852905"}, "geometry": {"type": "Polygon", "coordinates": [[[-88.330518, 41.795661], [-88.320845, 41.796263], [-88.31889, 41.790927], [-88.317557, 41.788855], [-88.316476, 41.785442], [-88.313785, 41.78153], [-88.312835, 41.779567], [-88.312447, 41.779119], [-88.3114, 41.778423], [-88.309746, 41.775669], [-88.309502, 41.773381], [-88.309803, 41.770764], [-88.330058, 41.770479], [-88.330518, 41.795661]]]}}, {"type": "Feature", "properties": {"tract_fips": "17089853001"}, "geometry": {"type": "Polygon", "coordinates": [[[-88.376107, 41.809888], [-88.355239, 41.810306], [-88.34938, 41.810257], [-88.350238, 41.806709], [-88.350427, 41.804449], [-88.349797, 41.799002], [-88.34979, 41.781109], [-88.375479, 41.780917], [-88.375391, 41.797344], [-88.375839, 41.801975], [-88.376107, 41.809888]]]}}, {"type": "Feature", "properties": {"tract_fips": "17089852204"}, "geometry": {"type": "Polygon", "coordinates": [[[-88.389604, 41.910896], [-88.388277, 41.910929], [-88.388296, 41.911498], [-88.379996, 41.91163], [-88.379997, 41.914349], [-88.376345, 41.914201], [-88.375721, 41.917843], [-88.374787, 41.917873], [-88.375382, 41.926285], [-88.37544, 41.930838], [-88.364559, 41.925043], [-88.362951, 41.924335], [-88.363039, 41.924226], [-88.357489, 41.921819], [-88.357596, 41.920107], [-88.357829, 41.919544], [-88.35968, 41.917623], [-88.360111, 41.916932], [-88.360162, 41.913542], [-88.350587, 41.913178], [-88.349301, 41.913312], [-88.347828, 41.913004], [-88.339991, 41.912634], [-88.339894, 41.902236], [-88.340391, 41.897722], [-88.385492, 41.896932], [-88.384419, 41.904415], [-88.389535, 41.904896], [-88.389604, 41.910896]]]}}, {"type": "Feature", "properties": {"tract_fips": "17089854401"}, "geometry": {"type": "Polygon", "coordinates": [[[-88.320189, 41.732689], [-88.313249, 41.732734], [-88.29829, 41.733195], [-88.298284, 41.731455], [-88.291031, 41.731941], [-88.291028, 41.732231], [-88.290844, 41.732231], [-88.290843, 41.731956], [-88.28273, 41.73266], [-88.279766, 41.726455], [-88.278603, 41.724403], [-88.319495, 41.723605], [-88.319541, 41.727938], [-88.320173, 41.730095], [-88.320189, 41.732689]]]}}, {"type": "Feature", "properties": {"tract_fips": "17091012000"}, "geometry": {"type": "Polygon", "coordinates": [[[-87.89489, 41.169871], [-87.875413, 41.170001], [-87.875311, 41.162603], [-87.866285, 41.162608], [-87.866296, 41.161831], [-87.865714, 41.160958], [-87.865711, 41.159472], [-87.866376, 41.159465], [-87.866428, 41.158548], [-87.866177, 41.158248], [-87.866198, 41.155141], [-87.86639, 41.153748], [-87.866009, 41.148003], [-87.875434, 41.148007], [-87.875517, 41.149382], [-87.875909, 41.151207], [-87.876444, 41.152239], [-87.878095, 41.154553], [-87.878291, 41.155265], [-87.879434, 41.155418], [-87.889921, 41.161154], [-87.894821, 41.163202], [-87.89489, 41.169871]]]}}, {"type": "Feature", "properties": {"tract_fips": "17089853401"}, "geometry": {"type": "Polygon", "coordinates": [[[-88.296774, 41.763982], [-88.29543, 41.764005], [-88.295519, 41.76714], [-88.291332, 41.76783], [-88.291397, 41.764004], [-88.291165, 41.754011], [-88.294288, 41.753259], [-88.294241, 41.75426], [-88.295891, 41.754466], [-88.295279, 41.758332], [-88.296653, 41.758424], [-88.296774, 41.763982]]]}}, {"type": "Feature", "properties": {"tract_fips": "17089850704"}, "geometry": {"type": "Polygon", "coordinates": [[[-88.481781, 42.153754], [-88.449243, 42.153924], [-88.440315, 42.153872], [-88.439627, 42.153746], [-88.432487, 42.153823], [-88.4327, 42.153052], [-88.432681, 42.122062], [-88.438695, 42.124991], [-88.441972, 42.126316], [-88.468456, 42.132951], [-88.466991, 42.134964], [-88.466896, 42.135316], [-88.466842, 42.142534], [-88.467006, 42.143215], [-88.467839, 42.144573], [-88.467916, 42.144936], [-88.467033, 42.147068], [-88.467392, 42.150237], [-88.469341, 42.150493], [-88.470947, 42.150343], [-88.476169, 42.14874], [-88.476695, 42.148401], [-88.477047, 42.147887], [-88.481747, 42.147857], [-88.481781, 42.153754]]]}}, {"type": "Feature", "properties": {"tract_fips": "17089852404"}, "geometry": {"type": "Polygon", "coordinates": [[[-88.41172, 41.947469], [-88.407065, 41.949043], [-88.407926, 41.949843], [-88.408273, 41.950445], [-88.408899, 41.953461], [-88.408623, 41.953576], [-88.408408, 41.953942], [-88.407672, 41.956915], [-88.40402, 41.965871], [-88.404053, 41.967085], [-88.404752, 41.969012], [-88.404943, 41.971516], [-88.394701, 41.970544], [-88.38749, 41.968376], [-88.386439, 41.96823], [-88.376438, 41.967371], [-88.375825, 41.967489], [-88.375853, 41.960059], [-88.375596, 41.953892], [-88.375607, 41.945951], [-88.375459, 41.941881], [-88.375573, 41.937468], [-88.375369, 41.935389], [-88.37544, 41.930838], [-88.38134, 41.93311], [-88.381962, 41.932518], [-88.384194, 41.933607], [-88.385374, 41.934009], [-88.399737, 41.938009], [-88.40207, 41.938279], [-88.404662, 41.938011], [-88.404812, 41.93997], [-88.407788, 41.940908], [-88.408515, 41.941292], [-88.408975, 41.941784], [-88.411242, 41.945984], [-88.411764, 41.947177], [-88.41172, 41.947469]]]}}, {"type": "Feature", "properties": {"tract_fips": "17089852407"}, "geometry": {"type": "Polygon", "coordinates": [[[-88.408932, 41.906665], [-88.408534, 41.908323], [-88.404803, 41.914587], [-88.40446, 41.915831], [-88.404496, 41.919685], [-88.405029, 41.923472], [-88.404485, 41.926535], [-88.404564, 41.932105], [-88.404063, 41.933055], [-88.403214, 41.933648], [-88.403774, 41.934154], [-88.404596, 41.934288], [-88.404662, 41.938011], [-88.40207, 41.938279], [-88.399737, 41.938009], [-88.385374, 41.934009], [-88.384194, 41.933607], [-88.381962, 41.932518], [-88.38134, 41.93311], [-88.37544, 41.930838], [-88.375382, 41.926285], [-88.374787, 41.917873], [-88.375721, 41.917843], [-88.376345, 41.914201], [-88.379997, 41.914349], [-88.379996, 41.91163], [-88.388296, 41.911498], [-88.388277, 41.910929], [-88.389604, 41.910896], [-88.389535, 41.904896], [-88.404781, 41.906409], [-88.408932, 41.906665]]]}}, {"type": "Feature", "properties": {"tract_fips": "17089852103"}, "geometry": {"type": "Polygon", "coordinates": [[[-88.341322, 41.933492], [-88.341228, 41.937038], [-88.340278, 41.940773], [-88.3404, 41.948605], [-88.341126, 41.956968], [-88.34055, 41.960809], [-88.340729, 41.985153], [-88.331604, 41.98528], [-88.331153, 41.985516], [-88.331033, 41.98585], [-88.329998, 41.985705], [-88.323988, 41.985806], [-88.317281, 41.985452], [-88.317056, 41.982085], [-88.315507, 41.97595], [-88.311426, 41.975395], [-88.309021, 41.974859], [-88.30665, 41.974026], [-88.30558, 41.97388], [-88.303329, 41.974094], [-88.300742, 41.974692], [-88.298662, 41.975904], [-88.297598, 41.977694], [-88.296866, 41.981909], [-88.297582, 41.986027], [-88.296459, 41.985766], [-88.295477, 41.985927], [-88.295131, 41.985702], [-88.294763, 41.985742], [-88.294956, 41.983849], [-88.294701, 41.983676], [-88.294728, 41.983298], [-88.293996, 41.9821], [-88.293586, 41.980611], [-88.293765, 41.978234], [-88.293509, 41.974209], [-88.294039, 41.972689], [-88.295569, 41.970238], [-88.298843, 41.969603], [-88.301744, 41.969274], [-88.30576, 41.969329], [-88.307184, 41.969429], [-88.312023, 41.971454], [-88.314824, 41.972952], [-88.315732, 41.973138], [-88.317084, 41.97316], [-88.318238, 41.972909], [-88.319252, 41.972422], [-88.319714, 41.971874], [-88.319496, 41.969762], [-88.319071, 41.968307], [-88.317055, 41.964563], [-88.314306, 41.960377], [-88.313343, 41.954741], [-88.311882, 41.942712], [-88.312238, 41.941213], [-88.314703, 41.937537], [-88.316419, 41.934076], [-88.317677, 41.927283], [-88.319757, 41.924767], [-88.319523, 41.923716], [-88.317529, 41.920103], [-88.315267, 41.916889], [-88.339991, 41.917192], [-88.340153, 41.929251], [-88.340252, 41.929779], [-88.341148, 41.931771], [-88.341322, 41.933492]]]}}, {"type": "Feature", "properties": {"tract_fips": "17089854506"}, "geometry": {"type": "Polygon", "coordinates": [[[-88.489386, 41.808469], [-88.488974, 41.840958], [-88.485268, 41.841281], [-88.46793, 41.841391], [-88.468168, 41.842602], [-88.46817, 41.843519], [-88.467932, 41.844477], [-88.464322, 41.852868], [-88.463221, 41.852645], [-88.462278, 41.852752], [-88.458099, 41.854062], [-88.453402, 41.855961], [-88.447414, 41.857308], [-88.446844, 41.855109], [-88.447217, 41.852886], [-88.448214, 41.850033], [-88.448666, 41.848203], [-88.448303, 41.847362], [-88.446696, 41.845558], [-88.446474, 41.84492], [-88.446441, 41.843955], [-88.417986, 41.844132], [-88.400853, 41.847026], [-88.375771, 41.845726], [-88.376032, 41.831911], [-88.376092, 41.814592], [-88.375987, 41.813773], [-88.376107, 41.809888], [-88.386416, 41.809726], [-88.388287, 41.809861], [-88.395314, 41.812052], [-88.396669, 41.812185], [-88.40151, 41.811542], [-88.405768, 41.810051], [-88.407956, 41.809609], [-88.407706, 41.808092], [-88.424961, 41.808961], [-88.428138, 41.802699], [-88.43193, 41.803906], [-88.435479, 41.805359], [-88.447701, 41.805592], [-88.466376, 41.805461], [-88.473685, 41.799773], [-88.480376, 41.807888], [-88.483443, 41.810425], [-88.488717, 41.808475], [-88.489386, 41.808469]]]}}, {"type": "Feature", "properties": {"tract_fips": "17089852607"}, "geometry": {"type": "Polygon", "coordinates": [[[-88.340402, 41.883099], [-88.340391, 41.897722], [-88.33185, 41.897976], [-88.33096, 41.897288], [-88.329997, 41.896244], [-88.327926, 41.893459], [-88.327187, 41.892751], [-88.3251, 41.891431], [-88.325064, 41.893397], [-88.321396, 41.893378], [-88.321375, 41.894491], [-88.318621, 41.894438], [-88.31861, 41.894759], [-88.316234, 41.894706], [-88.316533, 41.889067], [-88.315862, 41.888956], [-88.316058, 41.887878], [-88.320018, 41.887664], [-88.320449, 41.887746], [-88.320821, 41.88806], [-88.33324, 41.884637], [-88.33764, 41.883198], [-88.340402, 41.883099]]]}}, {"type": "Feature", "properties": {"tract_fips": "17089852203"}, "geometry": {"type": "Polygon", "coordinates": [[[-88.360162, 41.913542], [-88.360111, 41.916932], [-88.35975, 41.917532], [-88.357829, 41.919544], [-88.357596, 41.920107], [-88.357489, 41.921819], [-88.356668, 41.921461], [-88.356576, 41.921579], [-88.348439, 41.918102], [-88.34669, 41.917583], [-88.34479, 41.917234], [-88.341893, 41.917078], [-88.341895, 41.917213], [-88.338182, 41.917204], [-88.320165, 41.91695], [-88.318093, 41.909322], [-88.324866, 41.908332], [-88.332421, 41.908169], [-88.332306, 41.90628], [-88.333293, 41.906068], [-88.333168, 41.905163], [-88.332942, 41.904771], [-88.333177, 41.90396], [-88.339915, 41.903736], [-88.339991, 41.912634], [-88.347828, 41.913004], [-88.349301, 41.913312], [-88.350587, 41.913178], [-88.360162, 41.913542]]]}}, {"type": "Feature", "properties": {"tract_fips": "17089852608"}, "geometry": {"type": "Polygon", "coordinates": [[[-88.340401, 41.881252], [-88.340402, 41.883099], [-88.33764, 41.883198], [-88.33324, 41.884637], [-88.320821, 41.88806], [-88.320449, 41.887746], [-88.320018, 41.887664], [-88.316058, 41.887878], [-88.315862, 41.888956], [-88.316533, 41.889067], [-88.316234, 41.894706], [-88.31861, 41.894759], [-88.318621, 41.894438], [-88.321375, 41.894491], [-88.321396, 41.893378], [-88.325064, 41.893397], [-88.3251, 41.891431], [-88.327187, 41.892751], [-88.327926, 41.893459], [-88.329997, 41.896244], [-88.33096, 41.897288], [-88.33185, 41.897976], [-88.321024, 41.898121], [-88.31998, 41.898275], [-88.302921, 41.898248], [-88.302324, 41.896046], [-88.301936, 41.892416], [-88.301903, 41.890539], [-88.302944, 41.887275], [-88.303851, 41.881751], [-88.307036, 41.881623], [-88.30769, 41.880953], [-88.309468, 41.880308], [-88.310858, 41.87845], [-88.316008, 41.878395], [-88.316039, 41.88058], [-88.31751, 41.880394], [-88.318655, 41.879793], [-88.319481, 41.880252], [-88.320899, 41.88036], [-88.320898, 41.881235], [-88.334539, 41.880892], [-88.340401, 41.881252]]]}}, {"type": "Feature", "properties": {"tract_fips": "17089852005"}, "geometry": {"type": "Polygon", "coordinates": [[[-88.313495, 41.921475], [-88.313283, 41.921815], [-88.313432, 41.923405], [-88.313116, 41.924152], [-88.311522, 41.923826], [-88.311521, 41.926051], [-88.311898, 41.927318], [-88.309919, 41.927347], [-88.309941, 41.928967], [-88.309482, 41.930202], [-88.308287, 41.932261], [-88.307837, 41.934201], [-88.307544, 41.937405], [-88.29646, 41.937996], [-88.292199, 41.938026], [-88.288522, 41.938597], [-88.282277, 41.938982], [-88.27856, 41.93871], [-88.279938, 41.936574], [-88.281336, 41.932665], [-88.284065, 41.927667], [-88.284714, 41.925299], [-88.285655, 41.920705], [-88.290786, 41.918846], [-88.292607, 41.918331], [-88.299244, 41.917259], [-88.301687, 41.916744], [-88.303432, 41.916117], [-88.312331, 41.916853], [-88.313213, 41.920136], [-88.313582, 41.92012], [-88.313495, 41.921475]]]}}, {"type": "Feature", "properties": {"tract_fips": "17089850705"}, "geometry": {"type": "Polygon", "coordinates": [[[-88.58833, 42.066462], [-88.588344, 42.110025], [-88.559673, 42.110058], [-88.558779, 42.109793], [-88.558251, 42.109461], [-88.555553, 42.106904], [-88.554796, 42.10655], [-88.554157, 42.106456], [-88.510451, 42.106446], [-88.503815, 42.106188], [-88.497129, 42.106541], [-88.490388, 42.106461], [-88.488661, 42.105991], [-88.487642, 42.105353], [-88.485505, 42.103029], [-88.481493, 42.099478], [-88.48155, 42.120826], [-88.481678, 42.122604], [-88.479849, 42.12299], [-88.481542, 42.123392], [-88.481661, 42.136259], [-88.442276, 42.126408], [-88.438695, 42.124991], [-88.432681, 42.122062], [-88.432694, 42.120324], [-88.432943, 42.119371], [-88.433659, 42.118123], [-88.434491, 42.117273], [-88.452923, 42.106093], [-88.453676, 42.10542], [-88.454363, 42.104439], [-88.45469, 42.103403], [-88.454726, 42.102632], [-88.454521, 42.095232], [-88.454879, 42.09403], [-88.456683, 42.091518], [-88.45703, 42.090047], [-88.455429, 42.082289], [-88.456249, 42.080908], [-88.457149, 42.08014], [-88.457839, 42.079256], [-88.463285, 42.070005], [-88.463808, 42.068791], [-88.464232, 42.066923], [-88.489783, 42.067025], [-88.530043, 42.066626], [-88.58833, 42.066462]]]}}, {"type": "Feature", "properties": {"tract_fips": "17197884003"}, "geometry": {"type": "Polygon", "coordinates": [[[-88.246054, 41.259484], [-88.246993, 41.288579], [-88.208786, 41.289351], [-88.208161, 41.27505], [-88.207988, 41.274796], [-88.207865, 41.269764], [-88.207611, 41.269255], [-88.206804, 41.268595], [-88.218334, 41.259458], [-88.220965, 41.260206], [-88.24016, 41.25983], [-88.246054, 41.259484]]]}}, {"type": "Feature", "properties": {"tract_fips": "17197880417"}, "geometry": {"type": "Polygon", "coordinates": [[[-88.200746, 41.574012], [-88.191522, 41.574104], [-88.19119, 41.573906], [-88.191071, 41.573353], [-88.18802, 41.57613], [-88.18655, 41.57816], [-88.18437, 41.58272], [-88.180683, 41.588425], [-88.187898, 41.59418], [-88.163175, 41.594516], [-88.16314, 41.59218], [-88.16337, 41.5906], [-88.164223, 41.588465], [-88.16519, 41.58705], [-88.166493, 41.585687], [-88.177496, 41.576686], [-88.17862, 41.57551], [-88.17977, 41.57392], [-88.18048, 41.5725], [-88.18114, 41.56997], [-88.181057, 41.565287], [-88.200347, 41.565115], [-88.200746, 41.574012]]]}}, {"type": "Feature", "properties": {"tract_fips": "17091011100"}, "geometry": {"type": "Polygon", "coordinates": [[[-87.771915, 41.034482], [-87.751708, 41.034754], [-87.752107, 41.063276], [-87.753006, 41.064286], [-87.753212, 41.071024], [-87.757111, 41.071008], [-87.757411, 41.078312], [-87.752631, 41.078306], [-87.675823, 41.079949], [-87.675527, 41.065336], [-87.656345, 41.065885], [-87.656055, 41.051277], [-87.656473, 41.051129], [-87.675228, 41.050823], [-87.674767, 41.007546], [-87.732253, 41.006272], [-87.771442, 41.005684], [-87.771915, 41.034482]]]}}, {"type": "Feature", "properties": {"tract_fips": "17197881201"}, "geometry": {"type": "Polygon", "coordinates": [[[-88.074974, 41.552958], [-88.024932, 41.554192], [-88.024706, 41.547261], [-88.02716, 41.54721], [-88.028439, 41.547028], [-88.03854, 41.54262], [-88.042441, 41.541628], [-88.042438, 41.546038], [-88.042862, 41.546238], [-88.043316, 41.547203], [-88.043423, 41.548116], [-88.044047, 41.548525], [-88.044759, 41.548536], [-88.045294, 41.548053], [-88.045197, 41.547265], [-88.045535, 41.546669], [-88.045104, 41.545789], [-88.045158, 41.545038], [-88.045683, 41.543762], [-88.046135, 41.543232], [-88.046756, 41.542932], [-88.04813, 41.542832], [-88.049238, 41.543212], [-88.049719, 41.543218], [-88.05024, 41.54298], [-88.050934, 41.542936], [-88.05187, 41.542383], [-88.054207, 41.542414], [-88.054523, 41.541966], [-88.054971, 41.539436], [-88.055202, 41.539785], [-88.055909, 41.540004], [-88.056924, 41.540709], [-88.057174, 41.540468], [-88.058843, 41.541758], [-88.060216, 41.542175], [-88.061316, 41.542795], [-88.074974, 41.552958]]]}}, {"type": "Feature", "properties": {"tract_fips": "17197881202"}, "geometry": {"type": "Polygon", "coordinates": [[[-88.04366, 41.54111], [-88.042441, 41.541628], [-88.03854, 41.54262], [-88.028439, 41.547028], [-88.02716, 41.54721], [-88.024706, 41.547261], [-88.024162, 41.529836], [-88.02742, 41.530752], [-88.030454, 41.531053], [-88.033371, 41.53076], [-88.036355, 41.52985], [-88.037968, 41.529993], [-88.03933, 41.529824], [-88.039396, 41.532238], [-88.035323, 41.532303], [-88.03544, 41.533458], [-88.033837, 41.533483], [-88.033857, 41.534127], [-88.034451, 41.534122], [-88.034512, 41.536832], [-88.041152, 41.536662], [-88.041193, 41.538018], [-88.04355, 41.53795], [-88.04366, 41.54111]]]}}, {"type": "Feature", "properties": {"tract_fips": "17089854100"}, "geometry": {"type": "Polygon", "coordinates": [[[-88.331541, 41.737906], [-88.329834, 41.741231], [-88.328782, 41.742855], [-88.327577, 41.744226], [-88.326522, 41.748287], [-88.326475, 41.749831], [-88.325476, 41.751204], [-88.324157, 41.752295], [-88.318775, 41.755703], [-88.314739, 41.753529], [-88.313945, 41.754444], [-88.312662, 41.753781], [-88.315872, 41.750429], [-88.320592, 41.744859], [-88.320968, 41.744611], [-88.323013, 41.742313], [-88.321563, 41.739972], [-88.32084, 41.738163], [-88.310469, 41.737421], [-88.310452, 41.732871], [-88.322587, 41.732686], [-88.322654, 41.736637], [-88.327315, 41.736446], [-88.32662, 41.738123], [-88.331541, 41.737906]]]}}, {"type": "Feature", "properties": {"tract_fips": "17111870811"}, "geometry": {"type": "Polygon", "coordinates": [[[-88.253881, 42.317557], [-88.253508, 42.318738], [-88.252405, 42.320873], [-88.252235, 42.322832], [-88.251808, 42.323401], [-88.251717, 42.323824], [-88.251698, 42.326204], [-88.252308, 42.327856], [-88.252285, 42.328501], [-88.226697, 42.328727], [-88.200094, 42.328721], [-88.19875, 42.328611], [-88.198829, 42.321033], [-88.199024, 42.31774], [-88.198807, 42.314169], [-88.198855, 42.306327], [-88.198462, 42.272285], [-88.199829, 42.272723], [-88.200926, 42.273476], [-88.207135, 42.280961], [-88.207942, 42.281624], [-88.209095, 42.282132], [-88.210862, 42.282347], [-88.221451, 42.281853], [-88.224257, 42.2811], [-88.226791, 42.27973], [-88.227443, 42.280696], [-88.228527, 42.283331], [-88.228583, 42.284894], [-88.22992, 42.287317], [-88.231154, 42.289052], [-88.231436, 42.290056], [-88.233501, 42.292261], [-88.235094, 42.293587], [-88.236842, 42.294407], [-88.237785, 42.295249], [-88.240597, 42.298296], [-88.242815, 42.299273], [-88.243386, 42.299677], [-88.24362, 42.300536], [-88.24321, 42.301587], [-88.243155, 42.302793], [-88.243438, 42.30384], [-88.244987, 42.304549], [-88.248001, 42.305213], [-88.249815, 42.306502], [-88.250296, 42.307185], [-88.251231, 42.307834], [-88.251983, 42.309762], [-88.25191, 42.310433], [-88.251467, 42.311008], [-88.252105, 42.311929], [-88.253258, 42.31299], [-88.253761, 42.313879], [-88.253612, 42.315871], [-88.253881, 42.317557]]]}}, {"type": "Feature", "properties": {"tract_fips": "17111870808"}, "geometry": {"type": "Polygon", "coordinates": [[[-88.320942, 42.241155], [-88.320827, 42.252223], [-88.320648, 42.256182], [-88.320695, 42.262792], [-88.311124, 42.262902], [-88.306807, 42.263156], [-88.302245, 42.266161], [-88.299877, 42.266564], [-88.296401, 42.266657], [-88.296549, 42.27175], [-88.292107, 42.272497], [-88.290764, 42.272245], [-88.286804, 42.272251], [-88.286649, 42.241371], [-88.320942, 42.241155]]]}}, {"type": "Feature", "properties": {"tract_fips": "17111870809"}, "geometry": {"type": "Polygon", "coordinates": [[[-88.287048, 42.296839], [-88.286793, 42.298935], [-88.286135, 42.300608], [-88.277483, 42.313761], [-88.274641, 42.319946], [-88.274202, 42.322222], [-88.274334, 42.328278], [-88.252285, 42.328501], [-88.252308, 42.327856], [-88.251698, 42.326204], [-88.251717, 42.323824], [-88.251808, 42.323401], [-88.252235, 42.322832], [-88.252405, 42.320873], [-88.253508, 42.318738], [-88.253881, 42.317557], [-88.253612, 42.315871], [-88.253761, 42.313879], [-88.253258, 42.31299], [-88.252221, 42.312013], [-88.253051, 42.311677], [-88.253336, 42.311311], [-88.252887, 42.309337], [-88.253653, 42.308571], [-88.254379, 42.307324], [-88.255491, 42.306849], [-88.267518, 42.306792], [-88.267974, 42.303191], [-88.26699, 42.300727], [-88.261078, 42.288304], [-88.260936, 42.286923], [-88.261233, 42.278951], [-88.262592, 42.275589], [-88.257782, 42.274236], [-88.257404, 42.263493], [-88.257337, 42.252447], [-88.250406, 42.25248], [-88.25049, 42.245801], [-88.250766, 42.245129], [-88.251817, 42.244608], [-88.252737, 42.243442], [-88.25277, 42.241546], [-88.286649, 42.241371], [-88.287048, 42.296839]]]}}, {"type": "Feature", "properties": {"tract_fips": "17111871003"}, "geometry": {"type": "Polygon", "coordinates": [[[-88.705591, 42.26977], [-88.70561, 42.327882], [-88.588677, 42.327758], [-88.588952, 42.255125], [-88.559832, 42.255125], [-88.559784, 42.241084], [-88.559834, 42.240635], [-88.560055, 42.2404], [-88.560118, 42.238351], [-88.608497, 42.251091], [-88.608504, 42.248315], [-88.633246, 42.249484], [-88.70541, 42.252438], [-88.705591, 42.26977]]]}}, {"type": "Feature", "properties": {"tract_fips": "17111870703"}, "geometry": {"type": "Polygon", "coordinates": [[[-88.340422, 42.414556], [-88.27677, 42.414929], [-88.237185, 42.415465], [-88.221102, 42.415512], [-88.2221, 42.40797], [-88.225053, 42.39456], [-88.228127, 42.390267], [-88.223742, 42.390329], [-88.223204, 42.389538], [-88.22317, 42.387141], [-88.22246, 42.387043], [-88.222694, 42.38586], [-88.222256, 42.385607], [-88.222857, 42.384744], [-88.227708, 42.382629], [-88.231375, 42.380824], [-88.235546, 42.378458], [-88.236167, 42.377992], [-88.237171, 42.376655], [-88.238787, 42.378033], [-88.242067, 42.38029], [-88.243422, 42.38026], [-88.252595, 42.379139], [-88.269647, 42.378821], [-88.27071, 42.379934], [-88.277828, 42.384963], [-88.279851, 42.386287], [-88.281778, 42.387225], [-88.287815, 42.389301], [-88.289766, 42.390287], [-88.290605, 42.39013], [-88.299491, 42.392702], [-88.310075, 42.394783], [-88.325417, 42.400255], [-88.330569, 42.402771], [-88.335848, 42.405573], [-88.336333, 42.405971], [-88.336627, 42.406525], [-88.337762, 42.412346], [-88.338479, 42.413147], [-88.34043, 42.414173], [-88.340422, 42.414556]]]}}, {"type": "Feature", "properties": {"tract_fips": "17111870702"}, "geometry": {"type": "Polygon", "coordinates": [[[-88.260906, 42.345488], [-88.259322, 42.348378], [-88.258387, 42.349632], [-88.255913, 42.351509], [-88.252286, 42.355408], [-88.249334, 42.357678], [-88.248513, 42.358975], [-88.247989, 42.360536], [-88.24702, 42.361937], [-88.244372, 42.36377], [-88.243771, 42.364376], [-88.242434, 42.367248], [-88.242059, 42.369012], [-88.243718, 42.371358], [-88.242017, 42.372829], [-88.239931, 42.373937], [-88.238058, 42.375675], [-88.236167, 42.377992], [-88.231375, 42.380824], [-88.227708, 42.382629], [-88.222857, 42.384744], [-88.222256, 42.385607], [-88.221212, 42.386173], [-88.220913, 42.386725], [-88.218949, 42.38776], [-88.213714, 42.392171], [-88.211515, 42.393649], [-88.209291, 42.394936], [-88.207814, 42.39555], [-88.207468, 42.39586], [-88.20327, 42.397197], [-88.200364, 42.397277], [-88.198804, 42.396642], [-88.198447, 42.357699], [-88.198488, 42.341241], [-88.198607, 42.339956], [-88.198616, 42.329474], [-88.19875, 42.328611], [-88.200094, 42.328721], [-88.226697, 42.328727], [-88.252285, 42.328501], [-88.252073, 42.33074], [-88.252462, 42.333081], [-88.252343, 42.333969], [-88.251781, 42.335224], [-88.251764, 42.336795], [-88.252609, 42.337757], [-88.258359, 42.341231], [-88.259019, 42.341971], [-88.260595, 42.343175], [-88.260873, 42.344399], [-88.260906, 42.345488]]]}}, {"type": "Feature", "properties": {"tract_fips": "17111870604"}, "geometry": {"type": "Polygon", "coordinates": [[[-88.294604, 42.391293], [-88.290605, 42.39013], [-88.289766, 42.390287], [-88.288298, 42.389487], [-88.282342, 42.387446], [-88.280757, 42.386765], [-88.278875, 42.385688], [-88.27071, 42.379934], [-88.269647, 42.378821], [-88.252595, 42.379139], [-88.243422, 42.38026], [-88.242067, 42.38029], [-88.238787, 42.378033], [-88.237171, 42.376655], [-88.240029, 42.373856], [-88.242017, 42.372829], [-88.243718, 42.371358], [-88.242059, 42.369012], [-88.242434, 42.367248], [-88.243586, 42.364628], [-88.244372, 42.36377], [-88.24702, 42.361937], [-88.247989, 42.360536], [-88.248513, 42.358975], [-88.249334, 42.357678], [-88.252286, 42.355408], [-88.255788, 42.351628], [-88.25867, 42.349298], [-88.260836, 42.345706], [-88.260818, 42.344095], [-88.267358, 42.346077], [-88.273546, 42.344549], [-88.274574, 42.344555], [-88.276579, 42.344945], [-88.283657, 42.368364], [-88.294604, 42.391293]]]}}, {"type": "Feature", "properties": {"tract_fips": "17111871301"}, "geometry": {"type": "Polygon", "coordinates": [[[-88.340876, 42.240921], [-88.286649, 42.241371], [-88.286639, 42.235698], [-88.286888, 42.234379], [-88.287692, 42.232269], [-88.287897, 42.231001], [-88.287331, 42.225637], [-88.292091, 42.226097], [-88.326861, 42.226262], [-88.327848, 42.226801], [-88.339127, 42.236579], [-88.3394, 42.236967], [-88.340876, 42.240921]]]}}, {"type": "Feature", "properties": {"tract_fips": "17111870810"}, "geometry": {"type": "Polygon", "coordinates": [[[-88.267971, 42.303367], [-88.267518, 42.306792], [-88.255491, 42.306849], [-88.254599, 42.307154], [-88.254179, 42.307537], [-88.253653, 42.308571], [-88.252887, 42.309337], [-88.253353, 42.310991], [-88.253273, 42.311451], [-88.252761, 42.311839], [-88.252221, 42.312013], [-88.251467, 42.311008], [-88.251862, 42.310534], [-88.252001, 42.310047], [-88.251897, 42.309302], [-88.251516, 42.308773], [-88.251433, 42.308158], [-88.251083, 42.307692], [-88.250296, 42.307185], [-88.250006, 42.306659], [-88.247833, 42.30514], [-88.244987, 42.304549], [-88.243438, 42.30384], [-88.243155, 42.302793], [-88.24321, 42.301587], [-88.24362, 42.300536], [-88.243386, 42.299677], [-88.242815, 42.299273], [-88.240597, 42.298296], [-88.237785, 42.295249], [-88.236842, 42.294407], [-88.235094, 42.293587], [-88.233501, 42.292261], [-88.231436, 42.290056], [-88.231154, 42.289052], [-88.22992, 42.287317], [-88.228583, 42.284894], [-88.228527, 42.283331], [-88.227443, 42.280696], [-88.223994, 42.27628], [-88.223044, 42.274782], [-88.222588, 42.27071], [-88.220232, 42.267241], [-88.21683, 42.259683], [-88.21593, 42.258477], [-88.215534, 42.257667], [-88.21512, 42.255058], [-88.214346, 42.253168], [-88.213788, 42.252322], [-88.213277, 42.251852], [-88.210643, 42.250513], [-88.210204, 42.250103], [-88.209801, 42.248574], [-88.210059, 42.24738], [-88.21068, 42.246608], [-88.213398, 42.245043], [-88.21384, 42.244187], [-88.213598, 42.243116], [-88.213304, 42.242952], [-88.212849, 42.242181], [-88.212031, 42.241612], [-88.252769, 42.241638], [-88.252737, 42.243442], [-88.251817, 42.244608], [-88.250766, 42.245129], [-88.25049, 42.245801], [-88.250406, 42.25248], [-88.257337, 42.252447], [-88.257404, 42.263493], [-88.257782, 42.274236], [-88.262592, 42.275589], [-88.261233, 42.278951], [-88.260936, 42.286923], [-88.261078, 42.288304], [-88.26699, 42.300727], [-88.267887, 42.302806], [-88.267971, 42.303367]]]}}, {"type": "Feature", "properties": {"tract_fips": "17111870200"}, "geometry": {"type": "Polygon", "coordinates": [[[-88.705941, 42.414989], [-88.656748, 42.415023], [-88.613464, 42.414744], [-88.58904, 42.414816], [-88.589388, 42.487355], [-88.589872, 42.495027], [-88.525709, 42.49492], [-88.500098, 42.494776], [-88.497798, 42.494618], [-88.471622, 42.494618], [-88.472053, 42.416152], [-88.471908, 42.414154], [-88.472094, 42.398271], [-88.471849, 42.397869], [-88.471836, 42.397113], [-88.472111, 42.39569], [-88.472242, 42.381532], [-88.4723, 42.327303], [-88.585887, 42.327759], [-88.70561, 42.327882], [-88.705748, 42.39631], [-88.705941, 42.414989]]]}}, {"type": "Feature", "properties": {"tract_fips": "17111871305"}, "geometry": {"type": "Polygon", "coordinates": [[[-88.251427, 42.214556], [-88.250102, 42.21606], [-88.248817, 42.219534], [-88.247855, 42.222828], [-88.247641, 42.235855], [-88.245388, 42.235234], [-88.245301, 42.241651], [-88.198494, 42.241561], [-88.198754, 42.237164], [-88.199042, 42.236044], [-88.199175, 42.219775], [-88.214667, 42.219636], [-88.238221, 42.219867], [-88.238246, 42.211911], [-88.242464, 42.211658], [-88.245806, 42.213387], [-88.248251, 42.2133], [-88.248374, 42.212938], [-88.251427, 42.214556]]]}}, {"type": "Feature", "properties": {"tract_fips": "17111870402"}, "geometry": {"type": "Polygon", "coordinates": [[[-88.453971, 42.327305], [-88.453969, 42.329084], [-88.452871, 42.329086], [-88.45288, 42.329959], [-88.45226, 42.330495], [-88.452477, 42.334383], [-88.452736, 42.335096], [-88.452386, 42.335096], [-88.452375, 42.337137], [-88.451474, 42.337076], [-88.451405, 42.336033], [-88.45122, 42.335796], [-88.448969, 42.335682], [-88.448985, 42.334955], [-88.447986, 42.335014], [-88.44796, 42.337705], [-88.443192, 42.337859], [-88.443229, 42.341876], [-88.4285, 42.3419], [-88.428466, 42.334762], [-88.413908, 42.334732], [-88.413861, 42.327521], [-88.428119, 42.327536], [-88.428298, 42.327737], [-88.428977, 42.327482], [-88.453971, 42.327305]]]}}, {"type": "Feature", "properties": {"tract_fips": "17111870605"}, "geometry": {"type": "Polygon", "coordinates": [[[-88.316363, 42.327902], [-88.316148, 42.339116], [-88.316172, 42.346718], [-88.315798, 42.347132], [-88.315288, 42.347345], [-88.311735, 42.347549], [-88.307062, 42.349577], [-88.306668, 42.349827], [-88.306411, 42.350228], [-88.30637, 42.351896], [-88.303809, 42.351125], [-88.282294, 42.34683], [-88.28034, 42.346209], [-88.279626, 42.345894], [-88.280249, 42.345438], [-88.281761, 42.34526], [-88.282793, 42.343925], [-88.284492, 42.343376], [-88.283748, 42.341941], [-88.282542, 42.340934], [-88.281662, 42.341554], [-88.28054, 42.34072], [-88.279475, 42.34148], [-88.277197, 42.339732], [-88.27724, 42.338591], [-88.279876, 42.3367], [-88.278715, 42.336002], [-88.28471, 42.328172], [-88.316363, 42.327902]]]}}, {"type": "Feature", "properties": {"tract_fips": "17111871205"}, "geometry": {"type": "Polygon", "coordinates": [[[-88.330357, 42.175698], [-88.33029, 42.187564], [-88.323768, 42.187624], [-88.323735, 42.189713], [-88.316231, 42.189574], [-88.316266, 42.18751], [-88.31231, 42.187526], [-88.311613, 42.18782], [-88.308646, 42.190473], [-88.307492, 42.190911], [-88.306482, 42.188837], [-88.306028, 42.186977], [-88.306114, 42.181227], [-88.306384, 42.180284], [-88.307136, 42.178882], [-88.307192, 42.178368], [-88.306957, 42.177772], [-88.305974, 42.176518], [-88.30579, 42.175559], [-88.307221, 42.17594], [-88.315354, 42.176684], [-88.316883, 42.176577], [-88.321313, 42.175693], [-88.330357, 42.175698]]]}}, {"type": "Feature", "properties": {"tract_fips": "17111871404"}, "geometry": {"type": "Polygon", "coordinates": [[[-88.290635, 42.163511], [-88.289037, 42.165424], [-88.287173, 42.164433], [-88.279014, 42.168595], [-88.257538, 42.168586], [-88.257485, 42.162899], [-88.257734, 42.154079], [-88.260859, 42.15402], [-88.265152, 42.153667], [-88.277284, 42.153971], [-88.277251, 42.157035], [-88.277951, 42.157022], [-88.27793, 42.159239], [-88.279694, 42.158947], [-88.281973, 42.159035], [-88.281933, 42.16133], [-88.286349, 42.161399], [-88.287839, 42.162334], [-88.290635, 42.163511]]]}}, {"type": "Feature", "properties": {"tract_fips": "17031807100"}, "geometry": {"type": "Polygon", "coordinates": [[[-87.732612, 42.040762], [-87.732451, 42.048005], [-87.709605, 42.048203], [-87.709717, 42.040944], [-87.732612, 42.040762]]]}}, {"type": "Feature", "properties": {"tract_fips": "17089853300"}, "geometry": {"type": "Polygon", "coordinates": [[[-88.313268, 41.758644], [-88.312078, 41.760438], [-88.310057, 41.766036], [-88.309803, 41.770764], [-88.306238, 41.770777], [-88.30554, 41.771041], [-88.306764, 41.773839], [-88.306492, 41.773967], [-88.301443, 41.77404], [-88.301492, 41.779695], [-88.297204, 41.779743], [-88.297459, 41.777906], [-88.2975, 41.775919], [-88.297844, 41.77478], [-88.294743, 41.774822], [-88.291374, 41.77612], [-88.291332, 41.76783], [-88.295519, 41.76714], [-88.300202, 41.76611], [-88.30207, 41.765493], [-88.302313, 41.764339], [-88.303273, 41.764446], [-88.303767, 41.764224], [-88.303954, 41.763365], [-88.304689, 41.763473], [-88.305971, 41.762016], [-88.306704, 41.760232], [-88.307224, 41.759454], [-88.308778, 41.757933], [-88.311105, 41.759109], [-88.312051, 41.758059], [-88.313268, 41.758644]]]}}, {"type": "Feature", "properties": {"tract_fips": "17089853500"}, "geometry": {"type": "Polygon", "coordinates": [[[-88.291165, 41.754011], [-88.291332, 41.76783], [-88.282335, 41.769165], [-88.281592, 41.766232], [-88.281495, 41.756318], [-88.291165, 41.754011]]]}}, {"type": "Feature", "properties": {"tract_fips": "17089853900"}, "geometry": {"type": "Polygon", "coordinates": [[[-88.359063, 41.751937], [-88.359202, 41.763895], [-88.339822, 41.762356], [-88.320208, 41.760552], [-88.319475, 41.761535], [-88.317367, 41.760529], [-88.320447, 41.758054], [-88.321401, 41.758798], [-88.322476, 41.758153], [-88.326593, 41.75863], [-88.326812, 41.757546], [-88.332797, 41.758159], [-88.335863, 41.752308], [-88.359063, 41.751937]]]}}, {"type": "Feature", "properties": {"tract_fips": "17089854001"}, "geometry": {"type": "Polygon", "coordinates": [[[-88.376267, 41.754673], [-88.376214, 41.756231], [-88.375595, 41.757829], [-88.375701, 41.765281], [-88.359202, 41.763895], [-88.359063, 41.751937], [-88.335863, 41.752308], [-88.337081, 41.749982], [-88.334022, 41.747875], [-88.336656, 41.745844], [-88.33837, 41.745033], [-88.374724, 41.744538], [-88.375688, 41.744395], [-88.375737, 41.75287], [-88.376267, 41.754673]]]}}, {"type": "Feature", "properties": {"tract_fips": "17089854200"}, "geometry": {"type": "Polygon", "coordinates": [[[-88.323013, 41.742313], [-88.320968, 41.744611], [-88.320592, 41.744859], [-88.315872, 41.750429], [-88.312662, 41.753781], [-88.310233, 41.752586], [-88.310664, 41.752096], [-88.312947, 41.737595], [-88.32084, 41.738163], [-88.321563, 41.739972], [-88.323013, 41.742313]]]}}, {"type": "Feature", "properties": {"tract_fips": "17111871004"}, "geometry": {"type": "Polygon", "coordinates": [[[-88.705683, 42.183613], [-88.705395, 42.221279], [-88.70541, 42.252438], [-88.633246, 42.249484], [-88.608504, 42.248315], [-88.608497, 42.251091], [-88.560118, 42.238351], [-88.559993, 42.221835], [-88.560971, 42.219854], [-88.561818, 42.218609], [-88.563491, 42.218385], [-88.564908, 42.217385], [-88.56969, 42.215418], [-88.569685, 42.202422], [-88.569788, 42.202198], [-88.570135, 42.202005], [-88.578507, 42.200524], [-88.580869, 42.199607], [-88.592609, 42.194253], [-88.598644, 42.193838], [-88.59858, 42.182459], [-88.593796, 42.182385], [-88.593519, 42.153722], [-88.593284, 42.153555], [-88.617662, 42.15341], [-88.705585, 42.153537], [-88.705545, 42.181913], [-88.705683, 42.183613]]]}}, {"type": "Feature", "properties": {"tract_fips": "17111871307"}, "geometry": {"type": "Polygon", "coordinates": [[[-88.248355, 42.212992], [-88.248251, 42.2133], [-88.245806, 42.213387], [-88.242464, 42.211658], [-88.238246, 42.211911], [-88.238221, 42.219867], [-88.214667, 42.219636], [-88.199175, 42.219775], [-88.199378, 42.202966], [-88.200627, 42.202953], [-88.20143, 42.203141], [-88.202857, 42.204548], [-88.203953, 42.205164], [-88.206185, 42.205656], [-88.211681, 42.206136], [-88.213716, 42.205891], [-88.218274, 42.204713], [-88.222433, 42.203861], [-88.223689, 42.203304], [-88.224245, 42.202452], [-88.224897, 42.200912], [-88.22797, 42.20251], [-88.229156, 42.203291], [-88.232554, 42.207584], [-88.233471, 42.20833], [-88.235079, 42.208788], [-88.240225, 42.208793], [-88.248355, 42.212992]]]}}, {"type": "Feature", "properties": {"tract_fips": "17111871304"}, "geometry": {"type": "Polygon", "coordinates": [[[-88.2879, 42.230736], [-88.287692, 42.232269], [-88.286888, 42.234379], [-88.286639, 42.235698], [-88.286649, 42.241371], [-88.245301, 42.241651], [-88.245388, 42.235234], [-88.247641, 42.235855], [-88.247855, 42.222828], [-88.248817, 42.219534], [-88.250102, 42.21606], [-88.251427, 42.214556], [-88.259011, 42.218452], [-88.272406, 42.223656], [-88.276418, 42.225745], [-88.278065, 42.225913], [-88.280487, 42.225387], [-88.282795, 42.225173], [-88.287331, 42.225637], [-88.2879, 42.230736]]]}}, {"type": "Feature", "properties": {"tract_fips": "17111870606"}, "geometry": {"type": "Polygon", "coordinates": [[[-88.28471, 42.328172], [-88.278715, 42.336002], [-88.279876, 42.3367], [-88.277188, 42.338702], [-88.277284, 42.33987], [-88.279475, 42.34148], [-88.28054, 42.34072], [-88.281662, 42.341554], [-88.282542, 42.340934], [-88.283748, 42.341941], [-88.284492, 42.343376], [-88.282793, 42.343925], [-88.281761, 42.34526], [-88.280249, 42.345438], [-88.279626, 42.345894], [-88.277417, 42.345108], [-88.273979, 42.344514], [-88.267358, 42.346077], [-88.260818, 42.344095], [-88.260595, 42.343175], [-88.259019, 42.341971], [-88.258524, 42.341363], [-88.252609, 42.337757], [-88.251764, 42.336795], [-88.251781, 42.335224], [-88.252343, 42.333969], [-88.252462, 42.333081], [-88.252073, 42.33074], [-88.252285, 42.328501], [-88.28471, 42.328172]]]}}, {"type": "Feature", "properties": {"tract_fips": "17111871402"}, "geometry": {"type": "Polygon", "coordinates": [[[-88.258016, 42.183775], [-88.253123, 42.18636], [-88.252319, 42.186654], [-88.241503, 42.186928], [-88.241049, 42.188297], [-88.241302, 42.189061], [-88.241427, 42.191214], [-88.241184, 42.191706], [-88.241377, 42.192331], [-88.241265, 42.192811], [-88.238366, 42.194455], [-88.235317, 42.195158], [-88.231755, 42.197299], [-88.229023, 42.197942], [-88.226896, 42.198711], [-88.225766, 42.199356], [-88.22498, 42.200588], [-88.224245, 42.202452], [-88.223689, 42.203304], [-88.222433, 42.203861], [-88.218274, 42.204713], [-88.213716, 42.205891], [-88.211681, 42.206136], [-88.206185, 42.205656], [-88.203953, 42.205164], [-88.202857, 42.204548], [-88.20143, 42.203141], [-88.200627, 42.202953], [-88.199378, 42.202966], [-88.199763, 42.171067], [-88.19945, 42.162548], [-88.199584, 42.15426], [-88.237067, 42.154288], [-88.247839, 42.153627], [-88.257734, 42.154079], [-88.257485, 42.162899], [-88.257459, 42.182894], [-88.258016, 42.183775]]]}}, {"type": "Feature", "properties": {"tract_fips": "17111870812"}, "geometry": {"type": "Polygon", "coordinates": [[[-88.226736, 42.279762], [-88.224043, 42.281185], [-88.221451, 42.281853], [-88.210862, 42.282347], [-88.209095, 42.282132], [-88.207942, 42.281624], [-88.207135, 42.280961], [-88.200926, 42.273476], [-88.199829, 42.272723], [-88.198462, 42.272285], [-88.198245, 42.241559], [-88.212031, 42.241612], [-88.212849, 42.242181], [-88.213304, 42.242952], [-88.213598, 42.243116], [-88.21384, 42.244187], [-88.213398, 42.245043], [-88.21068, 42.246608], [-88.210059, 42.24738], [-88.209801, 42.248574], [-88.210017, 42.249639], [-88.210204, 42.250103], [-88.210643, 42.250513], [-88.213277, 42.251852], [-88.213788, 42.252322], [-88.214346, 42.253168], [-88.21512, 42.255058], [-88.215534, 42.257667], [-88.21593, 42.258477], [-88.21683, 42.259683], [-88.220232, 42.267241], [-88.222588, 42.27071], [-88.223044, 42.274782], [-88.223994, 42.27628], [-88.226736, 42.279762]]]}}, {"type": "Feature", "properties": {"tract_fips": "17111870603"}, "geometry": {"type": "Polygon", "coordinates": [[[-88.30637, 42.351896], [-88.306166, 42.376666], [-88.304065, 42.379063], [-88.303255, 42.380229], [-88.297262, 42.392066], [-88.294604, 42.391293], [-88.283657, 42.368364], [-88.276579, 42.344945], [-88.278387, 42.345382], [-88.280833, 42.346402], [-88.282294, 42.34683], [-88.303809, 42.351125], [-88.305852, 42.351702], [-88.30637, 42.351896]]]}}, {"type": "Feature", "properties": {"tract_fips": "17111870704"}, "geometry": {"type": "Polygon", "coordinates": [[[-88.228127, 42.390267], [-88.225053, 42.39456], [-88.2221, 42.40797], [-88.221102, 42.415512], [-88.19882, 42.41557], [-88.198804, 42.396642], [-88.200364, 42.397277], [-88.20327, 42.397197], [-88.207468, 42.39586], [-88.207814, 42.39555], [-88.209291, 42.394936], [-88.211515, 42.393649], [-88.213714, 42.392171], [-88.218949, 42.38776], [-88.220913, 42.386725], [-88.221212, 42.386173], [-88.222176, 42.385562], [-88.222694, 42.38586], [-88.22246, 42.387043], [-88.22317, 42.387141], [-88.223204, 42.389538], [-88.223742, 42.390329], [-88.228127, 42.390267]]]}}, {"type": "Feature", "properties": {"tract_fips": "17111870807"}, "geometry": {"type": "Polygon", "coordinates": [[[-88.355237, 42.268015], [-88.344371, 42.268246], [-88.335458, 42.262542], [-88.320695, 42.262792], [-88.320648, 42.256182], [-88.320827, 42.252223], [-88.320942, 42.241137], [-88.355054, 42.240752], [-88.355116, 42.266621], [-88.355237, 42.268015]]]}}, {"type": "Feature", "properties": {"tract_fips": "17111870903"}, "geometry": {"type": "Polygon", "coordinates": [[[-88.452788, 42.319934], [-88.452914, 42.327307], [-88.428977, 42.327482], [-88.428298, 42.327737], [-88.428119, 42.327536], [-88.413861, 42.327521], [-88.413861, 42.320276], [-88.413688, 42.320057], [-88.412937, 42.319879], [-88.412774, 42.319643], [-88.412876, 42.312802], [-88.4359, 42.312783], [-88.435926, 42.313866], [-88.443178, 42.313823], [-88.443169, 42.316493], [-88.447496, 42.316535], [-88.453007, 42.319935], [-88.452788, 42.319934]]]}}, {"type": "Feature", "properties": {"tract_fips": "17111870904"}, "geometry": {"type": "Polygon", "coordinates": [[[-88.4723, 42.327303], [-88.452914, 42.327307], [-88.452788, 42.319934], [-88.453007, 42.319935], [-88.450097, 42.318132], [-88.450023, 42.310329], [-88.449797, 42.310133], [-88.45273, 42.306826], [-88.452652, 42.297939], [-88.454328, 42.298396], [-88.472216, 42.298374], [-88.4723, 42.327303]]]}}, {"type": "Feature", "properties": {"tract_fips": "17111871201"}, "geometry": {"type": "Polygon", "coordinates": [[[-88.355054, 42.240752], [-88.340876, 42.240921], [-88.339239, 42.2367], [-88.333562, 42.231738], [-88.336123, 42.228984], [-88.339672, 42.217286], [-88.33939, 42.215298], [-88.338349, 42.211661], [-88.337679, 42.208063], [-88.337035, 42.207335], [-88.335758, 42.206776], [-88.336546, 42.205567], [-88.336513, 42.204498], [-88.35471, 42.204523], [-88.355054, 42.240752]]]}}, {"type": "Feature", "properties": {"tract_fips": "17111871202"}, "geometry": {"type": "Polygon", "coordinates": [[[-88.339686, 42.217104], [-88.336123, 42.228984], [-88.333562, 42.231738], [-88.327848, 42.226801], [-88.326979, 42.226296], [-88.326522, 42.225649], [-88.316305, 42.216758], [-88.316531, 42.215896], [-88.315826, 42.214152], [-88.315727, 42.212663], [-88.320021, 42.21251], [-88.322786, 42.21293], [-88.326388, 42.212096], [-88.336053, 42.212103], [-88.338393, 42.211782], [-88.33939, 42.215298], [-88.339686, 42.217104]]]}}, {"type": "Feature", "properties": {"tract_fips": "17111871206"}, "geometry": {"type": "Polygon", "coordinates": [[[-88.354512, 42.175709], [-88.321313, 42.175693], [-88.316329, 42.176647], [-88.315925, 42.174792], [-88.315894, 42.173185], [-88.316265, 42.153842], [-88.354416, 42.154], [-88.354512, 42.175709]]]}}, {"type": "Feature", "properties": {"tract_fips": "17031030101"}, "geometry": {"type": "Polygon", "coordinates": [[[-87.660339, 41.992286], [-87.658285, 41.992317], [-87.658299, 41.992768], [-87.657598, 41.992773], [-87.657584, 41.992327], [-87.649119, 41.992503], [-87.648956, 41.991931], [-87.648932, 41.990176], [-87.654383, 41.990202], [-87.660266, 41.990002], [-87.660339, 41.992286]]]}}, {"type": "Feature", "properties": {"tract_fips": "17031030701"}, "geometry": {"type": "Polygon", "coordinates": [[[-87.660069, 41.983622], [-87.655915, 41.983692], [-87.655864, 41.981867], [-87.660018, 41.981798], [-87.660069, 41.983622]]]}}, {"type": "Feature", "properties": {"tract_fips": "17031070103"}, "geometry": {"type": "Polygon", "coordinates": [[[-87.644217, 41.92805], [-87.642232, 41.928533], [-87.640479, 41.925585], [-87.643927, 41.925532], [-87.644026, 41.927326], [-87.644217, 41.92805]]]}}, {"type": "Feature", "properties": {"tract_fips": "17031807200"}, "geometry": {"type": "Polygon", "coordinates": [[[-87.747295, 42.033516], [-87.747085, 42.040753], [-87.709717, 42.040944], [-87.709904, 42.033685], [-87.745367, 42.033509], [-87.747295, 42.033516]]]}}, {"type": "Feature", "properties": {"tract_fips": "17091011600"}, "geometry": {"type": "Polygon", "coordinates": [[[-87.864964, 41.124494], [-87.862868, 41.135526], [-87.858378, 41.135062], [-87.850274, 41.135087], [-87.849766, 41.132611], [-87.849745, 41.131572], [-87.849953, 41.131067], [-87.849713, 41.118899], [-87.850843, 41.118884], [-87.858318, 41.119701], [-87.857576, 41.123575], [-87.864964, 41.124494]]]}}, {"type": "Feature", "properties": {"tract_fips": "17031803017"}, "geometry": {"type": "Polygon", "coordinates": [[[-88.014303, 42.127941], [-88.014227, 42.133961], [-88.009007, 42.132401], [-88.008891, 42.132648], [-88.008137, 42.132721], [-88.007051, 42.133932], [-88.005325, 42.134006], [-88.005348, 42.130846], [-88.005852, 42.130394], [-87.999319, 42.125387], [-87.980423, 42.112619], [-87.980436, 42.109899], [-87.985237, 42.110082], [-88.004374, 42.110158], [-88.004425, 42.124923], [-88.010349, 42.124723], [-88.00997, 42.125582], [-88.009953, 42.12786], [-88.014303, 42.127941]]]}}, {"type": "Feature", "properties": {"tract_fips": "17031807300"}, "geometry": {"type": "Polygon", "coordinates": [[[-87.764266, 42.038589], [-87.764178, 42.040906], [-87.747085, 42.040753], [-87.747435, 42.028132], [-87.746855, 42.026266], [-87.762143, 42.026389], [-87.76194, 42.033637], [-87.761453, 42.034307], [-87.761941, 42.034393], [-87.763553, 42.039059], [-87.764266, 42.038589]]]}}, {"type": "Feature", "properties": {"tract_fips": "17031807400"}, "geometry": {"type": "Polygon", "coordinates": [[[-87.747433, 42.028316], [-87.747295, 42.033516], [-87.732814, 42.03351], [-87.733117, 42.022378], [-87.741174, 42.022395], [-87.742599, 42.0226], [-87.744083, 42.02308], [-87.745781, 42.024093], [-87.745966, 42.025074], [-87.746938, 42.026407], [-87.747433, 42.028316]]]}}, {"type": "Feature", "properties": {"tract_fips": "17031807500"}, "geometry": {"type": "Polygon", "coordinates": [[[-87.733116, 42.022434], [-87.732814, 42.03351], [-87.723154, 42.03356], [-87.723441, 42.022413], [-87.733116, 42.022434]]]}}, {"type": "Feature", "properties": {"tract_fips": "17031807700"}, "geometry": {"type": "Polygon", "coordinates": [[[-87.767273, 42.022935], [-87.766527, 42.022793], [-87.76224, 42.02276], [-87.762143, 42.026389], [-87.746855, 42.026266], [-87.745966, 42.025074], [-87.745779, 42.024135], [-87.746111, 42.023136], [-87.747056, 42.021954], [-87.746556, 42.020726], [-87.745368, 42.01644], [-87.744879, 42.015288], [-87.750265, 42.015423], [-87.750261, 42.011031], [-87.751762, 42.012811], [-87.753216, 42.013991], [-87.764202, 42.02014], [-87.7661, 42.021596], [-87.767273, 42.022935]]]}}, {"type": "Feature", "properties": {"tract_fips": "17031807900"}, "geometry": {"type": "Polygon", "coordinates": [[[-87.76227, 42.001687], [-87.761953, 42.002657], [-87.761815, 42.004653], [-87.750573, 42.004553], [-87.750406, 42.010193], [-87.750261, 42.011031], [-87.750265, 42.015423], [-87.744879, 42.015288], [-87.74422, 42.013611], [-87.739007, 41.99725], [-87.75291, 41.997303], [-87.76227, 42.001687]]]}}, {"type": "Feature", "properties": {"tract_fips": "17031808001"}, "geometry": {"type": "Polygon", "coordinates": [[[-87.744879, 42.015288], [-87.728488, 42.01537], [-87.728909, 41.997253], [-87.739007, 41.99725], [-87.74422, 42.013611], [-87.744879, 42.015288]]]}}, {"type": "Feature", "properties": {"tract_fips": "17031808002"}, "geometry": {"type": "Polygon", "coordinates": [[[-87.728909, 41.997253], [-87.728488, 42.01537], [-87.723638, 42.015409], [-87.723731, 42.011758], [-87.709057, 42.011861], [-87.709344, 42.004918], [-87.709344, 41.997389], [-87.728909, 41.997253]]]}}, {"type": "Feature", "properties": {"tract_fips": "17031808301"}, "geometry": {"type": "Polygon", "coordinates": [[[-87.800797, 42.033602], [-87.800703, 42.040833], [-87.771497, 42.040927], [-87.77188, 42.026436], [-87.780882, 42.026443], [-87.779387, 42.023585], [-87.782852, 42.02343], [-87.786481, 42.023561], [-87.786476, 42.023746], [-87.789548, 42.023715], [-87.789526, 42.024646], [-87.790408, 42.024667], [-87.790413, 42.025456], [-87.791562, 42.025452], [-87.791915, 42.025241], [-87.792843, 42.025852], [-87.791736, 42.026445], [-87.795904, 42.026409], [-87.796128, 42.027272], [-87.795933, 42.028692], [-87.795986, 42.033644], [-87.80068, 42.033574], [-87.800797, 42.033602]]]}}, {"type": "Feature", "properties": {"tract_fips": "17031808302"}, "geometry": {"type": "Polygon", "coordinates": [[[-87.77188, 42.026436], [-87.771497, 42.040927], [-87.764178, 42.040906], [-87.764266, 42.038589], [-87.763553, 42.039059], [-87.761941, 42.034393], [-87.761453, 42.034307], [-87.76194, 42.033637], [-87.76224, 42.02276], [-87.766993, 42.022882], [-87.767024, 42.023677], [-87.767683, 42.024946], [-87.766971, 42.026068], [-87.767083, 42.026431], [-87.77188, 42.026436]]]}}, {"type": "Feature", "properties": {"tract_fips": "17031808600"}, "geometry": {"type": "Polygon", "coordinates": [[[-87.806045, 42.055203], [-87.805886, 42.065586], [-87.76666, 42.065138], [-87.765862, 42.065029], [-87.765961, 42.063929], [-87.770605, 42.063939], [-87.769884, 42.062544], [-87.763654, 42.062636], [-87.763921, 42.055382], [-87.804572, 42.055167], [-87.806045, 42.055203]]]}}, {"type": "Feature", "properties": {"tract_fips": "17031808702"}, "geometry": {"type": "Polygon", "coordinates": [[[-87.684, 42.052104], [-87.681749, 42.052076], [-87.681677, 42.055612], [-87.679679, 42.05559], [-87.679672, 42.056246], [-87.677166, 42.05622], [-87.677087, 42.061631], [-87.673184, 42.061541], [-87.666393, 42.063475], [-87.661433, 42.051449], [-87.671978, 42.050816], [-87.674389, 42.050181], [-87.674473, 42.048481], [-87.681568, 42.050471], [-87.684, 42.052104]]]}}, {"type": "Feature", "properties": {"tract_fips": "17031770202"}, "geometry": {"type": "Polygon", "coordinates": [[[-88.03136, 42.003332], [-88.031304, 42.008279], [-88.03087, 42.009428], [-88.030865, 42.011319], [-88.030431, 42.013007], [-88.031247, 42.016169], [-88.031043, 42.017283], [-88.031325, 42.020985], [-88.031067, 42.039462], [-88.030689, 42.042943], [-88.03035, 42.048487], [-88.030474, 42.057609], [-88.024621, 42.056874], [-88.019827, 42.055981], [-88.014554, 42.054534], [-88.008877, 42.052127], [-88.016495, 42.039292], [-88.01684, 42.03797], [-88.016625, 42.037398], [-88.01527, 42.037098], [-88.014831, 42.036716], [-88.014573, 42.035566], [-88.013935, 42.034766], [-88.013065, 42.034555], [-88.012541, 42.034616], [-88.011917, 42.034131], [-88.011475, 42.033385], [-88.011038, 42.033162], [-88.011065, 42.031858], [-88.011566, 42.030784], [-88.01279, 42.03012], [-88.012625, 42.029825], [-88.012844, 42.028174], [-88.012588, 42.027524], [-88.012134, 42.027202], [-88.013215, 42.025331], [-88.009827, 42.024388], [-88.008371, 42.022962], [-88.000168, 42.019334], [-88.00099, 42.012233], [-88.000661, 42.011318], [-88.000588, 42.010577], [-88.001149, 42.008996], [-88.000885, 42.008414], [-88.000068, 42.007958], [-87.999871, 42.007683], [-87.997053, 42.006729], [-87.996199, 42.006224], [-87.995984, 42.005877], [-87.994898, 42.001575], [-87.995162, 42.000897], [-87.996511, 42.000236], [-87.996753, 41.99931], [-87.996554, 41.998367], [-87.995424, 41.997046], [-87.995186, 41.996548], [-87.995712, 41.993954], [-87.995425, 41.992715], [-88.003158, 41.992621], [-88.003044, 41.99275], [-88.003703, 42.003626], [-88.03136, 42.003332]]]}}, {"type": "Feature", "properties": {"tract_fips": "17031770602"}, "geometry": {"type": "Polygon", "coordinates": [[[-87.920842, 42.022917], [-87.894432, 42.023924], [-87.894197, 42.00936], [-87.88585, 42.009623], [-87.885018, 42.007225], [-87.884662, 42.00554], [-87.884541, 41.998959], [-87.888671, 42.000268], [-87.889392, 42.000932], [-87.889952, 42.001031], [-87.890658, 42.001614], [-87.891342, 42.001938], [-87.899122, 42.00177], [-87.902507, 42.003402], [-87.903803, 42.003743], [-87.904237, 42.003611], [-87.905716, 42.003721], [-87.9066, 42.004013], [-87.908271, 42.003618], [-87.910905, 42.004381], [-87.914806, 42.004953], [-87.915719, 42.005272], [-87.91884, 42.005393], [-87.920464, 42.005629], [-87.920685, 42.010996], [-87.920842, 42.022917]]]}}, {"type": "Feature", "properties": {"tract_fips": "17031806104"}, "geometry": {"type": "Polygon", "coordinates": [[[-87.9007, 42.066061], [-87.859921, 42.065877], [-87.859945, 42.0612], [-87.855708, 42.061295], [-87.855643, 42.058831], [-87.855028, 42.058674], [-87.854995, 42.057587], [-87.857378, 42.05753], [-87.857394, 42.05591], [-87.856436, 42.05594], [-87.856449, 42.054045], [-87.874299, 42.05338], [-87.87637, 42.053573], [-87.879281, 42.054368], [-87.881428, 42.054647], [-87.900256, 42.054038], [-87.900692, 42.055865], [-87.9007, 42.066061]]]}}, {"type": "Feature", "properties": {"tract_fips": "17031802506"}, "geometry": {"type": "Polygon", "coordinates": [[[-87.917747, 42.139519], [-87.900904, 42.139793], [-87.887692, 42.138566], [-87.887568, 42.135726], [-87.887891, 42.109409], [-87.890423, 42.10947], [-87.893007, 42.113493], [-87.894377, 42.116034], [-87.895206, 42.119344], [-87.896346, 42.122976], [-87.901369, 42.131383], [-87.910812, 42.131403], [-87.913393, 42.133485], [-87.913825, 42.133219], [-87.915069, 42.133195], [-87.91688, 42.135705], [-87.917747, 42.139519]]]}}, {"type": "Feature", "properties": {"tract_fips": "17031802505"}, "geometry": {"type": "Polygon", "coordinates": [[[-87.92842, 42.139313], [-87.917747, 42.139519], [-87.91688, 42.135705], [-87.915069, 42.133195], [-87.913825, 42.133219], [-87.913393, 42.133485], [-87.910812, 42.131403], [-87.901369, 42.131383], [-87.896346, 42.122976], [-87.895206, 42.119344], [-87.89445, 42.116249], [-87.894032, 42.115227], [-87.889219, 42.107482], [-87.887935, 42.105107], [-87.889624, 42.104953], [-87.889644, 42.104715], [-87.893208, 42.104742], [-87.893175, 42.106431], [-87.892749, 42.106425], [-87.892733, 42.107104], [-87.892934, 42.10708], [-87.892988, 42.10691], [-87.893202, 42.107097], [-87.893879, 42.107115], [-87.894115, 42.106954], [-87.897772, 42.107188], [-87.897708, 42.108639], [-87.897358, 42.108829], [-87.897324, 42.109074], [-87.89873, 42.109312], [-87.914837, 42.109705], [-87.927097, 42.109742], [-87.927009, 42.124248], [-87.921762, 42.12423], [-87.92842, 42.139313]]]}}, {"type": "Feature", "properties": {"tract_fips": "17031802404"}, "geometry": {"type": "Polygon", "coordinates": [[[-87.961974, 42.153546], [-87.951612, 42.153461], [-87.948845, 42.153182], [-87.934405, 42.153106], [-87.92842, 42.139313], [-87.936656, 42.139188], [-87.93659, 42.142211], [-87.93834, 42.142307], [-87.939831, 42.142887], [-87.941651, 42.142974], [-87.943524, 42.144389], [-87.944421, 42.144712], [-87.947044, 42.144739], [-87.947929, 42.14444], [-87.948547, 42.144732], [-87.948751, 42.145224], [-87.949226, 42.145237], [-87.950672, 42.144929], [-87.9512, 42.144587], [-87.953195, 42.145439], [-87.953047, 42.145955], [-87.953413, 42.14615], [-87.954415, 42.145672], [-87.954825, 42.145281], [-87.955788, 42.145458], [-87.956588, 42.145075], [-87.956876, 42.144641], [-87.957058, 42.143839], [-87.956623, 42.142423], [-87.95851, 42.142583], [-87.958445, 42.146207], [-87.958824, 42.149862], [-87.961974, 42.153546]]]}}, {"type": "Feature", "properties": {"tract_fips": "17031804714"}, "geometry": {"type": "Polygon", "coordinates": [[[-88.119809, 42.062974], [-88.119486, 42.063545], [-88.117873, 42.064589], [-88.116939, 42.065803], [-88.116431, 42.066176], [-88.114382, 42.065881], [-88.112585, 42.066167], [-88.111995, 42.066381], [-88.111441, 42.067088], [-88.078711, 42.067001], [-88.079248, 42.066257], [-88.079453, 42.065398], [-88.079581, 42.058083], [-88.082124, 42.057988], [-88.082326, 42.056922], [-88.083955, 42.056902], [-88.084556, 42.057919], [-88.084743, 42.057917], [-88.086671, 42.057516], [-88.087908, 42.057481], [-88.089399, 42.056896], [-88.090096, 42.056794], [-88.090172, 42.057273], [-88.090472, 42.057731], [-88.092129, 42.058769], [-88.092897, 42.058049], [-88.094646, 42.059073], [-88.095378, 42.059244], [-88.098177, 42.05846], [-88.099282, 42.058352], [-88.099148, 42.063017], [-88.09934, 42.063165], [-88.11068, 42.062767], [-88.114951, 42.062478], [-88.119809, 42.062974]]]}}, {"type": "Feature", "properties": {"tract_fips": "17031804403"}, "geometry": {"type": "Polygon", "coordinates": [[[-88.263542, 42.058654], [-88.262796, 42.059212], [-88.262391, 42.059093], [-88.258822, 42.059099], [-88.258106, 42.059406], [-88.253696, 42.059411], [-88.253706, 42.056766], [-88.246372, 42.056473], [-88.239865, 42.056571], [-88.236557, 42.056984], [-88.234051, 42.057749], [-88.23255, 42.058022], [-88.227059, 42.057727], [-88.226144, 42.057929], [-88.225044, 42.057021], [-88.222329, 42.05571], [-88.220253, 42.053724], [-88.219914, 42.052349], [-88.221662, 42.045173], [-88.228267, 42.046446], [-88.230754, 42.046693], [-88.263408, 42.04641], [-88.263542, 42.058654]]]}}, {"type": "Feature", "properties": {"tract_fips": "17031820604"}, "geometry": {"type": "Polygon", "coordinates": [[[-87.843436, 41.746346], [-87.841259, 41.747518], [-87.837658, 41.750331], [-87.825321, 41.762169], [-87.81974, 41.762299], [-87.818642, 41.735874], [-87.821053, 41.735868], [-87.821194, 41.737615], [-87.823302, 41.73757], [-87.823576, 41.737691], [-87.823724, 41.740309], [-87.826124, 41.740337], [-87.826223, 41.742088], [-87.825001, 41.74211], [-87.82507, 41.743931], [-87.828726, 41.743861], [-87.82865, 41.74204], [-87.829867, 41.742018], [-87.829939, 41.74384], [-87.834796, 41.743754], [-87.83486, 41.745577], [-87.838185, 41.745526], [-87.838509, 41.745693], [-87.838471, 41.744544], [-87.843436, 41.746346]]]}}, {"type": "Feature", "properties": {"tract_fips": "17031824116"}, "geometry": {"type": "Polygon", "coordinates": [[[-87.892688, 41.64003], [-87.892621, 41.644274], [-87.884589, 41.644289], [-87.883063, 41.644486], [-87.871686, 41.644829], [-87.853905, 41.645013], [-87.854041, 41.636623], [-87.853847, 41.627031], [-87.852951, 41.60136], [-87.876505, 41.600946], [-87.874047, 41.607294], [-87.872732, 41.613795], [-87.872082, 41.615567], [-87.862984, 41.615769], [-87.863479, 41.63027], [-87.892359, 41.62977], [-87.892688, 41.64003]]]}}, {"type": "Feature", "properties": {"tract_fips": "17031824114"}, "geometry": {"type": "Polygon", "coordinates": [[[-87.892359, 41.62977], [-87.863479, 41.63027], [-87.862984, 41.615769], [-87.872082, 41.615567], [-87.872732, 41.613795], [-87.874047, 41.607294], [-87.876505, 41.600946], [-87.891447, 41.600671], [-87.892359, 41.62977]]]}}, {"type": "Feature", "properties": {"tract_fips": "17031823806"}, "geometry": {"type": "Polygon", "coordinates": [[[-87.816939, 41.693801], [-87.8158, 41.693621], [-87.813653, 41.693819], [-87.810285, 41.694715], [-87.797857, 41.699926], [-87.796989, 41.677923], [-87.816465, 41.681701], [-87.816939, 41.693801]]]}}, {"type": "Feature", "properties": {"tract_fips": "17031824003"}, "geometry": {"type": "Polygon", "coordinates": [[[-88.001081, 41.67214], [-87.997829, 41.673201], [-87.997639, 41.672868], [-87.995473, 41.672908], [-87.990294, 41.671249], [-87.984741, 41.670531], [-87.98341, 41.670225], [-87.970462, 41.664692], [-87.969067, 41.664535], [-87.961584, 41.66472], [-87.968059, 41.659979], [-87.973278, 41.656717], [-87.973834, 41.656996], [-87.97465, 41.657114], [-87.999824, 41.656602], [-88.000275, 41.670719], [-88.001081, 41.67214]]]}}, {"type": "Feature", "properties": {"tract_fips": "17031824005"}, "geometry": {"type": "Polygon", "coordinates": [[[-88.028973, 41.685242], [-88.004455, 41.685666], [-88.00186, 41.681042], [-88.00168, 41.680149], [-88.001823, 41.67852], [-88.0005, 41.677878], [-87.999249, 41.675729], [-88.002168, 41.674791], [-88.002182, 41.674516], [-88.001977, 41.673652], [-88.000275, 41.670719], [-87.999645, 41.650593], [-87.999231, 41.642019], [-88.027688, 41.641506], [-88.028973, 41.685242]]]}}, {"type": "Feature", "properties": {"tract_fips": "17031824122"}, "geometry": {"type": "Polygon", "coordinates": [[[-87.825563, 41.558124], [-87.823803, 41.558554], [-87.822957, 41.559116], [-87.822332, 41.559908], [-87.822092, 41.560838], [-87.823448, 41.601841], [-87.813685, 41.601978], [-87.813068, 41.583769], [-87.812793, 41.581345], [-87.812867, 41.577837], [-87.812262, 41.558291], [-87.825563, 41.558124]]]}}, {"type": "Feature", "properties": {"tract_fips": "17031841200"}, "geometry": {"type": "Polygon", "coordinates": [[[-87.688217, 41.859337], [-87.685834, 41.859366], [-87.68217, 41.858763], [-87.678491, 41.858942], [-87.678293, 41.852137], [-87.687952, 41.852009], [-87.688217, 41.859337]]]}}, {"type": "Feature", "properties": {"tract_fips": "17031804406"}, "geometry": {"type": "Polygon", "coordinates": [[[-88.263427, 42.036549], [-88.25002, 42.032548], [-88.24521, 42.03136], [-88.240014, 42.030295], [-88.236745, 42.030452], [-88.237404, 42.026397], [-88.237904, 42.020799], [-88.237683, 42.020336], [-88.236356, 42.019631], [-88.236007, 42.01926], [-88.235952, 42.018861], [-88.236405, 42.0178], [-88.23671, 42.017578], [-88.237198, 42.017507], [-88.242409, 42.018689], [-88.244396, 42.019477], [-88.246701, 42.019511], [-88.246835, 42.010207], [-88.247555, 41.993915], [-88.262922, 41.993616], [-88.263427, 42.036549]]]}}, {"type": "Feature", "properties": {"tract_fips": "17031804716"}, "geometry": {"type": "Polygon", "coordinates": [[[-88.128287, 42.041181], [-88.128093, 42.041938], [-88.127146, 42.043287], [-88.126949, 42.044166], [-88.126121, 42.045273], [-88.126171, 42.047284], [-88.104206, 42.048216], [-88.104181, 42.041402], [-88.101963, 42.04143], [-88.101942, 42.037064], [-88.107414, 42.036855], [-88.1083, 42.036637], [-88.109364, 42.036636], [-88.109367, 42.036254], [-88.111238, 42.036237], [-88.111502, 42.036026], [-88.111617, 42.035207], [-88.112122, 42.034762], [-88.112876, 42.035206], [-88.115353, 42.035737], [-88.115887, 42.035359], [-88.115929, 42.034038], [-88.1161, 42.033527], [-88.119133, 42.03353], [-88.119094, 42.03913], [-88.119307, 42.039624], [-88.121379, 42.040389], [-88.12822, 42.04014], [-88.128287, 42.041181]]]}}, {"type": "Feature", "properties": {"tract_fips": "17031806201"}, "geometry": {"type": "Polygon", "coordinates": [[[-87.897758, 42.047137], [-87.889981, 42.049779], [-87.88909, 42.049314], [-87.885769, 42.047514], [-87.883496, 42.039679], [-87.895887, 42.045233], [-87.896494, 42.045703], [-87.897036, 42.046715], [-87.897758, 42.047137]]]}}, {"type": "Feature", "properties": {"tract_fips": "17031820606"}, "geometry": {"type": "Polygon", "coordinates": [[[-87.883866, 41.731627], [-87.880065, 41.734412], [-87.878554, 41.733209], [-87.875725, 41.735627], [-87.871281, 41.73853], [-87.870452, 41.737799], [-87.871613, 41.737199], [-87.870513, 41.735961], [-87.862008, 41.740233], [-87.861027, 41.739151], [-87.86024, 41.739562], [-87.859023, 41.739567], [-87.860505, 41.74099], [-87.856095, 41.742942], [-87.852359, 41.743711], [-87.852847, 41.745049], [-87.854136, 41.746431], [-87.844971, 41.746562], [-87.842472, 41.746048], [-87.838471, 41.744544], [-87.838155, 41.732732], [-87.87178, 41.732079], [-87.876478, 41.731863], [-87.876672, 41.731998], [-87.879279, 41.732017], [-87.880854, 41.731731], [-87.883866, 41.731627]]]}}, {"type": "Feature", "properties": {"tract_fips": "17031804506"}, "geometry": {"type": "Polygon", "coordinates": [[[-88.207579, 41.993037], [-88.207307, 41.99421], [-88.206885, 41.995137], [-88.204249, 41.998628], [-88.203713, 41.999659], [-88.203461, 42.000557], [-88.203235, 42.005425], [-88.2031, 42.019197], [-88.198661, 42.018741], [-88.197181, 42.018392], [-88.185596, 42.013971], [-88.1834, 42.013473], [-88.184011, 42.010826], [-88.185299, 42.008545], [-88.185608, 42.007251], [-88.186634, 42.005874], [-88.187086, 42.004457], [-88.183827, 42.003543], [-88.183828, 42.002848], [-88.184204, 42.001739], [-88.186665, 41.998134], [-88.186842, 41.994884], [-88.188811, 41.994846], [-88.18879, 41.987593], [-88.207396, 41.987326], [-88.207579, 41.993037]]]}}, {"type": "Feature", "properties": {"tract_fips": "17031824119"}, "geometry": {"type": "Polygon", "coordinates": [[[-87.910488, 41.596706], [-87.91034, 41.598276], [-87.910461, 41.600302], [-87.891447, 41.600671], [-87.890201, 41.557126], [-87.896852, 41.557025], [-87.898435, 41.556829], [-87.901779, 41.556789], [-87.903637, 41.556944], [-87.909377, 41.556819], [-87.909384, 41.563244], [-87.910079, 41.58111], [-87.910488, 41.596706]]]}}, {"type": "Feature", "properties": {"tract_fips": "17031831900"}, "geometry": {"type": "Polygon", "coordinates": [[[-87.67356, 41.943277], [-87.673625, 41.946928], [-87.664015, 41.947068], [-87.663917, 41.943418], [-87.67356, 41.943277]]]}}, {"type": "Feature", "properties": {"tract_fips": "17031832600"}, "geometry": {"type": "Polygon", "coordinates": [[[-87.664214, 41.916968], [-87.658425, 41.917138], [-87.658214, 41.91728], [-87.658219, 41.918034], [-87.648509, 41.91818], [-87.648272, 41.91092], [-87.656873, 41.910785], [-87.657765, 41.913572], [-87.658445, 41.914465], [-87.659318, 41.915184], [-87.66086, 41.915966], [-87.661387, 41.915995], [-87.663011, 41.915414], [-87.663485, 41.915511], [-87.663809, 41.915733], [-87.664214, 41.916968]]]}}, {"type": "Feature", "properties": {"tract_fips": "17031836900"}, "geometry": {"type": "Polygon", "coordinates": [[[-87.711061, 41.882743], [-87.701254, 41.882847], [-87.701208, 41.881026], [-87.711006, 41.880917], [-87.711061, 41.882743]]]}}, {"type": "Feature", "properties": {"tract_fips": "17031842300"}, "geometry": {"type": "Polygon", "coordinates": [[[-87.667802, 41.914329], [-87.666243, 41.91446], [-87.6636, 41.91559], [-87.663011, 41.915414], [-87.661387, 41.915995], [-87.66086, 41.915966], [-87.659318, 41.915184], [-87.658445, 41.914465], [-87.657765, 41.913572], [-87.65686, 41.910603], [-87.657923, 41.907196], [-87.658173, 41.904987], [-87.658011, 41.904147], [-87.656376, 41.902472], [-87.65578, 41.901146], [-87.655118, 41.900646], [-87.654583, 41.900459], [-87.651763, 41.899975], [-87.649116, 41.89821], [-87.646311, 41.897891], [-87.644713, 41.897497], [-87.644389, 41.897168], [-87.644139, 41.896456], [-87.643886, 41.894], [-87.641942, 41.892524], [-87.639356, 41.889081], [-87.647622, 41.889049], [-87.647745, 41.896399], [-87.662405, 41.89615], [-87.662812, 41.908046], [-87.664283, 41.909408], [-87.665192, 41.910665], [-87.667692, 41.91063], [-87.667802, 41.914329]]]}}, {"type": "Feature", "properties": {"tract_fips": "17031839500"}, "geometry": {"type": "Polygon", "coordinates": [[[-87.621879, 41.836497], [-87.618229, 41.836583], [-87.618269, 41.838409], [-87.617123, 41.838423], [-87.616967, 41.8311], [-87.621764, 41.831059], [-87.621879, 41.836497]]]}}, {"type": "Feature", "properties": {"tract_fips": "17031835800"}, "geometry": {"type": "Polygon", "coordinates": [[[-87.621407, 41.816564], [-87.616792, 41.816635], [-87.61654, 41.807563], [-87.618107, 41.807538], [-87.618204, 41.811173], [-87.62126, 41.811125], [-87.621407, 41.816564]]]}}, {"type": "Feature", "properties": {"tract_fips": "17031838800"}, "geometry": {"type": "Polygon", "coordinates": [[[-87.601954, 41.684144], [-87.601761, 41.68569], [-87.601368, 41.686667], [-87.59485, 41.698762], [-87.594578, 41.698931], [-87.593239, 41.70117], [-87.593055, 41.701033], [-87.591928, 41.703134], [-87.588287, 41.705587], [-87.587072, 41.706574], [-87.5873, 41.70775], [-87.559662, 41.708168], [-87.559603, 41.702777], [-87.543823, 41.702763], [-87.545197, 41.700885], [-87.545128, 41.673826], [-87.546435, 41.668017], [-87.546332, 41.661293], [-87.545636, 41.659954], [-87.544594, 41.659115], [-87.550771, 41.662673], [-87.552449, 41.663895], [-87.554232, 41.666458], [-87.554465, 41.666845], [-87.55441, 41.667091], [-87.556408, 41.670347], [-87.556452, 41.670114], [-87.557316, 41.669812], [-87.557968, 41.669109], [-87.559257, 41.66897], [-87.559212, 41.667447], [-87.55888, 41.666574], [-87.558864, 41.662263], [-87.558896, 41.661172], [-87.559221, 41.660277], [-87.559286, 41.659189], [-87.581387, 41.659212], [-87.582795, 41.659357], [-87.586295, 41.660295], [-87.589278, 41.660388], [-87.600195, 41.673091], [-87.601024, 41.674339], [-87.601446, 41.675338], [-87.601709, 41.676572], [-87.601954, 41.684144]]]}}, {"type": "Feature", "properties": {"tract_fips": "17031843400"}, "geometry": {"type": "Polygon", "coordinates": [[[-87.739423, 41.851351], [-87.727187, 41.85163], [-87.72228, 41.851545], [-87.722152, 41.849447], [-87.722261, 41.849309], [-87.739198, 41.845473], [-87.739423, 41.851351]]]}}, {"type": "Feature", "properties": {"tract_fips": "17031842600"}, "geometry": {"type": "Polygon", "coordinates": [[[-87.665462, 41.82315], [-87.636354, 41.823583], [-87.636151, 41.821833], [-87.636036, 41.818152], [-87.635882, 41.818154], [-87.635232, 41.817263], [-87.635205, 41.816358], [-87.64125, 41.816258], [-87.641191, 41.814431], [-87.640818, 41.814438], [-87.640679, 41.808952], [-87.650397, 41.808795], [-87.650343, 41.806972], [-87.650829, 41.806964], [-87.655198, 41.806912], [-87.65524, 41.808734], [-87.664973, 41.808604], [-87.665249, 41.820262], [-87.665462, 41.82315]]]}}, {"type": "Feature", "properties": {"tract_fips": "17093890501"}, "geometry": {"type": "Polygon", "coordinates": [[[-88.602396, 41.638702], [-88.602341, 41.647525], [-88.59103, 41.6487], [-88.58517, 41.64977], [-88.53956, 41.66179], [-88.531353, 41.663661], [-88.53148, 41.66399], [-88.52828, 41.66471], [-88.52789, 41.66493], [-88.52772, 41.66563], [-88.5275, 41.66583], [-88.528056, 41.666388], [-88.52831, 41.6691], [-88.52881, 41.66956], [-88.52982, 41.66992], [-88.52942, 41.67144], [-88.529516, 41.671741], [-88.52899, 41.67315], [-88.52807, 41.67692], [-88.52767, 41.67777], [-88.52683, 41.6786], [-88.52097, 41.68208], [-88.52006, 41.68288], [-88.51975, 41.68342], [-88.51959, 41.68416], [-88.51954, 41.68987], [-88.546099, 41.68988], [-88.54654, 41.69458], [-88.546727, 41.695262], [-88.54738, 41.69652], [-88.54878, 41.69787], [-88.54735, 41.69816], [-88.54717, 41.69853], [-88.54737, 41.704], [-88.54709, 41.70555], [-88.54782, 41.72018], [-88.537457, 41.720381], [-88.536081, 41.720246], [-88.53581, 41.72036], [-88.527583, 41.720587], [-88.489673, 41.721121], [-88.48754, 41.6438], [-88.487673, 41.640129], [-88.490153, 41.639925], [-88.495025, 41.638941], [-88.496042, 41.638537], [-88.498874, 41.638333], [-88.500074, 41.63853], [-88.503133, 41.63789], [-88.506566, 41.636491], [-88.508474, 41.635961], [-88.513522, 41.635567], [-88.51441, 41.634919], [-88.515471, 41.634601], [-88.517476, 41.634144], [-88.521992, 41.633506], [-88.525761, 41.633396], [-88.527579, 41.633526], [-88.529792, 41.633996], [-88.531959, 41.634021], [-88.536458, 41.633586], [-88.537265, 41.633331], [-88.538745, 41.632174], [-88.539099, 41.631708], [-88.586294, 41.6316], [-88.60224, 41.631389], [-88.602396, 41.638702]]]}}, {"type": "Feature", "properties": {"tract_fips": "17093890602"}, "geometry": {"type": "Polygon", "coordinates": [[[-88.60224, 41.631389], [-88.586294, 41.6316], [-88.539099, 41.631708], [-88.538745, 41.632174], [-88.537265, 41.633331], [-88.536458, 41.633586], [-88.531959, 41.634021], [-88.529792, 41.633996], [-88.527579, 41.633526], [-88.525761, 41.633396], [-88.521992, 41.633506], [-88.517476, 41.634144], [-88.515471, 41.634601], [-88.51441, 41.634919], [-88.513522, 41.635567], [-88.508474, 41.635961], [-88.506566, 41.636491], [-88.503133, 41.63789], [-88.500074, 41.63853], [-88.498874, 41.638333], [-88.496042, 41.638537], [-88.495025, 41.638941], [-88.490153, 41.639925], [-88.487673, 41.640129], [-88.487089, 41.635651], [-88.486793, 41.631927], [-88.486673, 41.62622], [-88.49781, 41.62226], [-88.49751, 41.61695], [-88.4959, 41.60988], [-88.495617, 41.601482], [-88.49318, 41.60275], [-88.49139, 41.60348], [-88.48413, 41.60552], [-88.48015, 41.60716], [-88.47752, 41.60871], [-88.46968, 41.61437], [-88.46643, 41.61609], [-88.46338, 41.61704], [-88.45536, 41.61873], [-88.45353, 41.619], [-88.44786, 41.61941], [-88.44432, 41.62002], [-88.425123, 41.625181], [-88.42082, 41.62668], [-88.41193, 41.63076], [-88.40961, 41.63246], [-88.407846, 41.63448], [-88.393383, 41.634826], [-88.369369, 41.63502], [-88.36859, 41.61542], [-88.368552, 41.613345], [-88.368742, 41.61164], [-88.368438, 41.610514], [-88.367867, 41.592588], [-88.368071, 41.591766], [-88.367882, 41.584245], [-88.36723, 41.57714], [-88.366278, 41.54803], [-88.47991, 41.54509], [-88.50308, 41.54499], [-88.551528, 41.544422], [-88.5709, 41.54458], [-88.599007, 41.544263], [-88.599425, 41.555594], [-88.599303, 41.555593], [-88.59945, 41.55618], [-88.59938, 41.55697], [-88.599895, 41.566735], [-88.600046, 41.568985], [-88.600463, 41.569513], [-88.600634, 41.5703], [-88.600214, 41.575261], [-88.60224, 41.631389]]]}}, {"type": "Feature", "properties": {"tract_fips": "17093890404"}, "geometry": {"type": "Polygon", "coordinates": [[[-88.44635, 41.70532], [-88.44553, 41.7064], [-88.44515, 41.70767], [-88.44511, 41.71588], [-88.44478, 41.71812], [-88.443812, 41.721786], [-88.376361, 41.722574], [-88.377385, 41.720948], [-88.378354, 41.721258], [-88.378675, 41.721094], [-88.378856, 41.720611], [-88.378679, 41.719941], [-88.37889, 41.719742], [-88.380465, 41.719772], [-88.380596, 41.719667], [-88.380641, 41.718955], [-88.381072, 41.718757], [-88.381393, 41.718779], [-88.382123, 41.719535], [-88.382911, 41.719231], [-88.383931, 41.717993], [-88.38507, 41.716973], [-88.385209, 41.716108], [-88.386282, 41.715622], [-88.38578, 41.714785], [-88.387364, 41.71349], [-88.388706, 41.713293], [-88.389408, 41.712377], [-88.39064, 41.71241], [-88.39306, 41.71092], [-88.39587, 41.70975], [-88.39679, 41.70967], [-88.39851, 41.70993], [-88.40047, 41.70992], [-88.40211, 41.71038], [-88.40966, 41.71027], [-88.41034, 41.71059], [-88.412664, 41.712493], [-88.413491, 41.712879], [-88.41447, 41.713051], [-88.419663, 41.71298], [-88.41922, 41.69916], [-88.43026, 41.70227], [-88.44635, 41.70532]]]}}, {"type": "Feature", "properties": {"tract_fips": "17093890601"}, "geometry": {"type": "Polygon", "coordinates": [[[-88.49781, 41.62226], [-88.486673, 41.62622], [-88.486793, 41.631927], [-88.487089, 41.635651], [-88.487673, 41.640129], [-88.486313, 41.640121], [-88.484112, 41.640607], [-88.481585, 41.641621], [-88.473417, 41.643685], [-88.464609, 41.644869], [-88.462639, 41.644939], [-88.458289, 41.644445], [-88.452272, 41.643229], [-88.450784, 41.643185], [-88.447198, 41.643583], [-88.436783, 41.642553], [-88.432437, 41.64195], [-88.430566, 41.642383], [-88.428335, 41.643185], [-88.427073, 41.643409], [-88.419567, 41.643277], [-88.417971, 41.643629], [-88.417696, 41.634089], [-88.407846, 41.63448], [-88.40961, 41.63246], [-88.41193, 41.63076], [-88.42082, 41.62668], [-88.425123, 41.625181], [-88.44432, 41.62002], [-88.44786, 41.61941], [-88.45353, 41.619], [-88.45536, 41.61873], [-88.46338, 41.61704], [-88.46643, 41.61609], [-88.46968, 41.61437], [-88.47752, 41.60871], [-88.48015, 41.60716], [-88.48413, 41.60552], [-88.49139, 41.60348], [-88.49318, 41.60275], [-88.495617, 41.601482], [-88.4959, 41.60988], [-88.49751, 41.61695], [-88.49781, 41.62226]]]}}, {"type": "Feature", "properties": {"tract_fips": "17093890401"}, "geometry": {"type": "Polygon", "coordinates": [[[-88.489673, 41.721121], [-88.443812, 41.721786], [-88.44478, 41.71812], [-88.44511, 41.71588], [-88.44522, 41.70723], [-88.44573, 41.70605], [-88.44784, 41.70346], [-88.44831, 41.70224], [-88.44842, 41.70139], [-88.44818, 41.69232], [-88.44783, 41.68938], [-88.44733, 41.68738], [-88.44506, 41.6804], [-88.44376, 41.67381], [-88.44205, 41.67049], [-88.44175, 41.669], [-88.44286, 41.65511], [-88.4434, 41.65308], [-88.44516, 41.65143], [-88.44541, 41.65093], [-88.446519, 41.643503], [-88.448322, 41.643537], [-88.450784, 41.643185], [-88.452272, 41.643229], [-88.458289, 41.644445], [-88.46196, 41.644901], [-88.464609, 41.644869], [-88.473417, 41.643685], [-88.481585, 41.641621], [-88.484112, 41.640607], [-88.486313, 41.640121], [-88.487673, 41.640129], [-88.48754, 41.6438], [-88.489673, 41.721121]]]}}, {"type": "Feature", "properties": {"tract_fips": "17093890107"}, "geometry": {"type": "Polygon", "coordinates": [[[-88.3481, 41.67739], [-88.34568, 41.6794], [-88.3396, 41.68707], [-88.33634, 41.69091], [-88.33535, 41.69156], [-88.33435, 41.69194], [-88.32695, 41.69387], [-88.325228, 41.694533], [-88.326603, 41.696214], [-88.32779, 41.698037], [-88.328008, 41.698644], [-88.328112, 41.699729], [-88.327917, 41.700473], [-88.326219, 41.701912], [-88.318832, 41.705712], [-88.318601, 41.706141], [-88.318182, 41.708288], [-88.317636, 41.708841], [-88.31624, 41.70619], [-88.31628, 41.70578], [-88.31775, 41.70235], [-88.31772, 41.701653], [-88.31459, 41.69836], [-88.31426, 41.69771], [-88.31404, 41.69036], [-88.3098, 41.69069], [-88.30947, 41.68024], [-88.30892, 41.67788], [-88.30786, 41.64445], [-88.31172, 41.64593], [-88.31353, 41.64695], [-88.3481, 41.67739]]]}}, {"type": "Feature", "properties": {"tract_fips": "17031841900"}, "geometry": {"type": "Polygon", "coordinates": [[[-87.651874, 41.876601], [-87.637377, 41.876799], [-87.637148, 41.876068], [-87.636171, 41.874903], [-87.636023, 41.874407], [-87.635436, 41.871799], [-87.634844, 41.867851], [-87.634557, 41.865271], [-87.634485, 41.859073], [-87.634877, 41.858503], [-87.635131, 41.857759], [-87.638936, 41.857665], [-87.639014, 41.860018], [-87.650822, 41.859853], [-87.651247, 41.872675], [-87.651766, 41.873189], [-87.651874, 41.876601]]]}}, {"type": "Feature", "properties": {"tract_fips": "17031843200"}, "geometry": {"type": "Polygon", "coordinates": [[[-87.678293, 41.852137], [-87.641788, 41.852699], [-87.64194, 41.859984], [-87.639014, 41.860018], [-87.638936, 41.857665], [-87.635131, 41.857759], [-87.63562, 41.856668], [-87.636139, 41.856172], [-87.63745, 41.855142], [-87.639164, 41.854367], [-87.642508, 41.850021], [-87.643249, 41.849588], [-87.646246, 41.849253], [-87.649678, 41.848279], [-87.653777, 41.847993], [-87.655981, 41.848243], [-87.657074, 41.848187], [-87.658843, 41.84729], [-87.661546, 41.845441], [-87.663149, 41.844685], [-87.664449, 41.844617], [-87.664331, 41.8427], [-87.664951, 41.841846], [-87.664983, 41.841461], [-87.664251, 41.839206], [-87.666513, 41.837968], [-87.668827, 41.837364], [-87.677949, 41.837119], [-87.678152, 41.838055], [-87.678075, 41.840419], [-87.677849, 41.840724], [-87.677748, 41.841772], [-87.678144, 41.842494], [-87.67806, 41.844652], [-87.678293, 41.852137]]]}}, {"type": "Feature", "properties": {"tract_fips": "17031803200"}, "geometry": {"type": "Polygon", "coordinates": [[[-88.004731, 42.088343], [-88.004617, 42.107279], [-88.004374, 42.110158], [-87.992513, 42.110088], [-87.992465, 42.105284], [-87.99213, 42.104922], [-87.990516, 42.104147], [-87.990176, 42.103603], [-87.990196, 42.088319], [-88.004731, 42.088343]]]}}, {"type": "Feature", "properties": {"tract_fips": "17031803300"}, "geometry": {"type": "Polygon", "coordinates": [[[-88.004793, 42.082476], [-88.004732, 42.088314], [-87.982873, 42.088289], [-87.98289, 42.090143], [-87.975597, 42.090067], [-87.975621, 42.080986], [-87.976628, 42.081227], [-87.980468, 42.082947], [-87.980491, 42.081016], [-88.001774, 42.081085], [-88.001749, 42.082515], [-88.004793, 42.082476]]]}}, {"type": "Feature", "properties": {"tract_fips": "17031808900"}, "geometry": {"type": "Polygon", "coordinates": [[[-87.732456, 42.062481], [-87.732352, 42.068915], [-87.729163, 42.069618], [-87.729104, 42.069112], [-87.702732, 42.068986], [-87.698805, 42.064323], [-87.727333, 42.064609], [-87.727371, 42.062483], [-87.732456, 42.062481]]]}}, {"type": "Feature", "properties": {"tract_fips": "17031809000"}, "geometry": {"type": "Polygon", "coordinates": [[[-87.72747, 42.055256], [-87.727333, 42.064609], [-87.710717, 42.064436], [-87.710844, 42.053839], [-87.711238, 42.053367], [-87.714903, 42.055087], [-87.715968, 42.055343], [-87.72747, 42.055256]]]}}, {"type": "Feature", "properties": {"tract_fips": "17031301803"}, "geometry": {"type": "Polygon", "coordinates": [[[-87.731691, 41.83864], [-87.731083, 41.838648], [-87.731188, 41.842321], [-87.724499, 41.84241], [-87.724351, 41.836882], [-87.731638, 41.836802], [-87.731691, 41.83864]]]}}, {"type": "Feature", "properties": {"tract_fips": "17031809100"}, "geometry": {"type": "Polygon", "coordinates": [[[-87.711238, 42.053367], [-87.710844, 42.053839], [-87.710717, 42.064436], [-87.698805, 42.064323], [-87.694387, 42.059071], [-87.705597, 42.053912], [-87.708169, 42.052288], [-87.709968, 42.052772], [-87.711238, 42.053367]]]}}, {"type": "Feature", "properties": {"tract_fips": "17031809200"}, "geometry": {"type": "Polygon", "coordinates": [[[-87.709605, 42.048203], [-87.709171, 42.049301], [-87.708856, 42.052429], [-87.708169, 42.052288], [-87.705597, 42.053912], [-87.694387, 42.059071], [-87.691122, 42.055163], [-87.690429, 42.054102], [-87.688734, 42.052229], [-87.693548, 42.052176], [-87.693612, 42.048589], [-87.698642, 42.04836], [-87.709605, 42.048203]]]}}, {"type": "Feature", "properties": {"tract_fips": "17031809300"}, "geometry": {"type": "Polygon", "coordinates": [[[-87.694387, 42.059071], [-87.690181, 42.060976], [-87.688231, 42.062621], [-87.687571, 42.063363], [-87.687163, 42.064211], [-87.681583, 42.064098], [-87.681749, 42.052076], [-87.688734, 42.052229], [-87.690429, 42.054102], [-87.691122, 42.055163], [-87.694387, 42.059071]]]}}, {"type": "Feature", "properties": {"tract_fips": "17031320101"}, "geometry": {"type": "Polygon", "coordinates": [[[-87.620791, 41.880873], [-87.620718, 41.884515], [-87.620557, 41.884514], [-87.62061, 41.887659], [-87.620464, 41.888585], [-87.614171, 41.888397], [-87.613913, 41.888324], [-87.613911, 41.888081], [-87.613438, 41.887887], [-87.612725, 41.887927], [-87.612753, 41.883517], [-87.613633, 41.882764], [-87.614414, 41.882534], [-87.615703, 41.882442], [-87.616227, 41.882174], [-87.616489, 41.881442], [-87.615768, 41.881437], [-87.615752, 41.880907], [-87.620791, 41.880873]]]}}, {"type": "Feature", "properties": {"tract_fips": "17031829904"}, "geometry": {"type": "Polygon", "coordinates": [[[-87.792793, 41.55854], [-87.768729, 41.558909], [-87.767213, 41.558699], [-87.764276, 41.557613], [-87.762361, 41.557178], [-87.762672, 41.557038], [-87.733127, 41.557093], [-87.732884, 41.553923], [-87.732781, 41.548701], [-87.731091, 41.548685], [-87.731015, 41.547697], [-87.730621, 41.547178], [-87.730949, 41.546701], [-87.730859, 41.545713], [-87.731479, 41.545602], [-87.731423, 41.544412], [-87.731235, 41.543946], [-87.730487, 41.543356], [-87.730766, 41.542551], [-87.771142, 41.542648], [-87.771108, 41.536007], [-87.770967, 41.534249], [-87.771079, 41.528128], [-87.790408, 41.528041], [-87.790366, 41.53965], [-87.792132, 41.538309], [-87.792793, 41.55854]]]}}, {"type": "Feature", "properties": {"tract_fips": "17031804204"}, "geometry": {"type": "Polygon", "coordinates": [[[-88.238449, 42.154249], [-88.136089, 42.154213], [-88.136271, 42.128752], [-88.136611, 42.12726], [-88.138023, 42.123334], [-88.138635, 42.122044], [-88.14052, 42.119101], [-88.14094, 42.118015], [-88.141091, 42.116667], [-88.141094, 42.11039], [-88.170603, 42.110298], [-88.175158, 42.113099], [-88.17694, 42.113889], [-88.177593, 42.114047], [-88.178991, 42.113054], [-88.178304, 42.112465], [-88.179221, 42.110556], [-88.179743, 42.110267], [-88.179581, 42.109614], [-88.180146, 42.106619], [-88.179977, 42.071874], [-88.179801, 42.067326], [-88.183581, 42.067226], [-88.184376, 42.067026], [-88.192765, 42.067427], [-88.203516, 42.067434], [-88.209115, 42.067347], [-88.214178, 42.06703], [-88.238186, 42.066985], [-88.238344, 42.103115], [-88.238292, 42.141967], [-88.238449, 42.154249]]]}}, {"type": "Feature", "properties": {"tract_fips": "17031804316"}, "geometry": {"type": "Polygon", "coordinates": [[[-88.22368, 42.028037], [-88.220354, 42.028371], [-88.219244, 42.028718], [-88.21759, 42.029525], [-88.215703, 42.030016], [-88.212871, 42.030258], [-88.20748, 42.030203], [-88.202742, 42.031449], [-88.179921, 42.031675], [-88.180369, 42.028077], [-88.181013, 42.025744], [-88.18171, 42.023938], [-88.182701, 42.024014], [-88.183505, 42.024336], [-88.184645, 42.02598], [-88.185392, 42.026318], [-88.187476, 42.026328], [-88.188517, 42.02589], [-88.189219, 42.026263], [-88.190951, 42.026332], [-88.191261, 42.026092], [-88.191321, 42.024516], [-88.191129, 42.02428], [-88.190023, 42.02386], [-88.190228, 42.023248], [-88.190146, 42.021855], [-88.194598, 42.020234], [-88.197035, 42.020291], [-88.198307, 42.020562], [-88.198355, 42.018677], [-88.20381, 42.019325], [-88.212077, 42.021376], [-88.213784, 42.022075], [-88.215831, 42.023196], [-88.222245, 42.027011], [-88.22368, 42.028037]]]}}, {"type": "Feature", "properties": {"tract_fips": "17031804514"}, "geometry": {"type": "Polygon", "coordinates": [[[-88.262922, 41.993616], [-88.247555, 41.993915], [-88.246897, 42.008427], [-88.233038, 42.003101], [-88.233049, 42.002911], [-88.229489, 42.001889], [-88.212308, 41.999565], [-88.209899, 41.999012], [-88.205287, 41.997402], [-88.206885, 41.995137], [-88.207477, 41.993636], [-88.207619, 41.992534], [-88.207396, 41.987326], [-88.228369, 41.987031], [-88.228708, 41.986705], [-88.231383, 41.986646], [-88.232266, 41.986957], [-88.262875, 41.986378], [-88.262922, 41.993616]]]}}, {"type": "Feature", "properties": {"tract_fips": "17031330103"}, "geometry": {"type": "Polygon", "coordinates": [[[-87.627202, 41.860744], [-87.625673, 41.860815], [-87.625663, 41.860209], [-87.620858, 41.860237], [-87.620767, 41.857921], [-87.619618, 41.857855], [-87.619138, 41.856821], [-87.619041, 41.853002], [-87.62709, 41.852943], [-87.627202, 41.860744]]]}}, {"type": "Feature", "properties": {"tract_fips": "17031380600"}, "geometry": {"type": "Polygon", "coordinates": [[[-87.629357, 41.823676], [-87.616732, 41.823838], [-87.616529, 41.816638], [-87.629126, 41.816451], [-87.629357, 41.823676]]]}}, {"type": "Feature", "properties": {"tract_fips": "17031330102"}, "geometry": {"type": "Polygon", "coordinates": [[[-87.627338, 41.867477], [-87.622673, 41.867562], [-87.622557, 41.864135], [-87.619793, 41.864159], [-87.619266, 41.860952], [-87.620809, 41.861227], [-87.620858, 41.860237], [-87.625663, 41.860209], [-87.625673, 41.860815], [-87.627202, 41.860744], [-87.627338, 41.867477]]]}}, {"type": "Feature", "properties": {"tract_fips": "17031330101"}, "geometry": {"type": "Polygon", "coordinates": [[[-87.622676, 41.867478], [-87.619408, 41.867605], [-87.618962, 41.867503], [-87.618171, 41.868388], [-87.616551, 41.868133], [-87.61478, 41.868251], [-87.605255, 41.869818], [-87.604838, 41.854236], [-87.603387, 41.850132], [-87.609256, 41.850106], [-87.611731, 41.849472], [-87.6124, 41.849061], [-87.613288, 41.849038], [-87.614983, 41.848285], [-87.617743, 41.848176], [-87.617874, 41.848722], [-87.618898, 41.849886], [-87.619032, 41.850745], [-87.617981, 41.851112], [-87.617577, 41.853011], [-87.619041, 41.853002], [-87.619165, 41.856913], [-87.619618, 41.857855], [-87.620767, 41.857921], [-87.620809, 41.861227], [-87.619266, 41.860952], [-87.619793, 41.864159], [-87.622557, 41.864135], [-87.622676, 41.867478]]]}}, {"type": "Feature", "properties": {"tract_fips": "17031460800"}, "geometry": {"type": "Polygon", "coordinates": [[[-87.565701, 41.737198], [-87.543075, 41.737485], [-87.542983, 41.733834], [-87.559576, 41.73363], [-87.560186, 41.73323], [-87.565701, 41.737198]]]}}, {"type": "Feature", "properties": {"tract_fips": "17031806005"}, "geometry": {"type": "Polygon", "coordinates": [[[-87.855152, 42.039516], [-87.855124, 42.046801], [-87.845374, 42.04717], [-87.845383, 42.043519], [-87.847125, 42.043474], [-87.847115, 42.042468], [-87.847514, 42.041561], [-87.847534, 42.039802], [-87.855152, 42.039516]]]}}, {"type": "Feature", "properties": {"tract_fips": "17031806006"}, "geometry": {"type": "Polygon", "coordinates": [[[-87.855124, 42.046801], [-87.855007, 42.054099], [-87.845366, 42.054449], [-87.845374, 42.04717], [-87.855124, 42.046801]]]}}, {"type": "Feature", "properties": {"tract_fips": "17031804203"}, "geometry": {"type": "Polygon", "coordinates": [[[-88.179977, 42.071874], [-88.18006, 42.107467], [-88.179581, 42.109614], [-88.179743, 42.110267], [-88.179221, 42.110556], [-88.178304, 42.112465], [-88.178991, 42.113054], [-88.177593, 42.114047], [-88.17587, 42.113484], [-88.170603, 42.110298], [-88.141094, 42.11039], [-88.141045, 42.074484], [-88.141189, 42.073661], [-88.141174, 42.068458], [-88.140998, 42.067941], [-88.140254, 42.067123], [-88.150475, 42.067326], [-88.160626, 42.066971], [-88.163412, 42.067224], [-88.179801, 42.067326], [-88.179977, 42.071874]]]}}, {"type": "Feature", "properties": {"tract_fips": "17031803614"}, "geometry": {"type": "Polygon", "coordinates": [[[-88.021795, 42.139152], [-88.004598, 42.139129], [-88.004601, 42.129397], [-88.005852, 42.130394], [-88.005348, 42.130846], [-88.005325, 42.134006], [-88.007051, 42.133932], [-88.008137, 42.132721], [-88.008891, 42.132648], [-88.009007, 42.132401], [-88.013129, 42.133544], [-88.015766, 42.134792], [-88.021795, 42.139152]]]}}, {"type": "Feature", "properties": {"tract_fips": "17031803616"}, "geometry": {"type": "Polygon", "coordinates": [[[-88.075623, 42.125403], [-88.07442, 42.126921], [-88.074169, 42.127952], [-88.073877, 42.128195], [-88.071759, 42.128276], [-88.071767, 42.128651], [-88.068476, 42.128626], [-88.068477, 42.129973], [-88.068809, 42.130433], [-88.068808, 42.131124], [-88.068783, 42.131761], [-88.068437, 42.132188], [-88.068424, 42.132889], [-88.068778, 42.133392], [-88.068756, 42.134454], [-88.070099, 42.134657], [-88.070462, 42.134395], [-88.070819, 42.134361], [-88.071738, 42.134629], [-88.071055, 42.135475], [-88.071056, 42.136415], [-88.063453, 42.137191], [-88.054533, 42.139265], [-88.0485, 42.139293], [-88.048533, 42.122445], [-88.056941, 42.124613], [-88.059348, 42.124862], [-88.063113, 42.124872], [-88.063111, 42.119833], [-88.075623, 42.125403]]]}}, {"type": "Feature", "properties": {"tract_fips": "17031809402"}, "geometry": {"type": "Polygon", "coordinates": [[[-87.688147, 42.052141], [-87.684, 42.052104], [-87.681568, 42.050471], [-87.676386, 42.048994], [-87.677952, 42.045761], [-87.682473, 42.046966], [-87.684091, 42.047034], [-87.685108, 42.048482], [-87.688147, 42.052141]]]}}, {"type": "Feature", "properties": {"tract_fips": "17031828508"}, "geometry": {"type": "Polygon", "coordinates": [[[-87.558636, 41.542825], [-87.551743, 41.542767], [-87.551725, 41.541546], [-87.548169, 41.541558], [-87.547531, 41.541365], [-87.54713, 41.540972], [-87.546953, 41.535509], [-87.548747, 41.53563], [-87.549889, 41.535501], [-87.55236, 41.535571], [-87.552302, 41.528812], [-87.542039, 41.528859], [-87.54203, 41.528214], [-87.529482, 41.528323], [-87.529262, 41.506656], [-87.531667, 41.503909], [-87.533644, 41.506475], [-87.558225, 41.506482], [-87.558636, 41.542825]]]}}, {"type": "Feature", "properties": {"tract_fips": "17031828507"}, "geometry": {"type": "Polygon", "coordinates": [[[-87.552302, 41.528812], [-87.55236, 41.535571], [-87.549889, 41.535501], [-87.548747, 41.53563], [-87.546953, 41.535509], [-87.547037, 41.540662], [-87.54717, 41.541038], [-87.547531, 41.541365], [-87.548169, 41.541558], [-87.551725, 41.541546], [-87.551743, 41.542767], [-87.529589, 41.542925], [-87.529618, 41.54775], [-87.525404, 41.547823], [-87.525607, 41.528344], [-87.525553, 41.498876], [-87.529176, 41.498896], [-87.529231, 41.500413], [-87.52945, 41.501063], [-87.531667, 41.503909], [-87.529262, 41.506656], [-87.529482, 41.528323], [-87.54203, 41.528214], [-87.542039, 41.528859], [-87.552302, 41.528812]]]}}, {"type": "Feature", "properties": {"tract_fips": "17031824126"}, "geometry": {"type": "Polygon", "coordinates": [[[-87.8424, 41.559188], [-87.841909, 41.56345], [-87.841092, 41.565136], [-87.841137, 41.566541], [-87.841926, 41.570052], [-87.841959, 41.572401], [-87.832231, 41.572569], [-87.832454, 41.579828], [-87.822707, 41.579984], [-87.822092, 41.560838], [-87.822245, 41.560099], [-87.822729, 41.559345], [-87.824059, 41.558438], [-87.825563, 41.558124], [-87.841951, 41.557862], [-87.8424, 41.559188]]]}}, {"type": "Feature", "properties": {"tract_fips": "17031824508"}, "geometry": {"type": "Polygon", "coordinates": [[[-87.806347, 41.616782], [-87.794642, 41.617053], [-87.794815, 41.621416], [-87.795055, 41.622339], [-87.795891, 41.624134], [-87.796098, 41.625326], [-87.795199, 41.629662], [-87.79518, 41.631595], [-87.785019, 41.63171], [-87.784871, 41.624394], [-87.785806, 41.623864], [-87.786036, 41.623551], [-87.785804, 41.617049], [-87.781027, 41.61713], [-87.780982, 41.615694], [-87.780844, 41.615345], [-87.780734, 41.615196], [-87.779901, 41.615495], [-87.779109, 41.615572], [-87.779079, 41.614397], [-87.779263, 41.614097], [-87.780907, 41.613255], [-87.781291, 41.612816], [-87.780972, 41.609813], [-87.783851, 41.609762], [-87.785535, 41.609957], [-87.785288, 41.602392], [-87.79416, 41.602284], [-87.794374, 41.609232], [-87.801403, 41.609147], [-87.801487, 41.611486], [-87.805545, 41.611321], [-87.806253, 41.612598], [-87.806347, 41.616782]]]}}, {"type": "Feature", "properties": {"tract_fips": "17197880416"}, "geometry": {"type": "Polygon", "coordinates": [[[-88.200347, 41.565115], [-88.181057, 41.565287], [-88.180405, 41.550775], [-88.199785, 41.550566], [-88.200347, 41.565115]]]}}, {"type": "Feature", "properties": {"tract_fips": "17031820203"}, "geometry": {"type": "Polygon", "coordinates": [[[-87.914264, 41.716598], [-87.915411, 41.745716], [-87.886318, 41.746377], [-87.885932, 41.739075], [-87.885178, 41.738343], [-87.880065, 41.734412], [-87.883866, 41.731627], [-87.886524, 41.731633], [-87.887469, 41.731037], [-87.88845, 41.730737], [-87.889553, 41.729353], [-87.893428, 41.727045], [-87.90264, 41.722627], [-87.914264, 41.716598]]]}}, {"type": "Feature", "properties": {"tract_fips": "17031824509"}, "geometry": {"type": "Polygon", "coordinates": [[[-87.78604, 41.623443], [-87.785806, 41.623864], [-87.784706, 41.624416], [-87.756764, 41.624907], [-87.756484, 41.617583], [-87.763565, 41.617452], [-87.763556, 41.615929], [-87.763078, 41.615788], [-87.762836, 41.615462], [-87.763217, 41.614724], [-87.763152, 41.612647], [-87.766628, 41.612587], [-87.766652, 41.613355], [-87.769201, 41.613374], [-87.769458, 41.612835], [-87.76997, 41.612436], [-87.772052, 41.612063], [-87.772862, 41.611644], [-87.773444, 41.610892], [-87.773533, 41.609955], [-87.780972, 41.609813], [-87.781291, 41.612816], [-87.780907, 41.613255], [-87.779182, 41.614174], [-87.779109, 41.615572], [-87.779901, 41.615495], [-87.780734, 41.615196], [-87.780982, 41.615694], [-87.781027, 41.61713], [-87.785804, 41.617049], [-87.78604, 41.623443]]]}}, {"type": "Feature", "properties": {"tract_fips": "17031824127"}, "geometry": {"type": "Polygon", "coordinates": [[[-87.853957, 41.557712], [-87.853728, 41.560457], [-87.853112, 41.560464], [-87.852687, 41.561609], [-87.852011, 41.563799], [-87.851607, 41.566188], [-87.852374, 41.586738], [-87.84737, 41.586821], [-87.847111, 41.579573], [-87.832454, 41.579828], [-87.832231, 41.572569], [-87.841959, 41.572401], [-87.841926, 41.570052], [-87.841137, 41.566541], [-87.841092, 41.565136], [-87.841909, 41.56345], [-87.8424, 41.559188], [-87.841951, 41.557862], [-87.853957, 41.557712]]]}}, {"type": "Feature", "properties": {"tract_fips": "17031824125"}, "geometry": {"type": "Polygon", "coordinates": [[[-87.847111, 41.579573], [-87.84737, 41.586821], [-87.843851, 41.586879], [-87.843925, 41.590175], [-87.843716, 41.590537], [-87.843022, 41.591024], [-87.841756, 41.591239], [-87.841218, 41.59167], [-87.841115, 41.592236], [-87.841209, 41.594256], [-87.832965, 41.594366], [-87.832711, 41.587867], [-87.829863, 41.587913], [-87.82982, 41.587008], [-87.829418, 41.586253], [-87.829203, 41.579881], [-87.847111, 41.579573]]]}}, {"type": "Feature", "properties": {"tract_fips": "17031824124"}, "geometry": {"type": "Polygon", "coordinates": [[[-87.852951, 41.60136], [-87.833252, 41.601694], [-87.832965, 41.594366], [-87.841209, 41.594256], [-87.841115, 41.592236], [-87.841218, 41.59167], [-87.841756, 41.591239], [-87.843022, 41.591024], [-87.843716, 41.590537], [-87.843925, 41.590175], [-87.843851, 41.586879], [-87.852374, 41.586738], [-87.852951, 41.60136]]]}}, {"type": "Feature", "properties": {"tract_fips": "17031824129"}, "geometry": {"type": "Polygon", "coordinates": [[[-87.891447, 41.600671], [-87.852951, 41.60136], [-87.852374, 41.586738], [-87.881403, 41.586274], [-87.880671, 41.564406], [-87.890423, 41.564288], [-87.891447, 41.600671]]]}}, {"type": "Feature", "properties": {"tract_fips": "17031824128"}, "geometry": {"type": "Polygon", "coordinates": [[[-87.890423, 41.564288], [-87.880671, 41.564406], [-87.881403, 41.586274], [-87.852374, 41.586738], [-87.851607, 41.566188], [-87.852011, 41.563799], [-87.852687, 41.561609], [-87.853112, 41.560464], [-87.853728, 41.560457], [-87.853957, 41.557645], [-87.890201, 41.557126], [-87.890423, 41.564288]]]}}, {"type": "Feature", "properties": {"tract_fips": "17031829903"}, "geometry": {"type": "Polygon", "coordinates": [[[-87.733127, 41.557093], [-87.713614, 41.557132], [-87.713469, 41.549753], [-87.713348, 41.549727], [-87.71339, 41.542503], [-87.730766, 41.542551], [-87.730487, 41.543356], [-87.731235, 41.543946], [-87.731423, 41.544412], [-87.731479, 41.545602], [-87.730859, 41.545713], [-87.730949, 41.546701], [-87.730621, 41.547178], [-87.731015, 41.547697], [-87.731091, 41.548685], [-87.732781, 41.548701], [-87.732884, 41.553923], [-87.733127, 41.557093]]]}}, {"type": "Feature", "properties": {"tract_fips": "17031804313"}, "geometry": {"type": "Polygon", "coordinates": [[[-88.263641, 42.066873], [-88.248441, 42.067073], [-88.22373, 42.066926], [-88.213657, 42.06711], [-88.213636, 42.066426], [-88.213735, 42.06515], [-88.215202, 42.061554], [-88.215698, 42.060801], [-88.219, 42.061725], [-88.220525, 42.061771], [-88.22159, 42.061522], [-88.222506, 42.061066], [-88.225452, 42.058329], [-88.226731, 42.05776], [-88.23255, 42.058022], [-88.234051, 42.057749], [-88.236557, 42.056984], [-88.239865, 42.056571], [-88.246215, 42.05647], [-88.253706, 42.056766], [-88.253696, 42.059411], [-88.258106, 42.059406], [-88.258822, 42.059099], [-88.262391, 42.059093], [-88.262796, 42.059212], [-88.263542, 42.058654], [-88.263641, 42.066873]]]}}, {"type": "Feature", "properties": {"tract_fips": "17031804312"}, "geometry": {"type": "Polygon", "coordinates": [[[-88.226085, 42.05795], [-88.225259, 42.058483], [-88.222506, 42.061066], [-88.221172, 42.061654], [-88.219968, 42.061808], [-88.219, 42.061725], [-88.215698, 42.060801], [-88.215202, 42.061554], [-88.213735, 42.06515], [-88.213657, 42.06711], [-88.206096, 42.067397], [-88.192765, 42.067427], [-88.184376, 42.067026], [-88.183581, 42.067226], [-88.179801, 42.067326], [-88.179046, 42.063303], [-88.17904, 42.046322], [-88.183071, 42.04623], [-88.201766, 42.045074], [-88.218619, 42.044931], [-88.221662, 42.045173], [-88.219914, 42.052349], [-88.219966, 42.052968], [-88.220253, 42.053724], [-88.222329, 42.05571], [-88.225232, 42.057132], [-88.226085, 42.05795]]]}}, {"type": "Feature", "properties": {"tract_fips": "17031820204"}, "geometry": {"type": "Polygon", "coordinates": [[[-87.915811, 41.756835], [-87.910019, 41.759307], [-87.905987, 41.761317], [-87.902259, 41.762955], [-87.894443, 41.767271], [-87.891387, 41.768289], [-87.887563, 41.769859], [-87.86816, 41.778548], [-87.867543, 41.76188], [-87.872941, 41.761175], [-87.875525, 41.760991], [-87.886932, 41.760886], [-87.886318, 41.746377], [-87.915411, 41.745716], [-87.915811, 41.756835]]]}}, {"type": "Feature", "properties": {"tract_fips": "17031804314"}, "geometry": {"type": "Polygon", "coordinates": [[[-88.230534, 42.032439], [-88.230079, 42.038279], [-88.228041, 42.038334], [-88.227667, 42.038485], [-88.223261, 42.042031], [-88.222762, 42.042571], [-88.221662, 42.045173], [-88.218619, 42.044931], [-88.201766, 42.045074], [-88.183071, 42.04623], [-88.17904, 42.046322], [-88.179062, 42.035881], [-88.179686, 42.033385], [-88.179921, 42.031675], [-88.202742, 42.031449], [-88.20748, 42.030203], [-88.212871, 42.030258], [-88.215703, 42.030016], [-88.21759, 42.029525], [-88.219244, 42.028718], [-88.220354, 42.028371], [-88.22368, 42.028037], [-88.225171, 42.029203], [-88.226169, 42.029715], [-88.227402, 42.030069], [-88.229753, 42.030272], [-88.229774, 42.030662], [-88.230534, 42.032439]]]}}, {"type": "Feature", "properties": {"tract_fips": "17031630600"}, "geometry": {"type": "Polygon", "coordinates": [[[-87.703865, 41.804309], [-87.679726, 41.804631], [-87.679588, 41.797877], [-87.678885, 41.794786], [-87.678815, 41.793868], [-87.684042, 41.793877], [-87.684224, 41.801146], [-87.703766, 41.800821], [-87.703865, 41.804309]]]}}, {"type": "Feature", "properties": {"tract_fips": "17031490200"}, "geometry": {"type": "Polygon", "coordinates": [[[-87.623938, 41.729042], [-87.619177, 41.729119], [-87.61919, 41.729523], [-87.616699, 41.728838], [-87.614301, 41.72787], [-87.614273, 41.726934], [-87.611584, 41.725588], [-87.610696, 41.725594], [-87.609609, 41.725099], [-87.609391, 41.724944], [-87.609372, 41.724485], [-87.60711, 41.723377], [-87.604492, 41.722548], [-87.604482, 41.722044], [-87.62373, 41.721703], [-87.623938, 41.729042]]]}}, {"type": "Feature", "properties": {"tract_fips": "17031612200"}, "geometry": {"type": "Polygon", "coordinates": [[[-87.660106, 41.808669], [-87.65524, 41.808734], [-87.655198, 41.806912], [-87.650829, 41.806964], [-87.650343, 41.806972], [-87.650397, 41.808795], [-87.645538, 41.808864], [-87.645345, 41.801584], [-87.659918, 41.801382], [-87.660106, 41.808669]]]}}, {"type": "Feature", "properties": {"tract_fips": "17031844700"}, "geometry": {"type": "Polygon", "coordinates": [[[-87.719872, 41.851607], [-87.719889, 41.852874], [-87.70543, 41.857978], [-87.705307, 41.853587], [-87.711203, 41.853551], [-87.711143, 41.851991], [-87.712562, 41.85169], [-87.719872, 41.851607]]]}}, {"type": "Feature", "properties": {"tract_fips": "17031844600"}, "geometry": {"type": "Polygon", "coordinates": [[[-87.629126, 41.816451], [-87.621407, 41.816564], [-87.62126, 41.811125], [-87.62613, 41.811054], [-87.626085, 41.809236], [-87.628916, 41.809185], [-87.629126, 41.816451]]]}}, {"type": "Feature", "properties": {"tract_fips": "17031803613"}, "geometry": {"type": "Polygon", "coordinates": [[[-88.025221, 42.14226], [-88.02412, 42.142273], [-88.023987, 42.142849], [-88.019871, 42.143144], [-88.018772, 42.143122], [-88.017186, 42.142819], [-88.016485, 42.143307], [-88.016219, 42.143933], [-88.015857, 42.144202], [-88.014691, 42.144399], [-88.014153, 42.144306], [-88.013459, 42.144492], [-88.011199, 42.144453], [-88.011036, 42.14427], [-88.011039, 42.143274], [-88.010632, 42.143661], [-88.009322, 42.143232], [-88.008421, 42.143379], [-88.007618, 42.143715], [-88.006422, 42.143775], [-88.005733, 42.144107], [-88.005079, 42.14402], [-88.004852, 42.144332], [-88.004839, 42.144843], [-88.004477, 42.144994], [-88.004598, 42.139129], [-88.021795, 42.139152], [-88.023496, 42.14056], [-88.025221, 42.14226]]]}}, {"type": "Feature", "properties": {"tract_fips": "17031803615"}, "geometry": {"type": "Polygon", "coordinates": [[[-88.093292, 42.133667], [-88.074757, 42.136071], [-88.071056, 42.136415], [-88.071055, 42.135475], [-88.071738, 42.134629], [-88.070819, 42.134361], [-88.070462, 42.134395], [-88.070099, 42.134657], [-88.068756, 42.134454], [-88.068778, 42.133392], [-88.068424, 42.132889], [-88.068437, 42.132188], [-88.068783, 42.131761], [-88.068808, 42.131124], [-88.068809, 42.130433], [-88.068477, 42.129973], [-88.068476, 42.128626], [-88.071767, 42.128651], [-88.071759, 42.128276], [-88.073877, 42.128195], [-88.074169, 42.127952], [-88.074477, 42.126829], [-88.075623, 42.125403], [-88.090743, 42.132118], [-88.093292, 42.133667]]]}}, {"type": "Feature", "properties": {"tract_fips": "17031804512"}, "geometry": {"type": "Polygon", "coordinates": [[[-88.237904, 42.020891], [-88.237404, 42.026397], [-88.236745, 42.030452], [-88.233296, 42.030589], [-88.227402, 42.030069], [-88.226169, 42.029715], [-88.225171, 42.029203], [-88.222245, 42.027011], [-88.215523, 42.023018], [-88.213259, 42.021832], [-88.210187, 42.020811], [-88.2031, 42.019197], [-88.203197, 42.008209], [-88.210838, 42.01081], [-88.213191, 42.011754], [-88.217339, 42.012876], [-88.218181, 42.013353], [-88.219596, 42.01451], [-88.220494, 42.014883], [-88.221395, 42.015045], [-88.224385, 42.015007], [-88.226138, 42.015199], [-88.227274, 42.015522], [-88.23062, 42.016948], [-88.236179, 42.018274], [-88.235952, 42.018861], [-88.236042, 42.019327], [-88.237683, 42.020336], [-88.237904, 42.020891]]]}}, {"type": "Feature", "properties": {"tract_fips": "17031804315"}, "geometry": {"type": "Polygon", "coordinates": [[[-88.198355, 42.018677], [-88.198307, 42.020562], [-88.197035, 42.020291], [-88.194598, 42.020234], [-88.190146, 42.021855], [-88.190228, 42.023248], [-88.190023, 42.02386], [-88.191129, 42.02428], [-88.191321, 42.024516], [-88.191261, 42.026092], [-88.190951, 42.026332], [-88.189219, 42.026263], [-88.188517, 42.02589], [-88.187476, 42.026328], [-88.185392, 42.026318], [-88.184645, 42.02598], [-88.183505, 42.024336], [-88.182701, 42.024014], [-88.18171, 42.023938], [-88.182144, 42.022504], [-88.182925, 42.018551], [-88.1834, 42.013473], [-88.185596, 42.013971], [-88.195813, 42.017889], [-88.198355, 42.018677]]]}}, {"type": "Feature", "properties": {"tract_fips": "17031804513"}, "geometry": {"type": "Polygon", "coordinates": [[[-88.246896, 42.008466], [-88.246701, 42.019511], [-88.244396, 42.019477], [-88.242409, 42.018689], [-88.237198, 42.017507], [-88.236494, 42.017715], [-88.236179, 42.018274], [-88.23062, 42.016948], [-88.227274, 42.015522], [-88.226138, 42.015199], [-88.224385, 42.015007], [-88.221395, 42.015045], [-88.220494, 42.014883], [-88.219596, 42.01451], [-88.218181, 42.013353], [-88.217339, 42.012876], [-88.213191, 42.011754], [-88.210838, 42.01081], [-88.203197, 42.008209], [-88.203461, 42.000557], [-88.203945, 41.999139], [-88.205149, 41.997353], [-88.209899, 41.999012], [-88.212308, 41.999565], [-88.229489, 42.001889], [-88.233049, 42.002911], [-88.233038, 42.003101], [-88.246896, 42.008466]]]}}, {"type": "Feature", "properties": {"tract_fips": "17031320102"}, "geometry": {"type": "Polygon", "coordinates": [[[-87.628004, 41.887506], [-87.625243, 41.888856], [-87.62274, 41.888863], [-87.620464, 41.888585], [-87.62061, 41.887659], [-87.620557, 41.884514], [-87.620718, 41.884515], [-87.620857, 41.881835], [-87.620791, 41.880873], [-87.624438, 41.880825], [-87.624477, 41.882109], [-87.627806, 41.882042], [-87.628004, 41.887506]]]}}, {"type": "Feature", "properties": {"tract_fips": "17031809401"}, "geometry": {"type": "Polygon", "coordinates": [[[-87.684091, 42.047034], [-87.682473, 42.046966], [-87.677952, 42.045761], [-87.676386, 42.048994], [-87.674473, 42.048481], [-87.674389, 42.050181], [-87.671978, 42.050816], [-87.661433, 42.051449], [-87.660396, 42.041808], [-87.659799, 42.033961], [-87.669294, 42.03381], [-87.669589, 42.03431], [-87.669397, 42.034359], [-87.669647, 42.035474], [-87.66908, 42.035507], [-87.669861, 42.036451], [-87.670045, 42.036929], [-87.669868, 42.037396], [-87.669566, 42.037549], [-87.669529, 42.039015], [-87.669109, 42.039548], [-87.669329, 42.041079], [-87.681863, 42.041198], [-87.682587, 42.044111], [-87.683192, 42.045565], [-87.684091, 42.047034]]]}}, {"type": "Feature", "properties": {"tract_fips": "17093890702"}, "geometry": {"type": "Polygon", "coordinates": [[[-88.369369, 41.63502], [-88.364785, 41.635067], [-88.36507, 41.63624], [-88.365, 41.6376], [-88.36382, 41.6376], [-88.36359, 41.63728], [-88.36335, 41.63725], [-88.35904, 41.63729], [-88.3588, 41.63732], [-88.35874, 41.63756], [-88.35846, 41.6377], [-88.35035, 41.63774], [-88.350355, 41.63515], [-88.25912, 41.6362], [-88.255995, 41.564534], [-88.275258, 41.564131], [-88.2747, 41.54971], [-88.313484, 41.548895], [-88.366278, 41.54803], [-88.36723, 41.57714], [-88.367882, 41.584245], [-88.368071, 41.591766], [-88.367867, 41.592588], [-88.368438, 41.610514], [-88.368742, 41.61164], [-88.368552, 41.613345], [-88.36859, 41.61542], [-88.369369, 41.63502]]]}}, {"type": "Feature", "properties": {"tract_fips": "17093890301"}, "geometry": {"type": "Polygon", "coordinates": [[[-88.37131, 41.71941], [-88.37131, 41.7227], [-88.343216, 41.723197], [-88.344102, 41.722289], [-88.3447, 41.721345], [-88.34659, 41.719974], [-88.347868, 41.718541], [-88.348263, 41.717835], [-88.348668, 41.716328], [-88.349976, 41.714614], [-88.350072, 41.712688], [-88.351019, 41.710982], [-88.351229, 41.709201], [-88.350855, 41.702794], [-88.350546, 41.701687], [-88.349863, 41.700275], [-88.34892, 41.698978], [-88.348722, 41.697593], [-88.348846, 41.696629], [-88.351145, 41.689583], [-88.351788, 41.68815], [-88.352331, 41.687556], [-88.353579, 41.686745], [-88.355223, 41.686167], [-88.356605, 41.684994], [-88.35737, 41.68527], [-88.35853, 41.68408], [-88.36019, 41.68333], [-88.3614, 41.68314], [-88.370214, 41.682596], [-88.371207, 41.719385], [-88.37131, 41.71941]]]}}, {"type": "Feature", "properties": {"tract_fips": "17093890302"}, "geometry": {"type": "Polygon", "coordinates": [[[-88.354099, 41.686601], [-88.353579, 41.686745], [-88.352331, 41.687556], [-88.351788, 41.68815], [-88.350626, 41.691042], [-88.348846, 41.696629], [-88.348722, 41.697593], [-88.34892, 41.698978], [-88.349863, 41.700275], [-88.350546, 41.701687], [-88.350855, 41.702794], [-88.351229, 41.709201], [-88.351202, 41.710126], [-88.350902, 41.711358], [-88.350072, 41.712688], [-88.349976, 41.714614], [-88.348969, 41.715788], [-88.348548, 41.716684], [-88.34555, 41.71437], [-88.345201, 41.713802], [-88.34463, 41.71165], [-88.34415, 41.71074], [-88.34365, 41.71031], [-88.34223, 41.7098], [-88.33775, 41.70975], [-88.33702, 41.7093], [-88.33681, 41.708872], [-88.3368, 41.70828], [-88.32736, 41.70847], [-88.32177, 41.70842], [-88.32071, 41.70875], [-88.31954, 41.70973], [-88.31819, 41.71011], [-88.317636, 41.708841], [-88.318182, 41.708288], [-88.318601, 41.706141], [-88.318832, 41.705712], [-88.326219, 41.701912], [-88.327917, 41.700473], [-88.328112, 41.699729], [-88.328008, 41.698644], [-88.32779, 41.698037], [-88.326603, 41.696214], [-88.325228, 41.694533], [-88.32695, 41.69387], [-88.33435, 41.69194], [-88.33535, 41.69156], [-88.336464, 41.690792], [-88.337042, 41.69102], [-88.338074, 41.690201], [-88.338556, 41.689067], [-88.338958, 41.688785], [-88.340423, 41.688877], [-88.341038, 41.689178], [-88.342713, 41.689098], [-88.342969, 41.688954], [-88.342958, 41.688562], [-88.343624, 41.687964], [-88.343965, 41.687707], [-88.344604, 41.687618], [-88.345046, 41.687116], [-88.345516, 41.68696], [-88.346421, 41.68704], [-88.347179, 41.686865], [-88.348554, 41.685968], [-88.350115, 41.685954], [-88.350942, 41.685619], [-88.351744, 41.685558], [-88.35315, 41.685819], [-88.354099, 41.686601]]]}}, {"type": "Feature", "properties": {"tract_fips": "17093890703"}, "geometry": {"type": "Polygon", "coordinates": [[[-88.599007, 41.544263], [-88.5709, 41.54458], [-88.551528, 41.544422], [-88.50308, 41.54499], [-88.47991, 41.54509], [-88.36899, 41.54797], [-88.313484, 41.548895], [-88.255348, 41.550089], [-88.252231, 41.463066], [-88.254972, 41.462768], [-88.319918, 41.461132], [-88.382191, 41.46024], [-88.481681, 41.457903], [-88.556237, 41.457575], [-88.595961, 41.457129], [-88.596482, 41.47528], [-88.599007, 41.544263]]]}}, {"type": "Feature", "properties": {"tract_fips": "17093890104"}, "geometry": {"type": "Polygon", "coordinates": [[[-88.319495, 41.723605], [-88.278824, 41.72435], [-88.278076, 41.724533], [-88.275315, 41.724569], [-88.275193, 41.724412], [-88.261275, 41.724656], [-88.260812, 41.696061], [-88.269441, 41.706894], [-88.280295, 41.719597], [-88.28467, 41.71668], [-88.28751, 41.71508], [-88.288117, 41.715417], [-88.29623, 41.71814], [-88.30183, 41.7192], [-88.30596, 41.71941], [-88.31948, 41.71921], [-88.319495, 41.723605]]]}}, {"type": "Feature", "properties": {"tract_fips": "17093890403"}, "geometry": {"type": "Polygon", "coordinates": [[[-88.419663, 41.71298], [-88.41447, 41.713051], [-88.413491, 41.712879], [-88.412664, 41.712493], [-88.41034, 41.71059], [-88.40966, 41.71027], [-88.40211, 41.71038], [-88.40047, 41.70992], [-88.39851, 41.70993], [-88.39679, 41.70967], [-88.39587, 41.70975], [-88.39306, 41.71092], [-88.39064, 41.71241], [-88.389408, 41.712377], [-88.388706, 41.713293], [-88.387364, 41.71349], [-88.38578, 41.714785], [-88.386282, 41.715622], [-88.385209, 41.716108], [-88.38507, 41.716973], [-88.382618, 41.719432], [-88.382123, 41.719535], [-88.381393, 41.718779], [-88.381072, 41.718757], [-88.380641, 41.718955], [-88.380596, 41.719667], [-88.380465, 41.719772], [-88.37889, 41.719742], [-88.378679, 41.719941], [-88.378856, 41.720611], [-88.378675, 41.721094], [-88.378354, 41.721258], [-88.377385, 41.720948], [-88.376361, 41.722574], [-88.37131, 41.7227], [-88.370214, 41.682596], [-88.38887, 41.68137], [-88.39032, 41.681], [-88.391848, 41.68013], [-88.391386, 41.689863], [-88.389763, 41.689911], [-88.39006, 41.700266], [-88.389195, 41.700285], [-88.390024, 41.707525], [-88.390203, 41.707511], [-88.390488, 41.708189], [-88.39316, 41.70665], [-88.39781, 41.7048], [-88.40442, 41.7006], [-88.40737, 41.69849], [-88.40837, 41.6981], [-88.4115, 41.69735], [-88.41276, 41.69734], [-88.41922, 41.69916], [-88.419663, 41.71298]]]}}, {"type": "Feature", "properties": {"tract_fips": "17093890402"}, "geometry": {"type": "Polygon", "coordinates": [[[-88.44842, 41.70139], [-88.44831, 41.70224], [-88.44784, 41.70346], [-88.44635, 41.70532], [-88.43026, 41.70227], [-88.41377, 41.69758], [-88.41187, 41.6973], [-88.40837, 41.6981], [-88.40737, 41.69849], [-88.40442, 41.7006], [-88.39781, 41.7048], [-88.39316, 41.70665], [-88.390488, 41.708189], [-88.390203, 41.707511], [-88.390024, 41.707525], [-88.389195, 41.700285], [-88.39006, 41.700266], [-88.389763, 41.689911], [-88.391386, 41.689863], [-88.391848, 41.68013], [-88.39032, 41.681], [-88.38887, 41.68137], [-88.370214, 41.682596], [-88.369953, 41.676608], [-88.372431, 41.675831], [-88.382143, 41.675069], [-88.383936, 41.675048], [-88.387433, 41.675608], [-88.389953, 41.675415], [-88.391689, 41.674867], [-88.393601, 41.673918], [-88.396146, 41.67319], [-88.397706, 41.672258], [-88.398494, 41.671617], [-88.398995, 41.670877], [-88.400646, 41.670014], [-88.402817, 41.668526], [-88.404303, 41.667276], [-88.405791, 41.662529], [-88.407103, 41.660517], [-88.409407, 41.659021], [-88.412031, 41.658061], [-88.416354, 41.657217], [-88.418128, 41.655449], [-88.418944, 41.653789], [-88.418904, 41.652229], [-88.417703, 41.650729], [-88.415791, 41.649069], [-88.414543, 41.647693], [-88.414343, 41.645957], [-88.415271, 41.644709], [-88.416823, 41.643841], [-88.419567, 41.643277], [-88.427073, 41.643409], [-88.428335, 41.643185], [-88.430566, 41.642383], [-88.432437, 41.64195], [-88.436783, 41.642553], [-88.446519, 41.643503], [-88.44541, 41.65093], [-88.44516, 41.65143], [-88.4434, 41.65308], [-88.44286, 41.65511], [-88.44175, 41.669], [-88.44205, 41.67049], [-88.44376, 41.67381], [-88.44506, 41.6804], [-88.44733, 41.68738], [-88.44783, 41.68938], [-88.44818, 41.69232], [-88.44842, 41.70139]]]}}, {"type": "Feature", "properties": {"tract_fips": "17093890105"}, "geometry": {"type": "Polygon", "coordinates": [[[-88.3098, 41.69069], [-88.29331, 41.69218], [-88.29344, 41.69512], [-88.2938, 41.69572], [-88.29471, 41.697074], [-88.30062, 41.702836], [-88.300896, 41.703574], [-88.301034, 41.704919], [-88.302684, 41.70678], [-88.28599, 41.7159], [-88.280295, 41.719597], [-88.269441, 41.706894], [-88.260812, 41.696061], [-88.260548, 41.679786], [-88.25912, 41.6362], [-88.307784, 41.635668], [-88.307729, 41.644401], [-88.30786, 41.64445], [-88.30892, 41.67788], [-88.30947, 41.68024], [-88.3098, 41.69069]]]}}, {"type": "Feature", "properties": {"tract_fips": "17093890108"}, "geometry": {"type": "Polygon", "coordinates": [[[-88.418944, 41.653789], [-88.418128, 41.655449], [-88.416354, 41.657217], [-88.412031, 41.658061], [-88.409407, 41.659021], [-88.407103, 41.660517], [-88.405791, 41.662529], [-88.404303, 41.667276], [-88.402817, 41.668526], [-88.400646, 41.670014], [-88.398995, 41.670877], [-88.398494, 41.671617], [-88.397982, 41.672034], [-88.396146, 41.67319], [-88.393601, 41.673918], [-88.391097, 41.675095], [-88.389953, 41.675415], [-88.387889, 41.675608], [-88.386136, 41.675488], [-88.383304, 41.67502], [-88.37779, 41.675389], [-88.37693, 41.674], [-88.37668, 41.67212], [-88.36506, 41.67498], [-88.362233, 41.675273], [-88.35923, 41.67515], [-88.35884, 41.668108], [-88.356715, 41.668146], [-88.356404, 41.664325], [-88.356444, 41.660893], [-88.35485, 41.66097], [-88.35339, 41.66134], [-88.35214, 41.66129], [-88.35079, 41.66088], [-88.34877, 41.65983], [-88.3468, 41.65991], [-88.3471, 41.66636], [-88.34485, 41.66626], [-88.34312, 41.66572], [-88.33686, 41.66573], [-88.3363, 41.66601], [-88.33705, 41.66669], [-88.33642, 41.66711], [-88.31353, 41.64695], [-88.31172, 41.64593], [-88.307729, 41.644401], [-88.307784, 41.635668], [-88.350355, 41.63515], [-88.35035, 41.63774], [-88.35846, 41.6377], [-88.35874, 41.63756], [-88.3588, 41.63732], [-88.35904, 41.63729], [-88.36335, 41.63725], [-88.36359, 41.63728], [-88.36382, 41.6376], [-88.365, 41.6376], [-88.36507, 41.63624], [-88.364785, 41.635067], [-88.400295, 41.634716], [-88.417696, 41.634089], [-88.417971, 41.643629], [-88.416823, 41.643841], [-88.415271, 41.644709], [-88.414343, 41.645957], [-88.414543, 41.647693], [-88.415791, 41.649069], [-88.417703, 41.650729], [-88.418904, 41.652229], [-88.418944, 41.653789]]]}}, {"type": "Feature", "properties": {"tract_fips": "17093890502"}, "geometry": {"type": "Polygon", "coordinates": [[[-88.60362, 41.719546], [-88.54782, 41.72018], [-88.54709, 41.70555], [-88.54737, 41.704], [-88.54717, 41.69853], [-88.54735, 41.69816], [-88.54878, 41.69787], [-88.54738, 41.69652], [-88.546727, 41.695262], [-88.54654, 41.69458], [-88.546099, 41.68988], [-88.51954, 41.68987], [-88.51959, 41.68416], [-88.51975, 41.68342], [-88.52006, 41.68288], [-88.52097, 41.68208], [-88.52683, 41.6786], [-88.52767, 41.67777], [-88.52807, 41.67692], [-88.52899, 41.67315], [-88.529516, 41.671741], [-88.52942, 41.67144], [-88.52982, 41.66992], [-88.52881, 41.66956], [-88.52831, 41.6691], [-88.528056, 41.666388], [-88.5275, 41.66583], [-88.52772, 41.66563], [-88.52789, 41.66493], [-88.52828, 41.66471], [-88.53148, 41.66399], [-88.531353, 41.663661], [-88.53956, 41.66179], [-88.58517, 41.64977], [-88.59103, 41.6487], [-88.602341, 41.647525], [-88.602915, 41.686578], [-88.60362, 41.719546]]]}}, {"type": "Feature", "properties": {"tract_fips": "17093890701"}, "geometry": {"type": "Polygon", "coordinates": [[[-88.275258, 41.564131], [-88.255995, 41.564534], [-88.255348, 41.550089], [-88.2747, 41.54971], [-88.275258, 41.564131]]]}}, {"type": "Feature", "properties": {"tract_fips": "17093890103"}, "geometry": {"type": "Polygon", "coordinates": [[[-88.319514, 41.713757], [-88.31948, 41.71921], [-88.30596, 41.71941], [-88.30183, 41.7192], [-88.29623, 41.71814], [-88.288117, 41.715417], [-88.28751, 41.71508], [-88.302684, 41.70678], [-88.301034, 41.704919], [-88.300896, 41.703574], [-88.30062, 41.702836], [-88.29471, 41.697074], [-88.2938, 41.69572], [-88.29344, 41.69512], [-88.29331, 41.69218], [-88.31404, 41.69036], [-88.31426, 41.69771], [-88.31459, 41.69836], [-88.31772, 41.701653], [-88.31775, 41.70235], [-88.31628, 41.70578], [-88.31624, 41.70619], [-88.31731, 41.70814], [-88.3191, 41.71211], [-88.31939, 41.71281], [-88.319514, 41.713757]]]}}, {"type": "Feature", "properties": {"tract_fips": "17093890106"}, "geometry": {"type": "Polygon", "coordinates": [[[-88.37779, 41.675389], [-88.372431, 41.675831], [-88.369953, 41.676608], [-88.370214, 41.682596], [-88.3614, 41.68314], [-88.36019, 41.68333], [-88.35853, 41.68408], [-88.35737, 41.68527], [-88.356605, 41.684994], [-88.355223, 41.686167], [-88.354099, 41.686601], [-88.35315, 41.685819], [-88.351744, 41.685558], [-88.350942, 41.685619], [-88.350115, 41.685954], [-88.348554, 41.685968], [-88.347179, 41.686865], [-88.346421, 41.68704], [-88.345516, 41.68696], [-88.345046, 41.687116], [-88.344604, 41.687618], [-88.343965, 41.687707], [-88.343624, 41.687964], [-88.342958, 41.688562], [-88.342969, 41.688954], [-88.342713, 41.689098], [-88.341038, 41.689178], [-88.340423, 41.688877], [-88.338958, 41.688785], [-88.338556, 41.689067], [-88.33812, 41.690146], [-88.337408, 41.690762], [-88.336978, 41.691027], [-88.336464, 41.690792], [-88.34568, 41.6794], [-88.3481, 41.67739], [-88.33642, 41.66711], [-88.33705, 41.66669], [-88.3363, 41.66601], [-88.33686, 41.66573], [-88.34312, 41.66572], [-88.34485, 41.66626], [-88.3471, 41.66636], [-88.3468, 41.65991], [-88.34877, 41.65983], [-88.35079, 41.66088], [-88.35214, 41.66129], [-88.35339, 41.66134], [-88.35485, 41.66097], [-88.356444, 41.660893], [-88.356404, 41.664325], [-88.356715, 41.668146], [-88.35884, 41.668108], [-88.35923, 41.67515], [-88.362233, 41.675273], [-88.36506, 41.67498], [-88.37668, 41.67212], [-88.37693, 41.674], [-88.37779, 41.675389]]]}}, {"type": "Feature", "properties": {"tract_fips": "17093890201"}, "geometry": {"type": "Polygon", "coordinates": [[[-88.344624, 41.721487], [-88.343216, 41.723197], [-88.319495, 41.723605], [-88.31952, 41.71353], [-88.31939, 41.71281], [-88.31819, 41.71011], [-88.319803, 41.709597], [-88.32047, 41.70892], [-88.3212, 41.70852], [-88.32548, 41.70839], [-88.32569, 41.71199], [-88.3294, 41.71197], [-88.33125, 41.71229], [-88.33235, 41.71229], [-88.33244, 41.71293], [-88.33313, 41.71412], [-88.33318, 41.71565], [-88.33445, 41.71566], [-88.33455, 41.71803], [-88.33598, 41.71793], [-88.33909, 41.71822], [-88.338884, 41.718912], [-88.341067, 41.719697], [-88.344624, 41.721487]]]}}, {"type": "Feature", "properties": {"tract_fips": "17093890202"}, "geometry": {"type": "Polygon", "coordinates": [[[-88.348548, 41.716684], [-88.348263, 41.717835], [-88.3474, 41.719185], [-88.345967, 41.720514], [-88.344939, 41.721106], [-88.344624, 41.721487], [-88.341067, 41.719697], [-88.338884, 41.718912], [-88.33909, 41.71822], [-88.33598, 41.71793], [-88.33455, 41.71803], [-88.33445, 41.71566], [-88.33318, 41.71565], [-88.33313, 41.71412], [-88.33244, 41.71293], [-88.33235, 41.71229], [-88.33125, 41.71229], [-88.3294, 41.71197], [-88.32569, 41.71199], [-88.32548, 41.70839], [-88.3368, 41.70828], [-88.33681, 41.708872], [-88.33702, 41.7093], [-88.33775, 41.70975], [-88.34223, 41.7098], [-88.34289, 41.70995], [-88.34365, 41.71031], [-88.34429, 41.71095], [-88.34481, 41.71206], [-88.345201, 41.713802], [-88.34555, 41.71437], [-88.348548, 41.716684]]]}}, {"type": "Feature", "properties": {"tract_fips": "17197881109"}, "geometry": {"type": "Polygon", "coordinates": [[[-88.022876, 41.491408], [-87.984332, 41.491904], [-87.983519, 41.468322], [-88.022102, 41.467664], [-88.022876, 41.491408]]]}}, {"type": "Feature", "properties": {"tract_fips": "17031730202"}, "geometry": {"type": "Polygon", "coordinates": [[[-87.653239, 41.732386], [-87.646513, 41.732527], [-87.647951, 41.7287], [-87.647518, 41.728646], [-87.64629, 41.729592], [-87.644526, 41.730001], [-87.644674, 41.729401], [-87.644615, 41.728701], [-87.64341, 41.728769], [-87.643211, 41.721503], [-87.652948, 41.721372], [-87.653182, 41.730465], [-87.652574, 41.730473], [-87.652619, 41.732068], [-87.653039, 41.732068], [-87.653231, 41.732181], [-87.653239, 41.732386]]]}}, {"type": "Feature", "properties": {"tract_fips": "17091010203"}, "geometry": {"type": "Polygon", "coordinates": [[[-87.867426, 41.217177], [-87.867011, 41.219605], [-87.866419, 41.221334], [-87.852469, 41.2504], [-87.842855, 41.250467], [-87.842882, 41.252407], [-87.838647, 41.252527], [-87.838599, 41.250496], [-87.840405, 41.250484], [-87.833051, 41.248249], [-87.831791, 41.250672], [-87.831287, 41.250526], [-87.829384, 41.250553], [-87.828946, 41.250754], [-87.827885, 41.25064], [-87.819585, 41.250748], [-87.818348, 41.191977], [-87.837524, 41.191994], [-87.83803, 41.206806], [-87.867096, 41.206664], [-87.867426, 41.217177]]]}}, {"type": "Feature", "properties": {"tract_fips": "17091010204"}, "geometry": {"type": "Polygon", "coordinates": [[[-87.852469, 41.2504], [-87.830848, 41.295234], [-87.781662, 41.295863], [-87.780107, 41.207256], [-87.818726, 41.206948], [-87.819585, 41.250748], [-87.827885, 41.25064], [-87.828946, 41.250754], [-87.829384, 41.250553], [-87.831287, 41.250526], [-87.831791, 41.250672], [-87.833051, 41.248249], [-87.840405, 41.250484], [-87.838599, 41.250496], [-87.838647, 41.252527], [-87.842882, 41.252407], [-87.842855, 41.250467], [-87.852469, 41.2504]]]}}, {"type": "Feature", "properties": {"tract_fips": "17031220701"}, "geometry": {"type": "Polygon", "coordinates": [[[-87.726236, 41.927672], [-87.717074, 41.927804], [-87.716994, 41.924603], [-87.725551, 41.924499], [-87.725566, 41.925], [-87.726161, 41.924992], [-87.726236, 41.927672]]]}}, {"type": "Feature", "properties": {"tract_fips": "17031063302"}, "geometry": {"type": "Polygon", "coordinates": [[[-87.641858, 41.936554], [-87.638702, 41.936592], [-87.638681, 41.936088], [-87.637807, 41.936095], [-87.637776, 41.935606], [-87.638041, 41.935602], [-87.637955, 41.932932], [-87.641343, 41.93287], [-87.641388, 41.934305], [-87.641781, 41.934298], [-87.641858, 41.936554]]]}}, {"type": "Feature", "properties": {"tract_fips": "17031252201"}, "geometry": {"type": "Polygon", "coordinates": [[[-87.755067, 41.880372], [-87.749412, 41.880445], [-87.749145, 41.873027], [-87.754806, 41.872946], [-87.755067, 41.880372]]]}}, {"type": "Feature", "properties": {"tract_fips": "17031660302"}, "geometry": {"type": "Polygon", "coordinates": [[[-87.703349, 41.786248], [-87.693595, 41.786407], [-87.693445, 41.780939], [-87.703188, 41.780795], [-87.703349, 41.786248]]]}}, {"type": "Feature", "properties": {"tract_fips": "17031660301"}, "geometry": {"type": "Polygon", "coordinates": [[[-87.703188, 41.780795], [-87.693445, 41.780939], [-87.693392, 41.779116], [-87.703137, 41.778973], [-87.703188, 41.780795]]]}}, {"type": "Feature", "properties": {"tract_fips": "17031835600"}, "geometry": {"type": "Polygon", "coordinates": [[[-87.635806, 41.809046], [-87.628916, 41.809185], [-87.628964, 41.805975], [-87.628562, 41.794599], [-87.635362, 41.794478], [-87.635806, 41.809046]]]}}, {"type": "Feature", "properties": {"tract_fips": "17031840000"}, "geometry": {"type": "Polygon", "coordinates": [[[-87.641416, 41.838107], [-87.636144, 41.838175], [-87.635966, 41.837494], [-87.63589, 41.834535], [-87.63643, 41.834528], [-87.636251, 41.830881], [-87.636354, 41.823583], [-87.639841, 41.823539], [-87.640016, 41.830831], [-87.641235, 41.830815], [-87.641325, 41.834464], [-87.640098, 41.83448], [-87.640146, 41.836302], [-87.641368, 41.836285], [-87.641416, 41.838107]]]}}, {"type": "Feature", "properties": {"tract_fips": "17031813302"}, "geometry": {"type": "Polygon", "coordinates": [[[-87.74964, 41.865825], [-87.739932, 41.86596], [-87.739767, 41.858654], [-87.749409, 41.858645], [-87.74964, 41.865825]]]}}, {"type": "Feature", "properties": {"tract_fips": "17031813702"}, "geometry": {"type": "Polygon", "coordinates": [[[-87.749409, 41.858645], [-87.743261, 41.858603], [-87.74314, 41.854954], [-87.744387, 41.854933], [-87.744267, 41.851351], [-87.749175, 41.851269], [-87.749409, 41.858645]]]}}, {"type": "Feature", "properties": {"tract_fips": "17031813301"}, "geometry": {"type": "Polygon", "coordinates": [[[-87.759409, 41.865678], [-87.74964, 41.865825], [-87.749409, 41.858645], [-87.759206, 41.858502], [-87.759409, 41.865678]]]}}, {"type": "Feature", "properties": {"tract_fips": "17031802403"}, "geometry": {"type": "Polygon", "coordinates": [[[-87.958593, 42.138903], [-87.95851, 42.142583], [-87.956623, 42.142423], [-87.957058, 42.143839], [-87.956876, 42.144641], [-87.956588, 42.145075], [-87.955788, 42.145458], [-87.954825, 42.145281], [-87.954415, 42.145672], [-87.953413, 42.14615], [-87.953047, 42.145955], [-87.953195, 42.145439], [-87.951706, 42.144895], [-87.951385, 42.144638], [-87.9512, 42.144587], [-87.950672, 42.144929], [-87.94989, 42.145154], [-87.948751, 42.145224], [-87.948547, 42.144732], [-87.947929, 42.14444], [-87.948445, 42.143975], [-87.948629, 42.143567], [-87.948665, 42.14022], [-87.948372, 42.139816], [-87.947933, 42.139575], [-87.946484, 42.13936], [-87.946474, 42.138796], [-87.958593, 42.138903]]]}}, {"type": "Feature", "properties": {"tract_fips": "17031803016"}, "geometry": {"type": "Polygon", "coordinates": [[[-87.997659, 42.124258], [-87.996783, 42.124934], [-87.996172, 42.125048], [-87.985137, 42.125057], [-87.9833, 42.124607], [-87.980376, 42.124555], [-87.980423, 42.112619], [-87.997659, 42.124258]]]}}, {"type": "Feature", "properties": {"tract_fips": "17031803701"}, "geometry": {"type": "Polygon", "coordinates": [[[-88.063106, 42.119468], [-88.063113, 42.124872], [-88.059348, 42.124862], [-88.056354, 42.124505], [-88.043722, 42.121162], [-88.043761, 42.110868], [-88.063106, 42.119468]]]}}, {"type": "Feature", "properties": {"tract_fips": "17031804108"}, "geometry": {"type": "Polygon", "coordinates": [[[-88.063321, 42.074451], [-88.062299, 42.077206], [-88.053901, 42.077157], [-88.051013, 42.077321], [-88.050014, 42.077795], [-88.048588, 42.078818], [-88.048354, 42.080237], [-88.047938, 42.081147], [-88.043855, 42.082505], [-88.043914, 42.068361], [-88.057026, 42.072626], [-88.063321, 42.074451]]]}}, {"type": "Feature", "properties": {"tract_fips": "17031804715"}, "geometry": {"type": "Polygon", "coordinates": [[[-88.104181, 42.041402], [-88.104214, 42.048338], [-88.095762, 42.048724], [-88.094895, 42.048184], [-88.094091, 42.047962], [-88.091388, 42.047888], [-88.089401, 42.047416], [-88.089452, 42.044787], [-88.092541, 42.044653], [-88.092515, 42.042409], [-88.092803, 42.041456], [-88.101948, 42.041127], [-88.101963, 42.04143], [-88.104181, 42.041402]]]}}, {"type": "Feature", "properties": {"tract_fips": "17031836400"}, "geometry": {"type": "Polygon", "coordinates": [[[-87.606859, 41.823129], [-87.606515, 41.82337], [-87.606454, 41.823271], [-87.600914, 41.825235], [-87.59861, 41.825632], [-87.590113, 41.827578], [-87.583378, 41.817078], [-87.606708, 41.816814], [-87.606859, 41.823129]]]}}, {"type": "Feature", "properties": {"tract_fips": "17031836100"}, "geometry": {"type": "Polygon", "coordinates": [[[-87.628831, 41.801892], [-87.606407, 41.802251], [-87.606318, 41.798613], [-87.620923, 41.798373], [-87.620926, 41.798199], [-87.625792, 41.798114], [-87.625701, 41.794643], [-87.628562, 41.794599], [-87.628831, 41.801892]]]}}, {"type": "Feature", "properties": {"tract_fips": "17031834600"}, "geometry": {"type": "Polygon", "coordinates": [[[-87.640329, 41.794387], [-87.628562, 41.794599], [-87.628195, 41.783161], [-87.62897, 41.783147], [-87.628889, 41.780304], [-87.628543, 41.780005], [-87.64002, 41.779825], [-87.64023, 41.79201], [-87.639682, 41.793038], [-87.640319, 41.794032], [-87.640329, 41.794387]]]}}, {"type": "Feature", "properties": {"tract_fips": "17031843600"}, "geometry": {"type": "Polygon", "coordinates": [[[-87.611499, 41.81128], [-87.606605, 41.811354], [-87.606407, 41.802251], [-87.611286, 41.802169], [-87.611499, 41.81128]]]}}, {"type": "Feature", "properties": {"tract_fips": "17197882702"}, "geometry": {"type": "Polygon", "coordinates": [[[-88.101192, 41.532351], [-88.091611, 41.532593], [-88.092032, 41.531874], [-88.09184, 41.53159], [-88.091398, 41.528529], [-88.091134, 41.521919], [-88.100758, 41.521693], [-88.101192, 41.532351]]]}}, {"type": "Feature", "properties": {"tract_fips": "17197882602"}, "geometry": {"type": "Polygon", "coordinates": [[[-88.105175, 41.512298], [-88.100522, 41.51601], [-88.100758, 41.521693], [-88.08717, 41.522001], [-88.08792, 41.51959], [-88.088139, 41.517048], [-88.089102, 41.514784], [-88.090363, 41.512743], [-88.091383, 41.511673], [-88.09565, 41.512781], [-88.097204, 41.512968], [-88.098912, 41.512873], [-88.102818, 41.512024], [-88.10515, 41.511959], [-88.105175, 41.512298]]]}}, {"type": "Feature", "properties": {"tract_fips": "17197883210"}, "geometry": {"type": "Polygon", "coordinates": [[[-88.189012, 41.521629], [-88.181947, 41.531859], [-88.180937, 41.533735], [-88.180105, 41.536286], [-88.160598, 41.536452], [-88.159967, 41.521949], [-88.140693, 41.522233], [-88.140398, 41.514984], [-88.164164, 41.514625], [-88.166603, 41.514034], [-88.169335, 41.513893], [-88.169654, 41.52185], [-88.189012, 41.521629]]]}}, {"type": "Feature", "properties": {"tract_fips": "17197883214"}, "geometry": {"type": "Polygon", "coordinates": [[[-88.19949, 41.54334], [-88.194095, 41.543385], [-88.194236, 41.546975], [-88.189984, 41.547076], [-88.190129, 41.550674], [-88.180405, 41.550775], [-88.179864, 41.538263], [-88.180312, 41.535484], [-88.180937, 41.533735], [-88.181947, 41.531859], [-88.189012, 41.521629], [-88.198656, 41.521549], [-88.19949, 41.54334]]]}}, {"type": "Feature", "properties": {"tract_fips": "17197883213"}, "geometry": {"type": "Polygon", "coordinates": [[[-88.254059, 41.514043], [-88.25309, 41.514625], [-88.24687, 41.52026], [-88.24513, 41.52098], [-88.189012, 41.521629], [-88.19621, 41.51125], [-88.197255, 41.509261], [-88.197983, 41.506981], [-88.207718, 41.506942], [-88.208033, 41.507056], [-88.208987, 41.507986], [-88.210859, 41.507325], [-88.21352, 41.506918], [-88.236352, 41.50665], [-88.25377, 41.506249], [-88.254059, 41.514043]]]}}, {"type": "Feature", "properties": {"tract_fips": "17197881301"}, "geometry": {"type": "Polygon", "coordinates": [[[-88.072737, 41.537315], [-88.072491, 41.540542], [-88.07271, 41.551273], [-88.061316, 41.542795], [-88.060216, 41.542175], [-88.058843, 41.541758], [-88.057174, 41.540468], [-88.056924, 41.540709], [-88.055909, 41.540004], [-88.055202, 41.539785], [-88.054971, 41.539436], [-88.055249, 41.538992], [-88.055694, 41.538694], [-88.058912, 41.539078], [-88.060605, 41.539063], [-88.061773, 41.538687], [-88.062389, 41.538026], [-88.062435, 41.535562], [-88.062748, 41.535287], [-88.067311, 41.535155], [-88.067525, 41.535039], [-88.067524, 41.535498], [-88.0727, 41.535402], [-88.072737, 41.537315]]]}}, {"type": "Feature", "properties": {"tract_fips": "17197881111"}, "geometry": {"type": "Polygon", "coordinates": [[[-88.004521, 41.514053], [-88.00106, 41.51439], [-87.99891, 41.514968], [-87.99707, 41.51572], [-87.99534, 41.51672], [-87.99423, 41.51756], [-87.99277, 41.51907], [-87.99205, 41.5201], [-87.982971, 41.518572], [-87.975124, 41.516133], [-87.970637, 41.514421], [-87.966441, 41.514008], [-87.962036, 41.512499], [-87.959968, 41.512268], [-87.960859, 41.511188], [-87.961245, 41.510348], [-87.96256, 41.504902], [-87.985146, 41.504495], [-87.985358, 41.509907], [-87.985085, 41.510705], [-87.985103, 41.511831], [-88.004406, 41.511458], [-88.004521, 41.514053]]]}}, {"type": "Feature", "properties": {"tract_fips": "17197881113"}, "geometry": {"type": "Polygon", "coordinates": [[[-87.962617, 41.504172], [-87.96256, 41.504902], [-87.960038, 41.504957], [-87.942185, 41.498888], [-87.939362, 41.498295], [-87.938089, 41.498123], [-87.933005, 41.497994], [-87.926773, 41.498069], [-87.926503, 41.490781], [-87.90718, 41.491115], [-87.906436, 41.469589], [-87.962588, 41.468653], [-87.960009, 41.475934], [-87.959793, 41.477814], [-87.960491, 41.495155], [-87.960742, 41.496656], [-87.962394, 41.502457], [-87.962617, 41.504172]]]}}, {"type": "Feature", "properties": {"tract_fips": "17197881115"}, "geometry": {"type": "Polygon", "coordinates": [[[-87.966435, 41.514111], [-87.966405, 41.514526], [-87.963702, 41.514683], [-87.947224, 41.517268], [-87.93698, 41.517284], [-87.936618, 41.505329], [-87.927006, 41.50546], [-87.926773, 41.498069], [-87.936941, 41.498078], [-87.938474, 41.498167], [-87.94108, 41.498604], [-87.960038, 41.504957], [-87.96256, 41.504902], [-87.961245, 41.510348], [-87.960859, 41.511188], [-87.959968, 41.512268], [-87.962036, 41.512499], [-87.966435, 41.514111]]]}}, {"type": "Feature", "properties": {"tract_fips": "17089851101"}, "geometry": {"type": "Polygon", "coordinates": [[[-88.311836, 42.029393], [-88.311879, 42.039762], [-88.297047, 42.037537], [-88.291745, 42.036511], [-88.289039, 42.036686], [-88.287857, 42.035133], [-88.293608, 42.032682], [-88.297952, 42.029574], [-88.311836, 42.029393]]]}}, {"type": "Feature", "properties": {"tract_fips": "17089850105"}, "geometry": {"type": "Polygon", "coordinates": [[[-88.354454, 42.141035], [-88.354416, 42.154], [-88.32117, 42.153865], [-88.320867, 42.13057], [-88.320815, 42.130244], [-88.32044, 42.129747], [-88.318408, 42.128311], [-88.316366, 42.124974], [-88.316164, 42.124419], [-88.315903, 42.12357], [-88.315753, 42.114224], [-88.32125, 42.116867], [-88.324351, 42.120118], [-88.327159, 42.122543], [-88.335784, 42.125316], [-88.337515, 42.126167], [-88.338668, 42.126971], [-88.345246, 42.133419], [-88.345522, 42.133967], [-88.345593, 42.137217], [-88.346232, 42.138176], [-88.347216, 42.138976], [-88.347991, 42.139321], [-88.354454, 42.141035]]]}}, {"type": "Feature", "properties": {"tract_fips": "17031061902"}, "geometry": {"type": "Polygon", "coordinates": [[[-87.64375, 41.946309], [-87.640986, 41.94737], [-87.640743, 41.947618], [-87.631205, 41.949765], [-87.627459, 41.943021], [-87.62734, 41.942535], [-87.633299, 41.942292], [-87.633542, 41.94216], [-87.634017, 41.942478], [-87.638118, 41.940934], [-87.638118, 41.940553], [-87.638809, 41.940243], [-87.641385, 41.940089], [-87.641409, 41.940579], [-87.641791, 41.940546], [-87.641799, 41.941173], [-87.642695, 41.941161], [-87.642755, 41.941719], [-87.641805, 41.941719], [-87.641911, 41.943354], [-87.64137, 41.94336], [-87.641786, 41.944734], [-87.643002, 41.944529], [-87.643017, 41.945313], [-87.641577, 41.945765], [-87.641797, 41.94616], [-87.643397, 41.945634], [-87.64375, 41.946309]]]}}, {"type": "Feature", "properties": {"tract_fips": "17031030102"}, "geometry": {"type": "Polygon", "coordinates": [[[-87.660406, 41.994553], [-87.655525, 41.994598], [-87.655512, 41.994164], [-87.649637, 41.994317], [-87.649119, 41.992503], [-87.657584, 41.992327], [-87.657598, 41.992773], [-87.658299, 41.992768], [-87.658285, 41.992317], [-87.660339, 41.992286], [-87.660406, 41.994553]]]}}, {"type": "Feature", "properties": {"tract_fips": "17031030103"}, "geometry": {"type": "Polygon", "coordinates": [[[-87.660459, 41.996374], [-87.658409, 41.996393], [-87.65838, 41.995428], [-87.656978, 41.995449], [-87.657009, 41.996408], [-87.650291, 41.996627], [-87.649637, 41.994317], [-87.655512, 41.994164], [-87.655525, 41.994598], [-87.660406, 41.994553], [-87.660459, 41.996374]]]}}, {"type": "Feature", "properties": {"tract_fips": "17031030706"}, "geometry": {"type": "Polygon", "coordinates": [[[-87.657266, 41.981843], [-87.655864, 41.981867], [-87.655915, 41.983692], [-87.648855, 41.984231], [-87.645655, 41.978132], [-87.647333, 41.977733], [-87.649597, 41.976827], [-87.650932, 41.9765], [-87.655713, 41.976385], [-87.655764, 41.978211], [-87.655032, 41.978223], [-87.655079, 41.979801], [-87.653779, 41.979834], [-87.654106, 41.981891], [-87.65514, 41.981879], [-87.655088, 41.980051], [-87.657217, 41.980015], [-87.657266, 41.981843]]]}}, {"type": "Feature", "properties": {"tract_fips": "17031030601"}, "geometry": {"type": "Polygon", "coordinates": [[[-87.660266, 41.990002], [-87.654383, 41.990202], [-87.648932, 41.990176], [-87.648904, 41.988053], [-87.655325, 41.988093], [-87.655303, 41.987357], [-87.660181, 41.98727], [-87.660266, 41.990002]]]}}, {"type": "Feature", "properties": {"tract_fips": "17031081202"}, "geometry": {"type": "Polygon", "coordinates": [[[-87.628678, 41.903942], [-87.625004, 41.904001], [-87.624877, 41.904927], [-87.624162, 41.904578], [-87.62527, 41.909587], [-87.625218, 41.909999], [-87.624717, 41.910674], [-87.624606, 41.911305], [-87.613754, 41.911576], [-87.621952, 41.904232], [-87.617052, 41.900132], [-87.624161, 41.900006], [-87.624267, 41.901624], [-87.628336, 41.901558], [-87.628341, 41.90238], [-87.628661, 41.903264], [-87.628678, 41.903942]]]}}, {"type": "Feature", "properties": {"tract_fips": "17031063303"}, "geometry": {"type": "Polygon", "coordinates": [[[-87.638702, 41.936592], [-87.632243, 41.936843], [-87.631944, 41.935675], [-87.630578, 41.933649], [-87.630571, 41.933259], [-87.631397, 41.932838], [-87.632102, 41.932727], [-87.633226, 41.932931], [-87.637955, 41.932932], [-87.638041, 41.935602], [-87.637776, 41.935606], [-87.637799, 41.936078], [-87.638681, 41.936088], [-87.638702, 41.936592]]]}}, {"type": "Feature", "properties": {"tract_fips": "17031804610"}, "geometry": {"type": "Polygon", "coordinates": [[[-88.060438, 42.018205], [-88.060313, 42.028141], [-88.050809, 42.028576], [-88.045582, 42.028655], [-88.045734, 42.016161], [-88.047097, 42.016044], [-88.048396, 42.014799], [-88.048795, 42.014611], [-88.050738, 42.014682], [-88.053343, 42.01442], [-88.053467, 42.015193], [-88.054729, 42.016851], [-88.056885, 42.017911], [-88.060438, 42.018205]]]}}, {"type": "Feature", "properties": {"tract_fips": "17031770201"}, "geometry": {"type": "Polygon", "coordinates": [[[-88.031449, 41.992527], [-88.03136, 42.003332], [-88.003703, 42.003626], [-88.00304, 41.992659], [-88.015269, 41.99246], [-88.031449, 41.992527]]]}}, {"type": "Feature", "properties": {"tract_fips": "17031836000"}, "geometry": {"type": "Polygon", "coordinates": [[[-87.616792, 41.816635], [-87.606708, 41.816814], [-87.606605, 41.811354], [-87.616639, 41.811197], [-87.616792, 41.816635]]]}}, {"type": "Feature", "properties": {"tract_fips": "17031220901"}, "geometry": {"type": "Polygon", "coordinates": [[[-87.726667, 41.920825], [-87.716885, 41.920943], [-87.716772, 41.917283], [-87.723906, 41.917198], [-87.724876, 41.919016], [-87.726615, 41.918994], [-87.726667, 41.920825]]]}}, {"type": "Feature", "properties": {"tract_fips": "17031210602"}, "geometry": {"type": "Polygon", "coordinates": [[[-87.717287, 41.935382], [-87.716734, 41.935412], [-87.714541, 41.937433], [-87.71243, 41.937463], [-87.712372, 41.935344], [-87.712053, 41.935655], [-87.707529, 41.935698], [-87.707427, 41.932029], [-87.717195, 41.931911], [-87.717287, 41.935382]]]}}, {"type": "Feature", "properties": {"tract_fips": "17031220602"}, "geometry": {"type": "Polygon", "coordinates": [[[-87.717195, 41.931911], [-87.707427, 41.932029], [-87.70745, 41.929225], [-87.707895, 41.928365], [-87.707662, 41.928049], [-87.707618, 41.926513], [-87.714596, 41.926444], [-87.714632, 41.927834], [-87.717074, 41.927804], [-87.717195, 41.931911]]]}}, {"type": "Feature", "properties": {"tract_fips": "17031220601"}, "geometry": {"type": "Polygon", "coordinates": [[[-87.717074, 41.927804], [-87.714632, 41.927834], [-87.714596, 41.926444], [-87.707618, 41.926513], [-87.707568, 41.924714], [-87.716994, 41.924603], [-87.717074, 41.927804]]]}}, {"type": "Feature", "properties": {"tract_fips": "17031040401"}, "geometry": {"type": "Polygon", "coordinates": [[[-87.689151, 41.975892], [-87.683691, 41.97597], [-87.683555, 41.975418], [-87.684272, 41.975433], [-87.684166, 41.972325], [-87.682395, 41.972348], [-87.682312, 41.96919], [-87.68288, 41.969175], [-87.682865, 41.968702], [-87.688907, 41.968615], [-87.689151, 41.975892]]]}}, {"type": "Feature", "properties": {"tract_fips": "17031252202"}, "geometry": {"type": "Polygon", "coordinates": [[[-87.749412, 41.880445], [-87.74037, 41.880555], [-87.740262, 41.876907], [-87.739515, 41.876909], [-87.73939, 41.873266], [-87.749145, 41.873027], [-87.749412, 41.880445]]]}}, {"type": "Feature", "properties": {"tract_fips": "17031252102"}, "geometry": {"type": "Polygon", "coordinates": [[[-87.764864, 41.880246], [-87.755067, 41.880372], [-87.754806, 41.872946], [-87.764587, 41.872827], [-87.764864, 41.880246]]]}}, {"type": "Feature", "properties": {"tract_fips": "17031770601"}, "geometry": {"type": "Polygon", "coordinates": [[[-87.921005, 42.037512], [-87.909019, 42.03799], [-87.909011, 42.030689], [-87.892616, 42.031294], [-87.890562, 42.024052], [-87.920842, 42.022917], [-87.921005, 42.037512]]]}}, {"type": "Feature", "properties": {"tract_fips": "17031806103"}, "geometry": {"type": "Polygon", "coordinates": [[[-87.921398, 42.066185], [-87.900716, 42.066061], [-87.900692, 42.055865], [-87.900256, 42.054038], [-87.910271, 42.053715], [-87.912284, 42.050534], [-87.912653, 42.050293], [-87.921185, 42.048817], [-87.921398, 42.066185]]]}}, {"type": "Feature", "properties": {"tract_fips": "17031802610"}, "geometry": {"type": "Polygon", "coordinates": [[[-87.907714, 42.097612], [-87.907687, 42.102417], [-87.888623, 42.102182], [-87.888054, 42.102785], [-87.887973, 42.08731], [-87.889972, 42.087219], [-87.891968, 42.087546], [-87.890819, 42.09501], [-87.897219, 42.095068], [-87.8972, 42.098024], [-87.901759, 42.098059], [-87.903821, 42.097581], [-87.907714, 42.097612]]]}}, {"type": "Feature", "properties": {"tract_fips": "17031802609"}, "geometry": {"type": "Polygon", "coordinates": [[[-87.907687, 42.102417], [-87.907653, 42.109523], [-87.90027, 42.109446], [-87.897346, 42.109079], [-87.897358, 42.108829], [-87.897661, 42.108762], [-87.897745, 42.108481], [-87.897772, 42.107188], [-87.894115, 42.106954], [-87.893879, 42.107115], [-87.893202, 42.107097], [-87.892988, 42.10691], [-87.892934, 42.10708], [-87.892733, 42.107104], [-87.892749, 42.106425], [-87.893175, 42.106431], [-87.893208, 42.104742], [-87.889644, 42.104715], [-87.889624, 42.104953], [-87.887935, 42.105107], [-87.888054, 42.102785], [-87.888623, 42.102182], [-87.907687, 42.102417]]]}}, {"type": "Feature", "properties": {"tract_fips": "17031804308"}, "geometry": {"type": "Polygon", "coordinates": [[[-88.164018, 42.017774], [-88.163287, 42.018306], [-88.162391, 42.020117], [-88.160852, 42.021795], [-88.160419, 42.022758], [-88.160336, 42.023611], [-88.15978, 42.024263], [-88.159777, 42.025519], [-88.160477, 42.026128], [-88.160629, 42.026587], [-88.160519, 42.02702], [-88.159737, 42.02801], [-88.15976, 42.031832], [-88.157846, 42.031828], [-88.156665, 42.03153], [-88.156473, 42.031869], [-88.144647, 42.031946], [-88.144728, 42.016142], [-88.150869, 42.016169], [-88.15319, 42.016839], [-88.157737, 42.016823], [-88.161637, 42.017053], [-88.163413, 42.017321], [-88.164018, 42.017774]]]}}, {"type": "Feature", "properties": {"tract_fips": "17031820605"}, "geometry": {"type": "Polygon", "coordinates": [[[-87.838509, 41.745693], [-87.838185, 41.745526], [-87.83486, 41.745577], [-87.834796, 41.743754], [-87.829939, 41.74384], [-87.829867, 41.742018], [-87.82865, 41.74204], [-87.828726, 41.743861], [-87.82507, 41.743931], [-87.825001, 41.74211], [-87.826223, 41.742088], [-87.826152, 41.740378], [-87.825866, 41.740262], [-87.823724, 41.740309], [-87.823576, 41.737691], [-87.823302, 41.73757], [-87.821194, 41.737615], [-87.821053, 41.735868], [-87.818642, 41.735874], [-87.818537, 41.733104], [-87.838155, 41.732732], [-87.838509, 41.745693]]]}}, {"type": "Feature", "properties": {"tract_fips": "17031836300"}, "geometry": {"type": "Polygon", "coordinates": [[[-87.606407, 41.802251], [-87.596707, 41.802366], [-87.596677, 41.800923], [-87.603947, 41.800839], [-87.60394, 41.80047], [-87.606353, 41.800434], [-87.606407, 41.802251]]]}}, {"type": "Feature", "properties": {"tract_fips": "17031834500"}, "geometry": {"type": "Polygon", "coordinates": [[[-87.628562, 41.794599], [-87.625701, 41.794643], [-87.625513, 41.787362], [-87.615802, 41.787523], [-87.61576, 41.785699], [-87.625466, 41.785537], [-87.625404, 41.78321], [-87.628195, 41.783161], [-87.628562, 41.794599]]]}}, {"type": "Feature", "properties": {"tract_fips": "17031836200"}, "geometry": {"type": "Polygon", "coordinates": [[[-87.606037, 41.785874], [-87.606216, 41.794965], [-87.596544, 41.795066], [-87.596332, 41.786014], [-87.606037, 41.785874]]]}}, {"type": "Feature", "properties": {"tract_fips": "17031010501"}, "geometry": {"type": "Polygon", "coordinates": [[[-87.665924, 42.012787], [-87.663453, 42.01283], [-87.662888, 42.011613], [-87.661295, 42.006767], [-87.662061, 42.006757], [-87.661869, 42.006141], [-87.663019, 42.006122], [-87.663043, 42.006742], [-87.665697, 42.006696], [-87.665924, 42.012787]]]}}, {"type": "Feature", "properties": {"tract_fips": "17031020701"}, "geometry": {"type": "Polygon", "coordinates": [[[-87.709127, 41.990384], [-87.699403, 41.990443], [-87.699157, 41.983121], [-87.706982, 41.98308], [-87.709127, 41.990384]]]}}, {"type": "Feature", "properties": {"tract_fips": "17031833900"}, "geometry": {"type": "Polygon", "coordinates": [[[-87.560186, 41.73323], [-87.559576, 41.73363], [-87.54014, 41.733861], [-87.539445, 41.734035], [-87.538712, 41.733558], [-87.538827, 41.732843], [-87.538097, 41.731097], [-87.536545, 41.729635], [-87.539326, 41.728639], [-87.539813, 41.72932], [-87.5398, 41.730036], [-87.540583, 41.730524], [-87.541483, 41.729725], [-87.541497, 41.730201], [-87.555653, 41.729961], [-87.560186, 41.73323]]]}}, {"type": "Feature", "properties": {"tract_fips": "17031834400"}, "geometry": {"type": "Polygon", "coordinates": [[[-87.600983, 41.77683], [-87.600374, 41.776836], [-87.600459, 41.780475], [-87.591528, 41.780566], [-87.59145, 41.77802], [-87.592115, 41.775097], [-87.59295, 41.775079], [-87.592914, 41.773268], [-87.600902, 41.773188], [-87.600983, 41.77683]]]}}, {"type": "Feature", "properties": {"tract_fips": "17031834300"}, "geometry": {"type": "Polygon", "coordinates": [[[-87.5987, 41.744047], [-87.597849, 41.747691], [-87.598068, 41.747697], [-87.597235, 41.751369], [-87.595491, 41.751387], [-87.595531, 41.753144], [-87.594908, 41.755039], [-87.59634, 41.755066], [-87.595942, 41.756857], [-87.593075, 41.756893], [-87.585821, 41.751672], [-87.585908, 41.74864], [-87.585637, 41.736913], [-87.595308, 41.736783], [-87.597589, 41.740743], [-87.5987, 41.744047]]]}}, {"type": "Feature", "properties": {"tract_fips": "17197883521"}, "geometry": {"type": "Polygon", "coordinates": [[[-87.889513, 41.535142], [-87.886601, 41.535129], [-87.886108, 41.534618], [-87.879793, 41.53736], [-87.879965, 41.54253], [-87.870254, 41.542692], [-87.87013, 41.540705], [-87.871154, 41.540668], [-87.871652, 41.540396], [-87.871281, 41.539865], [-87.871276, 41.538874], [-87.871564, 41.538507], [-87.872774, 41.537951], [-87.872221, 41.537263], [-87.87001, 41.538169], [-87.869772, 41.53397], [-87.86785, 41.531528], [-87.865578, 41.529663], [-87.8652, 41.528942], [-87.865155, 41.528162], [-87.867237, 41.528041], [-87.870998, 41.526792], [-87.880523, 41.526], [-87.889245, 41.52659], [-87.889513, 41.535142]]]}}, {"type": "Feature", "properties": {"tract_fips": "17197980100"}, "geometry": {"type": "Polygon", "coordinates": [[[-88.122188, 41.58076], [-88.093404, 41.581468], [-88.081968, 41.581789], [-88.08324, 41.57976], [-88.08405, 41.57773], [-88.087387, 41.567083], [-88.110406, 41.566571], [-88.110461, 41.567802], [-88.114212, 41.567705], [-88.114519, 41.573708], [-88.121843, 41.573526], [-88.122188, 41.58076]]]}}, {"type": "Feature", "properties": {"tract_fips": "17197883513"}, "geometry": {"type": "Polygon", "coordinates": [[[-87.850632, 41.543042], [-87.831232, 41.543371], [-87.830698, 41.528751], [-87.811294, 41.529061], [-87.811116, 41.524341], [-87.811358, 41.523544], [-87.811381, 41.520844], [-87.816239, 41.520867], [-87.819659, 41.521673], [-87.839991, 41.521228], [-87.84547, 41.52311], [-87.849952, 41.523438], [-87.850632, 41.543042]]]}}, {"type": "Feature", "properties": {"tract_fips": "17031070101"}, "geometry": {"type": "Polygon", "coordinates": [[[-87.641807, 41.927813], [-87.639228, 41.928665], [-87.639265, 41.929696], [-87.640634, 41.929242], [-87.641467, 41.930661], [-87.640869, 41.930856], [-87.641786, 41.93236], [-87.641239, 41.932526], [-87.641343, 41.93287], [-87.633226, 41.932931], [-87.632102, 41.932727], [-87.631397, 41.932838], [-87.63074, 41.9331], [-87.630534, 41.933511], [-87.631812, 41.935406], [-87.632243, 41.936843], [-87.626019, 41.937117], [-87.625461, 41.932436], [-87.62516, 41.926869], [-87.629599, 41.926531], [-87.630683, 41.926227], [-87.633962, 41.925717], [-87.640479, 41.925585], [-87.641807, 41.927813]]]}}, {"type": "Feature", "properties": {"tract_fips": "17031110501"}, "geometry": {"type": "Polygon", "coordinates": [[[-87.768481, 41.975683], [-87.768377, 41.98112], [-87.762541, 41.981152], [-87.761728, 41.980683], [-87.761213, 41.981065], [-87.75533, 41.977453], [-87.75521, 41.972965], [-87.760176, 41.972919], [-87.760195, 41.973372], [-87.760805, 41.973366], [-87.760792, 41.972914], [-87.762049, 41.972897], [-87.762065, 41.973358], [-87.764174, 41.973327], [-87.766311, 41.975707], [-87.768481, 41.975683]]]}}, {"type": "Feature", "properties": {"tract_fips": "17031030104"}, "geometry": {"type": "Polygon", "coordinates": [[[-87.660553, 41.998189], [-87.655126, 41.998233], [-87.650803, 41.998485], [-87.650291, 41.996627], [-87.657009, 41.996408], [-87.656978, 41.995449], [-87.65838, 41.995428], [-87.658409, 41.996393], [-87.660459, 41.996374], [-87.660553, 41.998189]]]}}, {"type": "Feature", "properties": {"tract_fips": "17031081401"}, "geometry": {"type": "Polygon", "coordinates": [[[-87.624213, 41.893335], [-87.624243, 41.896734], [-87.616314, 41.896769], [-87.614138, 41.89371], [-87.614871, 41.893478], [-87.624213, 41.893335]]]}}, {"type": "Feature", "properties": {"tract_fips": "17031430102"}, "geometry": {"type": "Polygon", "coordinates": [[[-87.571509, 41.769854], [-87.566548, 41.769906], [-87.566642, 41.773164], [-87.566811, 41.773559], [-87.558686, 41.773792], [-87.549849, 41.766626], [-87.556446, 41.766534], [-87.560834, 41.766301], [-87.571397, 41.766262], [-87.571509, 41.769854]]]}}, {"type": "Feature", "properties": {"tract_fips": "17031770902"}, "geometry": {"type": "Polygon", "coordinates": [[[-87.84656, 41.966407], [-87.846533, 41.97227], [-87.841549, 41.972224], [-87.841591, 41.970143], [-87.836658, 41.970232], [-87.836652, 41.971328], [-87.83791, 41.97146], [-87.837965, 41.973842], [-87.84155, 41.973788], [-87.841554, 41.974695], [-87.836629, 41.97479], [-87.836627, 41.975222], [-87.833561, 41.975397], [-87.83368, 41.974995], [-87.833414, 41.974917], [-87.83342, 41.97392], [-87.831763, 41.973948], [-87.831728, 41.973056], [-87.826741, 41.973141], [-87.826756, 41.966787], [-87.84656, 41.966407]]]}}, {"type": "Feature", "properties": {"tract_fips": "17031824121"}, "geometry": {"type": "Polygon", "coordinates": [[[-87.833252, 41.601694], [-87.823448, 41.601841], [-87.822707, 41.579984], [-87.829203, 41.579881], [-87.829405, 41.586177], [-87.82982, 41.587008], [-87.829863, 41.587913], [-87.832711, 41.587867], [-87.833252, 41.601694]]]}}, {"type": "Feature", "properties": {"tract_fips": "17031430101"}, "geometry": {"type": "Polygon", "coordinates": [[[-87.576487, 41.773456], [-87.571617, 41.773502], [-87.571397, 41.766262], [-87.576302, 41.766214], [-87.576487, 41.773456]]]}}, {"type": "Feature", "properties": {"tract_fips": "17031804109"}, "geometry": {"type": "Polygon", "coordinates": [[[-88.043914, 42.068361], [-88.043839, 42.086773], [-88.042939, 42.086663], [-88.038507, 42.084959], [-88.034887, 42.084182], [-88.032688, 42.083274], [-88.032582, 42.082422], [-88.030312, 42.080062], [-88.028713, 42.07595], [-88.028332, 42.072409], [-88.028315, 42.068986], [-88.028519, 42.066728], [-88.03967, 42.066767], [-88.043914, 42.068361]]]}}, {"type": "Feature", "properties": {"tract_fips": "17031804611"}, "geometry": {"type": "Polygon", "coordinates": [[[-88.079975, 42.020422], [-88.079914, 42.027308], [-88.060313, 42.028141], [-88.060498, 42.008008], [-88.061251, 42.00801], [-88.061271, 42.00731], [-88.061478, 42.007172], [-88.062425, 42.007181], [-88.064052, 42.007481], [-88.064061, 42.005747], [-88.06549, 42.005898], [-88.070353, 42.005703], [-88.070321, 42.006873], [-88.070049, 42.007914], [-88.070467, 42.009393], [-88.070391, 42.01358], [-88.070183, 42.014383], [-88.069519, 42.015532], [-88.069392, 42.016035], [-88.069448, 42.016547], [-88.070194, 42.018136], [-88.070389, 42.018901], [-88.070402, 42.020552], [-88.069976, 42.021686], [-88.070872, 42.021757], [-88.072067, 42.020781], [-88.073722, 42.020651], [-88.074743, 42.020217], [-88.078635, 42.02007], [-88.079438, 42.020396], [-88.079975, 42.020422]]]}}, {"type": "Feature", "properties": {"tract_fips": "17031824004"}, "geometry": {"type": "Polygon", "coordinates": [[[-88.004455, 41.685666], [-87.982152, 41.686078], [-87.981659, 41.686609], [-87.980907, 41.687034], [-87.979166, 41.687332], [-87.97797, 41.687231], [-87.976264, 41.686687], [-87.97526, 41.686533], [-87.971626, 41.687251], [-87.96933, 41.68676], [-87.966674, 41.686742], [-87.961086, 41.689873], [-87.958189, 41.691149], [-87.955672, 41.693024], [-87.952137, 41.693768], [-87.948543, 41.694837], [-87.947374, 41.695412], [-87.943583, 41.698209], [-87.942305, 41.698918], [-87.942245, 41.700115], [-87.941971, 41.701245], [-87.942188, 41.702465], [-87.941783, 41.703035], [-87.940847, 41.703535], [-87.938034, 41.70459], [-87.936761, 41.705307], [-87.935834, 41.70609], [-87.93501, 41.707625], [-87.934226, 41.708457], [-87.933524, 41.708852], [-87.930286, 41.710064], [-87.927239, 41.712634], [-87.92561, 41.712753], [-87.924917, 41.712995], [-87.921532, 41.716238], [-87.920458, 41.71651], [-87.918207, 41.716573], [-87.917009, 41.716142], [-87.915132, 41.716587], [-87.914264, 41.716598], [-87.914361, 41.711614], [-87.913734, 41.696531], [-87.913771, 41.693776], [-87.913302, 41.680118], [-87.913169, 41.679677], [-87.912946, 41.67304], [-87.912821, 41.673032], [-87.912798, 41.672547], [-87.912922, 41.672541], [-87.912692, 41.665744], [-87.970086, 41.66461], [-87.971252, 41.66496], [-87.983879, 41.670364], [-87.990197, 41.671228], [-87.995419, 41.672895], [-87.997639, 41.672868], [-87.997829, 41.673201], [-88.001081, 41.67214], [-88.002081, 41.673904], [-88.002168, 41.674791], [-87.999249, 41.675729], [-88.0005, 41.677878], [-88.001823, 41.67852], [-88.00168, 41.680149], [-88.00186, 41.681042], [-88.004455, 41.685666]]]}}, {"type": "Feature", "properties": {"tract_fips": "17031824006"}, "geometry": {"type": "Polygon", "coordinates": [[[-87.999231, 41.642019], [-87.999824, 41.656602], [-87.99705, 41.65669], [-87.97465, 41.657114], [-87.973834, 41.656996], [-87.973278, 41.656717], [-87.968059, 41.659979], [-87.961569, 41.664728], [-87.912692, 41.665744], [-87.912607, 41.663159], [-87.912746, 41.662139], [-87.912567, 41.661985], [-87.91193, 41.643933], [-87.979817, 41.642548], [-87.982688, 41.642368], [-87.999231, 41.642019]]]}}, {"type": "Feature", "properties": {"tract_fips": "17031252101"}, "geometry": {"type": "Polygon", "coordinates": [[[-87.774658, 41.880151], [-87.764864, 41.880246], [-87.76454, 41.87102], [-87.768635, 41.870634], [-87.774301, 41.870924], [-87.774658, 41.880151]]]}}, {"type": "Feature", "properties": {"tract_fips": "17031010201"}, "geometry": {"type": "Polygon", "coordinates": [[[-87.684653, 42.019485], [-87.676855, 42.019411], [-87.676018, 42.015679], [-87.675678, 42.012617], [-87.682683, 42.012497], [-87.683086, 42.012323], [-87.684169, 42.01546], [-87.684653, 42.019485]]]}}, {"type": "Feature", "properties": {"tract_fips": "17031760801"}, "geometry": {"type": "Polygon", "coordinates": [[[-87.856727, 41.984781], [-87.856415, 41.985932], [-87.855514, 41.987964], [-87.855851, 41.989057], [-87.854132, 41.98865], [-87.849537, 41.988299], [-87.836618, 41.986365], [-87.836608, 41.977471], [-87.846477, 41.977351], [-87.846447, 41.983761], [-87.856369, 41.983628], [-87.856727, 41.984781]]]}}, {"type": "Feature", "properties": {"tract_fips": "17031839000"}, "geometry": {"type": "Polygon", "coordinates": [[[-87.636035, 41.874448], [-87.627545, 41.874552], [-87.627338, 41.867477], [-87.63479, 41.867364], [-87.635436, 41.871799], [-87.636035, 41.874448]]]}}, {"type": "Feature", "properties": {"tract_fips": "17031440201"}, "geometry": {"type": "Polygon", "coordinates": [[[-87.614958, 41.751114], [-87.605215, 41.751286], [-87.605084, 41.745798], [-87.606295, 41.745778], [-87.606257, 41.744408], [-87.607472, 41.744388], [-87.607508, 41.745759], [-87.611747, 41.745689], [-87.61235, 41.745678], [-87.612311, 41.744305], [-87.614129, 41.744274], [-87.614165, 41.745647], [-87.614819, 41.745638], [-87.614958, 41.751114]]]}}, {"type": "Feature", "properties": {"tract_fips": "17031540101"}, "geometry": {"type": "Polygon", "coordinates": [[[-87.621303, 41.650484], [-87.619758, 41.653633], [-87.618917, 41.6564], [-87.61728, 41.656834], [-87.617271, 41.655792], [-87.616918, 41.656335], [-87.613232, 41.656418], [-87.612337, 41.656051], [-87.612119, 41.651843], [-87.607571, 41.651856], [-87.607563, 41.657321], [-87.601971, 41.657197], [-87.598704, 41.657295], [-87.597967, 41.657131], [-87.597367, 41.65673], [-87.596968, 41.656227], [-87.596818, 41.655729], [-87.594987, 41.655937], [-87.594958, 41.655773], [-87.594041, 41.655812], [-87.592353, 41.655306], [-87.590458, 41.655703], [-87.589115, 41.655334], [-87.585199, 41.65566], [-87.580879, 41.650619], [-87.579941, 41.649246], [-87.578946, 41.646928], [-87.578588, 41.64473], [-87.617227, 41.644582], [-87.617229, 41.650019], [-87.620238, 41.650101], [-87.621303, 41.650484]]]}}, {"type": "Feature", "properties": {"tract_fips": "17031802004"}, "geometry": {"type": "Polygon", "coordinates": [[[-87.865075, 42.065896], [-87.857181, 42.074141], [-87.85577, 42.072765], [-87.854801, 42.073112], [-87.849363, 42.073108], [-87.849254, 42.072289], [-87.846087, 42.072279], [-87.845954, 42.072378], [-87.845955, 42.07309], [-87.844402, 42.073084], [-87.84444, 42.069419], [-87.844744, 42.069411], [-87.844816, 42.068448], [-87.846298, 42.068432], [-87.846637, 42.068261], [-87.846775, 42.067813], [-87.846807, 42.065815], [-87.865075, 42.065896]]]}}, {"type": "Feature", "properties": {"tract_fips": "17031802003"}, "geometry": {"type": "Polygon", "coordinates": [[[-87.857181, 42.074141], [-87.841483, 42.090602], [-87.838285, 42.090547], [-87.83846, 42.090361], [-87.83847, 42.087541], [-87.839428, 42.087547], [-87.83955, 42.073067], [-87.845955, 42.07309], [-87.846058, 42.072283], [-87.849254, 42.072289], [-87.849266, 42.073102], [-87.854801, 42.073112], [-87.85577, 42.072765], [-87.857181, 42.074141]]]}}, {"type": "Feature", "properties": {"tract_fips": "17031803013"}, "geometry": {"type": "Polygon", "coordinates": [[[-87.98512, 42.142703], [-87.985448, 42.146376], [-87.984099, 42.146519], [-87.982606, 42.147404], [-87.981016, 42.147801], [-87.978316, 42.147789], [-87.976024, 42.147281], [-87.973739, 42.147234], [-87.973, 42.146677], [-87.972741, 42.146655], [-87.968164, 42.146619], [-87.966139, 42.147178], [-87.958525, 42.147127], [-87.958593, 42.138903], [-87.985149, 42.139106], [-87.98512, 42.142703]]]}}, {"type": "Feature", "properties": {"tract_fips": "17031802608"}, "geometry": {"type": "Polygon", "coordinates": [[[-87.966039, 42.108639], [-87.96587, 42.109126], [-87.965862, 42.109979], [-87.936777, 42.109783], [-87.936793, 42.088029], [-87.945266, 42.088057], [-87.951588, 42.093225], [-87.965727, 42.102715], [-87.96601, 42.103102], [-87.966039, 42.108639]]]}}, {"type": "Feature", "properties": {"tract_fips": "17031803015"}, "geometry": {"type": "Polygon", "coordinates": [[[-87.965862, 42.109979], [-87.965866, 42.11766], [-87.961003, 42.117649], [-87.959772, 42.118634], [-87.956218, 42.118631], [-87.956209, 42.124398], [-87.936769, 42.12426], [-87.936777, 42.109783], [-87.965862, 42.109979]]]}}, {"type": "Feature", "properties": {"tract_fips": "17031803014"}, "geometry": {"type": "Polygon", "coordinates": [[[-87.936777, 42.109783], [-87.936769, 42.12426], [-87.927009, 42.124248], [-87.927097, 42.109742], [-87.936777, 42.109783]]]}}, {"type": "Feature", "properties": {"tract_fips": "17031834000"}, "geometry": {"type": "Polygon", "coordinates": [[[-87.634055, 41.735944], [-87.632721, 41.735972], [-87.631708, 41.73516], [-87.629151, 41.732784], [-87.625624, 41.729019], [-87.623938, 41.729042], [-87.62373, 41.721703], [-87.633446, 41.721637], [-87.633669, 41.729994], [-87.634055, 41.735944]]]}}, {"type": "Feature", "properties": {"tract_fips": "17031711100"}, "geometry": {"type": "Polygon", "coordinates": [[[-87.663252, 41.743077], [-87.653539, 41.743216], [-87.65334, 41.735935], [-87.663065, 41.73579], [-87.663252, 41.743077]]]}}, {"type": "Feature", "properties": {"tract_fips": "17031711200"}, "geometry": {"type": "Polygon", "coordinates": [[[-87.678037, 41.744733], [-87.663302, 41.744894], [-87.663065, 41.73579], [-87.67309, 41.73565], [-87.676289, 41.739554], [-87.677247, 41.741025], [-87.677901, 41.74288], [-87.678037, 41.744733]]]}}, {"type": "Feature", "properties": {"tract_fips": "17031711500"}, "geometry": {"type": "Polygon", "coordinates": [[[-87.643611, 41.73607], [-87.636316, 41.736113], [-87.634055, 41.735944], [-87.633638, 41.728882], [-87.64341, 41.728769], [-87.643611, 41.73607]]]}}, {"type": "Feature", "properties": {"tract_fips": "17031270500"}, "geometry": {"type": "Polygon", "coordinates": [[[-87.720239, 41.869869], [-87.72082, 41.881897], [-87.719589, 41.881657], [-87.716416, 41.881641], [-87.714082, 41.881239], [-87.712562, 41.881753], [-87.711762, 41.882693], [-87.711061, 41.882743], [-87.711006, 41.880917], [-87.715894, 41.880856], [-87.715535, 41.869943], [-87.720239, 41.869869]]]}}, {"type": "Feature", "properties": {"tract_fips": "17031680900"}, "geometry": {"type": "Polygon", "coordinates": [[[-87.644839, 41.781557], [-87.643787, 41.781476], [-87.643678, 41.780664], [-87.640028, 41.780745], [-87.64002, 41.779825], [-87.63015, 41.779987], [-87.629985, 41.772709], [-87.644597, 41.772472], [-87.644839, 41.781557]]]}}, {"type": "Feature", "properties": {"tract_fips": "17031817200"}, "geometry": {"type": "Polygon", "coordinates": [[[-87.859764, 41.890703], [-87.851615, 41.889786], [-87.851751, 41.889416], [-87.851334, 41.878693], [-87.843811, 41.878873], [-87.843739, 41.876966], [-87.8462, 41.877174], [-87.846162, 41.876168], [-87.848373, 41.87672], [-87.859282, 41.87759], [-87.859764, 41.890703]]]}}, {"type": "Feature", "properties": {"tract_fips": "17031817600"}, "geometry": {"type": "Polygon", "coordinates": [[[-87.843672, 41.875494], [-87.842776, 41.875245], [-87.838716, 41.875326], [-87.838763, 41.876404], [-87.837536, 41.876269], [-87.833888, 41.87631], [-87.833405, 41.864456], [-87.843203, 41.864311], [-87.843672, 41.875494]]]}}, {"type": "Feature", "properties": {"tract_fips": "17031221000"}, "geometry": {"type": "Polygon", "coordinates": [[[-87.716994, 41.924603], [-87.713738, 41.924644], [-87.713521, 41.917323], [-87.716772, 41.917283], [-87.716994, 41.924603]]]}}, {"type": "Feature", "properties": {"tract_fips": "17031221100"}, "geometry": {"type": "Polygon", "coordinates": [[[-87.713738, 41.924644], [-87.707219, 41.924716], [-87.706976, 41.917402], [-87.713521, 41.917323], [-87.713738, 41.924644]]]}}, {"type": "Feature", "properties": {"tract_fips": "17031242800"}, "geometry": {"type": "Polygon", "coordinates": [[[-87.696703, 41.895654], [-87.686843, 41.895743], [-87.686624, 41.88841], [-87.691474, 41.888371], [-87.691754, 41.891732], [-87.691668, 41.892332], [-87.696671, 41.894333], [-87.696703, 41.895654]]]}}, {"type": "Feature", "properties": {"tract_fips": "17031242900"}, "geometry": {"type": "Polygon", "coordinates": [[[-87.686843, 41.895743], [-87.681949, 41.895827], [-87.68174, 41.888641], [-87.686623, 41.888527], [-87.686843, 41.895743]]]}}, {"type": "Feature", "properties": {"tract_fips": "17031243000"}, "geometry": {"type": "Polygon", "coordinates": [[[-87.681949, 41.895827], [-87.677052, 41.895912], [-87.676846, 41.88872], [-87.68174, 41.888641], [-87.681949, 41.895827]]]}}, {"type": "Feature", "properties": {"tract_fips": "17031243100"}, "geometry": {"type": "Polygon", "coordinates": [[[-87.677052, 41.895912], [-87.672173, 41.895992], [-87.671961, 41.8888], [-87.676846, 41.88872], [-87.677052, 41.895912]]]}}, {"type": "Feature", "properties": {"tract_fips": "17031243200"}, "geometry": {"type": "Polygon", "coordinates": [[[-87.672173, 41.895992], [-87.667292, 41.896074], [-87.667069, 41.888852], [-87.671961, 41.8888], [-87.672173, 41.895992]]]}}, {"type": "Feature", "properties": {"tract_fips": "17031243300"}, "geometry": {"type": "Polygon", "coordinates": [[[-87.667292, 41.896074], [-87.662405, 41.89615], [-87.662211, 41.889005], [-87.66281, 41.888718], [-87.663961, 41.888873], [-87.667069, 41.888852], [-87.667292, 41.896074]]]}}, {"type": "Feature", "properties": {"tract_fips": "17031243400"}, "geometry": {"type": "Polygon", "coordinates": [[[-87.662405, 41.89615], [-87.65751, 41.896228], [-87.657341, 41.895672], [-87.657487, 41.89493], [-87.657347, 41.888944], [-87.661941, 41.888887], [-87.662211, 41.889005], [-87.662405, 41.89615]]]}}, {"type": "Feature", "properties": {"tract_fips": "17031071400"}, "geometry": {"type": "Polygon", "coordinates": [[[-87.640479, 41.925585], [-87.633962, 41.925717], [-87.630683, 41.926227], [-87.629599, 41.926531], [-87.62516, 41.926869], [-87.615956, 41.918831], [-87.630013, 41.918711], [-87.630747, 41.918539], [-87.633441, 41.918618], [-87.638816, 41.918322], [-87.639058, 41.92288], [-87.638838, 41.922893], [-87.640479, 41.925585]]]}}, {"type": "Feature", "properties": {"tract_fips": "17031110400"}, "geometry": {"type": "Polygon", "coordinates": [[[-87.778234, 41.968533], [-87.778085, 41.979829], [-87.768506, 41.974384], [-87.768481, 41.975683], [-87.766311, 41.975707], [-87.764174, 41.973327], [-87.764749, 41.973312], [-87.765353, 41.973009], [-87.764132, 41.971655], [-87.765169, 41.971584], [-87.76756, 41.970329], [-87.767505, 41.96869], [-87.778234, 41.968533]]]}}, {"type": "Feature", "properties": {"tract_fips": "17031150600"}, "geometry": {"type": "Polygon", "coordinates": [[[-87.776775, 41.953056], [-87.767, 41.953185], [-87.766756, 41.945877], [-87.776503, 41.945771], [-87.776775, 41.953056]]]}}, {"type": "Feature", "properties": {"tract_fips": "17031150700"}, "geometry": {"type": "Polygon", "coordinates": [[[-87.767, 41.953185], [-87.757148, 41.9533], [-87.756921, 41.946001], [-87.766756, 41.945877], [-87.767, 41.953185]]]}}, {"type": "Feature", "properties": {"tract_fips": "17031150800"}, "geometry": {"type": "Polygon", "coordinates": [[[-87.757148, 41.9533], [-87.747305, 41.953418], [-87.747065, 41.946124], [-87.756921, 41.946001], [-87.757148, 41.9533]]]}}, {"type": "Feature", "properties": {"tract_fips": "17031151100"}, "geometry": {"type": "Polygon", "coordinates": [[[-87.766756, 41.945877], [-87.756921, 41.946001], [-87.75669, 41.9387], [-87.7665, 41.938575], [-87.766756, 41.945877]]]}}, {"type": "Feature", "properties": {"tract_fips": "17031151200"}, "geometry": {"type": "Polygon", "coordinates": [[[-87.776503, 41.945771], [-87.766756, 41.945877], [-87.7665, 41.938575], [-87.776215, 41.938448], [-87.776503, 41.945771]]]}}, {"type": "Feature", "properties": {"tract_fips": "17031241500"}, "geometry": {"type": "Polygon", "coordinates": [[[-87.677463, 41.91047], [-87.667692, 41.91063], [-87.667513, 41.904017], [-87.677463, 41.91047]]]}}, {"type": "Feature", "properties": {"tract_fips": "17031241100"}, "geometry": {"type": "Polygon", "coordinates": [[[-87.692112, 41.910218], [-87.687221, 41.910321], [-87.687027, 41.903016], [-87.691952, 41.902968], [-87.692112, 41.910218]]]}}, {"type": "Feature", "properties": {"tract_fips": "17031241600"}, "geometry": {"type": "Polygon", "coordinates": [[[-87.667692, 41.91063], [-87.665192, 41.910665], [-87.664283, 41.909408], [-87.662812, 41.908046], [-87.662628, 41.903409], [-87.667495, 41.903346], [-87.667692, 41.91063]]]}}, {"type": "Feature", "properties": {"tract_fips": "17031241300"}, "geometry": {"type": "Polygon", "coordinates": [[[-87.682347, 41.910393], [-87.679907, 41.91044], [-87.6797, 41.903147], [-87.68214, 41.903107], [-87.682347, 41.910393]]]}}, {"type": "Feature", "properties": {"tract_fips": "17031241400"}, "geometry": {"type": "Polygon", "coordinates": [[[-87.679907, 41.91044], [-87.677463, 41.91047], [-87.667513, 41.904017], [-87.667495, 41.903346], [-87.6797, 41.903147], [-87.679907, 41.91044]]]}}, {"type": "Feature", "properties": {"tract_fips": "17031243500"}, "geometry": {"type": "Polygon", "coordinates": [[[-87.65751, 41.896228], [-87.647745, 41.896399], [-87.647622, 41.889049], [-87.657347, 41.888944], [-87.657487, 41.89493], [-87.657341, 41.895672], [-87.65751, 41.896228]]]}}, {"type": "Feature", "properties": {"tract_fips": "17031250200"}, "geometry": {"type": "Polygon", "coordinates": [[[-87.755895, 41.915709], [-87.74601, 41.914493], [-87.745898, 41.910842], [-87.746114, 41.909626], [-87.755796, 41.909501], [-87.755674, 41.909992], [-87.755895, 41.915709]]]}}, {"type": "Feature", "properties": {"tract_fips": "17031250300"}, "geometry": {"type": "Polygon", "coordinates": [[[-87.765533, 41.910164], [-87.765745, 41.916624], [-87.763076, 41.916512], [-87.755895, 41.915709], [-87.755674, 41.909992], [-87.755796, 41.909501], [-87.765724, 41.909379], [-87.765533, 41.910164]]]}}, {"type": "Feature", "properties": {"tract_fips": "17031250400"}, "geometry": {"type": "Polygon", "coordinates": [[[-87.785227, 41.916416], [-87.765745, 41.916624], [-87.765533, 41.910164], [-87.765666, 41.909533], [-87.765724, 41.909379], [-87.785002, 41.909148], [-87.785227, 41.916416]]]}}, {"type": "Feature", "properties": {"tract_fips": "17031250500"}, "geometry": {"type": "Polygon", "coordinates": [[[-87.80623, 41.92336], [-87.803494, 41.922575], [-87.787904, 41.916944], [-87.785226, 41.916452], [-87.785002, 41.909148], [-87.805748, 41.908904], [-87.80623, 41.92336]]]}}, {"type": "Feature", "properties": {"tract_fips": "17031071500"}, "geometry": {"type": "Polygon", "coordinates": [[[-87.638816, 41.918322], [-87.633441, 41.918618], [-87.630747, 41.918539], [-87.630013, 41.918711], [-87.615956, 41.918831], [-87.613754, 41.911576], [-87.624606, 41.911305], [-87.626057, 41.911109], [-87.627096, 41.911256], [-87.638592, 41.911115], [-87.638816, 41.918322]]]}}, {"type": "Feature", "properties": {"tract_fips": "17031071800"}, "geometry": {"type": "Polygon", "coordinates": [[[-87.648509, 41.91818], [-87.643667, 41.918253], [-87.643431, 41.911018], [-87.648272, 41.91092], [-87.648509, 41.91818]]]}}, {"type": "Feature", "properties": {"tract_fips": "17031080100"}, "geometry": {"type": "Polygon", "coordinates": [[[-87.628886, 41.911223], [-87.627096, 41.911256], [-87.626004, 41.91111], [-87.624606, 41.911305], [-87.624717, 41.910674], [-87.625218, 41.909999], [-87.62527, 41.909587], [-87.624162, 41.904578], [-87.624877, 41.904927], [-87.625004, 41.904001], [-87.628678, 41.903942], [-87.628886, 41.911223]]]}}, {"type": "Feature", "properties": {"tract_fips": "17031080300"}, "geometry": {"type": "Polygon", "coordinates": [[[-87.638592, 41.911115], [-87.63323, 41.911164], [-87.633002, 41.903877], [-87.63837, 41.903793], [-87.638592, 41.911115]]]}}, {"type": "Feature", "properties": {"tract_fips": "17031080400"}, "geometry": {"type": "Polygon", "coordinates": [[[-87.643431, 41.911018], [-87.638592, 41.911115], [-87.63837, 41.903793], [-87.64322, 41.903716], [-87.643431, 41.911018]]]}}, {"type": "Feature", "properties": {"tract_fips": "17031160100"}, "geometry": {"type": "Polygon", "coordinates": [[[-87.747613, 41.964296], [-87.747722, 41.968029], [-87.737902, 41.968134], [-87.737851, 41.96654], [-87.73752, 41.966311], [-87.738603, 41.966301], [-87.738425, 41.960829], [-87.744541, 41.960756], [-87.747373, 41.962433], [-87.746963, 41.9629], [-87.747613, 41.964296]]]}}, {"type": "Feature", "properties": {"tract_fips": "17031160200"}, "geometry": {"type": "Polygon", "coordinates": [[[-87.746407, 41.960737], [-87.738425, 41.960829], [-87.738603, 41.966301], [-87.737847, 41.96631], [-87.73752, 41.966311], [-87.729693, 41.960927], [-87.734188, 41.960875], [-87.734129, 41.956427], [-87.733944, 41.956063], [-87.73397, 41.953578], [-87.741122, 41.953489], [-87.74275, 41.953474], [-87.746407, 41.960737]]]}}, {"type": "Feature", "properties": {"tract_fips": "17031160300"}, "geometry": {"type": "Polygon", "coordinates": [[[-87.734188, 41.960875], [-87.727828, 41.960947], [-87.727618, 41.953662], [-87.73397, 41.953578], [-87.733944, 41.956063], [-87.734129, 41.956427], [-87.734188, 41.960875]]]}}, {"type": "Feature", "properties": {"tract_fips": "17031160400"}, "geometry": {"type": "Polygon", "coordinates": [[[-87.727828, 41.960947], [-87.71804, 41.961069], [-87.717813, 41.953791], [-87.727618, 41.953662], [-87.727828, 41.960947]]]}}, {"type": "Feature", "properties": {"tract_fips": "17031160700"}, "geometry": {"type": "Polygon", "coordinates": [[[-87.708015, 41.953915], [-87.694446, 41.953994], [-87.696759, 41.950456], [-87.696841, 41.949451], [-87.696208, 41.946696], [-87.707822, 41.946631], [-87.708015, 41.953915]]]}}, {"type": "Feature", "properties": {"tract_fips": "17031221300"}, "geometry": {"type": "Polygon", "coordinates": [[[-87.702318, 41.924763], [-87.697413, 41.924807], [-87.697201, 41.917489], [-87.702089, 41.917445], [-87.702318, 41.924763]]]}}, {"type": "Feature", "properties": {"tract_fips": "17031221500"}, "geometry": {"type": "Polygon", "coordinates": [[[-87.692843, 41.924852], [-87.687642, 41.924901], [-87.68741, 41.917568], [-87.688596, 41.917563], [-87.692712, 41.920065], [-87.692843, 41.924852]]]}}, {"type": "Feature", "properties": {"tract_fips": "17031221400"}, "geometry": {"type": "Polygon", "coordinates": [[[-87.697413, 41.924807], [-87.692843, 41.924852], [-87.692712, 41.920065], [-87.688596, 41.917563], [-87.697201, 41.917489], [-87.697413, 41.924807]]]}}, {"type": "Feature", "properties": {"tract_fips": "17031250600"}, "geometry": {"type": "Polygon", "coordinates": [[[-87.7756, 41.909254], [-87.765724, 41.909379], [-87.765887, 41.908778], [-87.765654, 41.902145], [-87.775362, 41.901998], [-87.7756, 41.909254]]]}}, {"type": "Feature", "properties": {"tract_fips": "17031250700"}, "geometry": {"type": "Polygon", "coordinates": [[[-87.765887, 41.908864], [-87.765724, 41.909379], [-87.755796, 41.909501], [-87.755926, 41.909], [-87.755774, 41.902249], [-87.765654, 41.902145], [-87.765887, 41.908864]]]}}, {"type": "Feature", "properties": {"tract_fips": "17031250800"}, "geometry": {"type": "Polygon", "coordinates": [[[-87.755926, 41.909], [-87.755796, 41.909501], [-87.746114, 41.909626], [-87.746036, 41.905988], [-87.748502, 41.905961], [-87.74842, 41.902327], [-87.755774, 41.902249], [-87.755926, 41.909]]]}}, {"type": "Feature", "properties": {"tract_fips": "17031251000"}, "geometry": {"type": "Polygon", "coordinates": [[[-87.74842, 41.902327], [-87.741518, 41.902427], [-87.741427, 41.896917], [-87.741203, 41.895093], [-87.748258, 41.894985], [-87.74842, 41.902327]]]}}, {"type": "Feature", "properties": {"tract_fips": "17031251100"}, "geometry": {"type": "Polygon", "coordinates": [[[-87.755774, 41.902249], [-87.74842, 41.902327], [-87.748258, 41.894985], [-87.755599, 41.894936], [-87.755774, 41.902249]]]}}, {"type": "Feature", "properties": {"tract_fips": "17031051400"}, "geometry": {"type": "Polygon", "coordinates": [[[-87.68563, 41.933871], [-87.685521, 41.934932], [-87.683085, 41.934961], [-87.683201, 41.939513], [-87.678355, 41.939573], [-87.678135, 41.932285], [-87.682661, 41.932231], [-87.683285, 41.93327], [-87.685072, 41.933653], [-87.68563, 41.933871]]]}}, {"type": "Feature", "properties": {"tract_fips": "17031060100"}, "geometry": {"type": "Polygon", "coordinates": [[[-87.669258, 41.961592], [-87.665954, 41.961635], [-87.664471, 41.957956], [-87.66225, 41.954378], [-87.669049, 41.95429], [-87.669258, 41.961592]]]}}, {"type": "Feature", "properties": {"tract_fips": "17031060300"}, "geometry": {"type": "Polygon", "coordinates": [[[-87.673794, 41.954225], [-87.669049, 41.95429], [-87.668858, 41.94699], [-87.673625, 41.946928], [-87.673794, 41.954225]]]}}, {"type": "Feature", "properties": {"tract_fips": "17031060800"}, "geometry": {"type": "Polygon", "coordinates": [[[-87.6497, 41.954561], [-87.641078, 41.954846], [-87.634054, 41.956232], [-87.633709, 41.955326], [-87.640738, 41.953851], [-87.644352, 41.952727], [-87.644807, 41.95235], [-87.64962, 41.951198], [-87.6497, 41.954561]]]}}, {"type": "Feature", "properties": {"tract_fips": "17031160800"}, "geometry": {"type": "Polygon", "coordinates": [[[-87.717813, 41.953791], [-87.708015, 41.953915], [-87.707822, 41.946631], [-87.717559, 41.946504], [-87.717813, 41.953791]]]}}, {"type": "Feature", "properties": {"tract_fips": "17031160900"}, "geometry": {"type": "Polygon", "coordinates": [[[-87.727618, 41.953662], [-87.717813, 41.953791], [-87.717559, 41.946504], [-87.727401, 41.946373], [-87.727618, 41.953662]]]}}, {"type": "Feature", "properties": {"tract_fips": "17031161000"}, "geometry": {"type": "Polygon", "coordinates": [[[-87.73397, 41.953578], [-87.727618, 41.953662], [-87.727401, 41.946373], [-87.733748, 41.946293], [-87.73397, 41.953578]]]}}, {"type": "Feature", "properties": {"tract_fips": "17031161100"}, "geometry": {"type": "Polygon", "coordinates": [[[-87.742678, 41.953474], [-87.73397, 41.953578], [-87.733748, 41.946293], [-87.742361, 41.946185], [-87.742525, 41.953007], [-87.742678, 41.953474]]]}}, {"type": "Feature", "properties": {"tract_fips": "17031161200"}, "geometry": {"type": "Polygon", "coordinates": [[[-87.74296, 41.942532], [-87.742228, 41.942541], [-87.742361, 41.946185], [-87.735627, 41.946267], [-87.73477, 41.945749], [-87.734567, 41.938995], [-87.742154, 41.938891], [-87.742192, 41.940716], [-87.742895, 41.940694], [-87.74296, 41.942532]]]}}, {"type": "Feature", "properties": {"tract_fips": "17031161300"}, "geometry": {"type": "Polygon", "coordinates": [[[-87.735627, 41.946267], [-87.727401, 41.946373], [-87.727185, 41.939095], [-87.734567, 41.938995], [-87.73477, 41.945749], [-87.735627, 41.946267]]]}}, {"type": "Feature", "properties": {"tract_fips": "17031170100"}, "geometry": {"type": "Polygon", "coordinates": [[[-87.807291, 41.953866], [-87.794204, 41.960072], [-87.786805, 41.960217], [-87.786559, 41.952916], [-87.796272, 41.952743], [-87.807269, 41.952765], [-87.807291, 41.953866]]]}}, {"type": "Feature", "properties": {"tract_fips": "17031221600"}, "geometry": {"type": "Polygon", "coordinates": [[[-87.687642, 41.924901], [-87.683641, 41.924955], [-87.682732, 41.924465], [-87.682519, 41.917659], [-87.68741, 41.917568], [-87.687642, 41.924901]]]}}, {"type": "Feature", "properties": {"tract_fips": "17031242100"}, "geometry": {"type": "Polygon", "coordinates": [[[-87.672381, 41.903267], [-87.667495, 41.903346], [-87.667292, 41.896074], [-87.672173, 41.895992], [-87.672381, 41.903267]]]}}, {"type": "Feature", "properties": {"tract_fips": "17031242000"}, "geometry": {"type": "Polygon", "coordinates": [[[-87.667495, 41.903346], [-87.662628, 41.903409], [-87.662405, 41.89615], [-87.667292, 41.896074], [-87.667495, 41.903346]]]}}, {"type": "Feature", "properties": {"tract_fips": "17031251200"}, "geometry": {"type": "Polygon", "coordinates": [[[-87.765654, 41.902145], [-87.755774, 41.902249], [-87.755599, 41.894936], [-87.765395, 41.894854], [-87.765654, 41.902145]]]}}, {"type": "Feature", "properties": {"tract_fips": "17031251300"}, "geometry": {"type": "Polygon", "coordinates": [[[-87.775362, 41.901998], [-87.765654, 41.902145], [-87.765395, 41.894854], [-87.775128, 41.894712], [-87.775362, 41.901998]]]}}, {"type": "Feature", "properties": {"tract_fips": "17031051300"}, "geometry": {"type": "Polygon", "coordinates": [[[-87.678355, 41.939573], [-87.67344, 41.939633], [-87.673352, 41.935987], [-87.673541, 41.935985], [-87.673426, 41.932342], [-87.678135, 41.932285], [-87.678355, 41.939573]]]}}, {"type": "Feature", "properties": {"tract_fips": "17031600700"}, "geometry": {"type": "Polygon", "coordinates": [[[-87.664972, 41.841707], [-87.664331, 41.8427], [-87.664449, 41.844617], [-87.663149, 41.844685], [-87.660811, 41.845927], [-87.660298, 41.844854], [-87.654359, 41.837937], [-87.661856, 41.837857], [-87.661711, 41.835377], [-87.663061, 41.83692], [-87.66323, 41.837612], [-87.66436, 41.839375], [-87.664972, 41.841707]]]}}, {"type": "Feature", "properties": {"tract_fips": "17031600900"}, "geometry": {"type": "Polygon", "coordinates": [[[-87.66085, 41.837848], [-87.646278, 41.838046], [-87.646202, 41.83483], [-87.651063, 41.834766], [-87.651074, 41.835271], [-87.659438, 41.835142], [-87.660717, 41.836101], [-87.66085, 41.837848]]]}}, {"type": "Feature", "properties": {"tract_fips": "17031821200"}, "geometry": {"type": "Polygon", "coordinates": [[[-87.680696, 41.677257], [-87.66785, 41.677419], [-87.668549, 41.676127], [-87.667148, 41.675834], [-87.66657, 41.677442], [-87.661365, 41.677544], [-87.661151, 41.67033], [-87.659547, 41.670319], [-87.679899, 41.652791], [-87.680696, 41.677257]]]}}, {"type": "Feature", "properties": {"tract_fips": "17031672000"}, "geometry": {"type": "Polygon", "coordinates": [[[-87.678583, 41.764755], [-87.663796, 41.764909], [-87.663607, 41.757677], [-87.678466, 41.757452], [-87.678583, 41.764755]]]}}, {"type": "Feature", "properties": {"tract_fips": "17031710900"}, "geometry": {"type": "Polygon", "coordinates": [[[-87.644044, 41.750642], [-87.639316, 41.750711], [-87.639489, 41.748857], [-87.639193, 41.748867], [-87.639028, 41.743455], [-87.637643, 41.743475], [-87.636287, 41.743739], [-87.635946, 41.744162], [-87.634108, 41.743498], [-87.633967, 41.739151], [-87.63376, 41.73793], [-87.633757, 41.737406], [-87.634252, 41.736757], [-87.634055, 41.735944], [-87.636316, 41.736113], [-87.643611, 41.73607], [-87.644044, 41.750642]]]}}, {"type": "Feature", "properties": {"tract_fips": "17031711000"}, "geometry": {"type": "Polygon", "coordinates": [[[-87.653539, 41.743216], [-87.643831, 41.743358], [-87.643611, 41.73607], [-87.65334, 41.735935], [-87.653539, 41.743216]]]}}, {"type": "Feature", "properties": {"tract_fips": "17031711300"}, "geometry": {"type": "Polygon", "coordinates": [[[-87.673028, 41.73565], [-87.663065, 41.73579], [-87.662961, 41.732189], [-87.665387, 41.732086], [-87.665331, 41.730237], [-87.668216, 41.730177], [-87.673028, 41.73565]]]}}, {"type": "Feature", "properties": {"tract_fips": "17031711400"}, "geometry": {"type": "Polygon", "coordinates": [[[-87.663065, 41.73579], [-87.643611, 41.73607], [-87.64341, 41.728769], [-87.644615, 41.728701], [-87.644674, 41.729401], [-87.644526, 41.730001], [-87.64629, 41.729592], [-87.647518, 41.728646], [-87.647951, 41.7287], [-87.646513, 41.732527], [-87.662961, 41.732189], [-87.663065, 41.73579]]]}}, {"type": "Feature", "properties": {"tract_fips": "17031271200"}, "geometry": {"type": "Polygon", "coordinates": [[[-87.706123, 41.880973], [-87.701208, 41.881026], [-87.701013, 41.873747], [-87.705917, 41.873688], [-87.706123, 41.880973]]]}}, {"type": "Feature", "properties": {"tract_fips": "17031271300"}, "geometry": {"type": "Polygon", "coordinates": [[[-87.711006, 41.880917], [-87.706123, 41.880973], [-87.705917, 41.873688], [-87.710782, 41.873628], [-87.711006, 41.880917]]]}}, {"type": "Feature", "properties": {"tract_fips": "17031271400"}, "geometry": {"type": "Polygon", "coordinates": [[[-87.715894, 41.880856], [-87.711006, 41.880917], [-87.710782, 41.873628], [-87.715658, 41.873568], [-87.715894, 41.880856]]]}}, {"type": "Feature", "properties": {"tract_fips": "17031350100"}, "geometry": {"type": "Polygon", "coordinates": [[[-87.617299, 41.845668], [-87.616551, 41.845632], [-87.616008, 41.845093], [-87.611399, 41.845238], [-87.601642, 41.845196], [-87.601408, 41.844533], [-87.597474, 41.83878], [-87.604704, 41.838437], [-87.607694, 41.838582], [-87.617123, 41.838423], [-87.617299, 41.845668]]]}}, {"type": "Feature", "properties": {"tract_fips": "17031350400"}, "geometry": {"type": "Polygon", "coordinates": [[[-87.629784, 41.83828], [-87.629949, 41.845544], [-87.626961, 41.845585], [-87.626773, 41.838301], [-87.629784, 41.83828]]]}}, {"type": "Feature", "properties": {"tract_fips": "17031351000"}, "geometry": {"type": "Polygon", "coordinates": [[[-87.617123, 41.838423], [-87.607694, 41.838582], [-87.604704, 41.838437], [-87.597474, 41.83878], [-87.592614, 41.831477], [-87.616967, 41.8311], [-87.617123, 41.838423]]]}}, {"type": "Feature", "properties": {"tract_fips": "17031351400"}, "geometry": {"type": "Polygon", "coordinates": [[[-87.626644, 41.831014], [-87.621764, 41.831059], [-87.621602, 41.823775], [-87.626422, 41.823714], [-87.626644, 41.831014]]]}}, {"type": "Feature", "properties": {"tract_fips": "17031360200"}, "geometry": {"type": "Polygon", "coordinates": [[[-87.612624, 41.823891], [-87.610613, 41.831186], [-87.609556, 41.831197], [-87.607535, 41.828115], [-87.608825, 41.827722], [-87.606895, 41.824002], [-87.612624, 41.823891]]]}}, {"type": "Feature", "properties": {"tract_fips": "17031430400"}, "geometry": {"type": "Polygon", "coordinates": [[[-87.595523, 41.758696], [-87.59472, 41.762345], [-87.593324, 41.762354], [-87.593356, 41.765083], [-87.594048, 41.765077], [-87.593826, 41.766004], [-87.586329, 41.766121], [-87.586136, 41.758764], [-87.595523, 41.758696]]]}}, {"type": "Feature", "properties": {"tract_fips": "17031430600"}, "geometry": {"type": "Polygon", "coordinates": [[[-87.576302, 41.766214], [-87.566484, 41.766318], [-87.56645, 41.762619], [-87.576221, 41.762515], [-87.576302, 41.766214]]]}}, {"type": "Feature", "properties": {"tract_fips": "17031430800"}, "geometry": {"type": "Polygon", "coordinates": [[[-87.576221, 41.762515], [-87.56645, 41.762619], [-87.566373, 41.758988], [-87.576142, 41.758876], [-87.576221, 41.762515]]]}}, {"type": "Feature", "properties": {"tract_fips": "17031430500"}, "geometry": {"type": "Polygon", "coordinates": [[[-87.586329, 41.766121], [-87.576302, 41.766214], [-87.576221, 41.762515], [-87.586232, 41.76241], [-87.586329, 41.766121]]]}}, {"type": "Feature", "properties": {"tract_fips": "17031430900"}, "geometry": {"type": "Polygon", "coordinates": [[[-87.586232, 41.76241], [-87.576221, 41.762515], [-87.576142, 41.758876], [-87.586136, 41.758764], [-87.586232, 41.76241]]]}}, {"type": "Feature", "properties": {"tract_fips": "17031610300"}, "geometry": {"type": "Polygon", "coordinates": [[[-87.68424, 41.823], [-87.665462, 41.82315], [-87.665249, 41.820262], [-87.665064, 41.812222], [-87.669926, 41.812197], [-87.669828, 41.808557], [-87.683874, 41.808417], [-87.68424, 41.823]]]}}, {"type": "Feature", "properties": {"tract_fips": "17031681000"}, "geometry": {"type": "Polygon", "coordinates": [[[-87.654502, 41.779608], [-87.644786, 41.779751], [-87.644597, 41.772472], [-87.65431, 41.772333], [-87.654502, 41.779608]]]}}, {"type": "Feature", "properties": {"tract_fips": "17031681100"}, "geometry": {"type": "Polygon", "coordinates": [[[-87.65431, 41.772333], [-87.644597, 41.772472], [-87.644413, 41.765203], [-87.654116, 41.765057], [-87.65431, 41.772333]]]}}, {"type": "Feature", "properties": {"tract_fips": "17031680500"}, "geometry": {"type": "Polygon", "coordinates": [[[-87.654874, 41.794172], [-87.650016, 41.79424], [-87.649828, 41.786956], [-87.654684, 41.786886], [-87.654874, 41.794172]]]}}, {"type": "Feature", "properties": {"tract_fips": "17031803400"}, "geometry": {"type": "Polygon", "coordinates": [[[-87.983091, 42.066883], [-87.982936, 42.081038], [-87.980491, 42.081016], [-87.980468, 42.082947], [-87.976012, 42.080986], [-87.956235, 42.08087], [-87.956304, 42.072231], [-87.957565, 42.072792], [-87.957677, 42.071827], [-87.962807, 42.071825], [-87.962659, 42.073324], [-87.963583, 42.073425], [-87.963718, 42.072423], [-87.966077, 42.072423], [-87.966118, 42.06644], [-87.982954, 42.066529], [-87.982829, 42.066643], [-87.983091, 42.066883]]]}}, {"type": "Feature", "properties": {"tract_fips": "17031803500"}, "geometry": {"type": "Polygon", "coordinates": [[[-88.00497, 42.066636], [-88.004777, 42.074449], [-88.004896, 42.07495], [-88.004793, 42.082476], [-88.001749, 42.082515], [-88.001774, 42.081085], [-87.982936, 42.081038], [-87.983091, 42.066883], [-87.982829, 42.066643], [-87.982954, 42.066529], [-88.00497, 42.066636]]]}}, {"type": "Feature", "properties": {"tract_fips": "17031803604"}, "geometry": {"type": "Polygon", "coordinates": [[[-88.048533, 42.122445], [-88.0485, 42.139293], [-88.033865, 42.139236], [-88.033891, 42.119574], [-88.03413, 42.118794], [-88.034477, 42.118395], [-88.035217, 42.118956], [-88.036278, 42.119387], [-88.041, 42.120455], [-88.048533, 42.122445]]]}}, {"type": "Feature", "properties": {"tract_fips": "17031803607"}, "geometry": {"type": "Polygon", "coordinates": [[[-88.024161, 42.11022], [-88.024114, 42.123467], [-88.023065, 42.123467], [-88.023064, 42.124237], [-88.019208, 42.124085], [-88.019206, 42.124636], [-88.015125, 42.124653], [-88.014606, 42.124258], [-88.013471, 42.123822], [-88.012896, 42.124259], [-88.010675, 42.124267], [-88.010349, 42.124723], [-88.004425, 42.124923], [-88.004374, 42.110158], [-88.024161, 42.11022]]]}}, {"type": "Feature", "properties": {"tract_fips": "17031809500"}, "geometry": {"type": "Polygon", "coordinates": [[[-87.693612, 42.048589], [-87.693548, 42.052176], [-87.688147, 42.052141], [-87.685108, 42.048482], [-87.683448, 42.046021], [-87.682587, 42.044111], [-87.681863, 42.041198], [-87.690263, 42.041277], [-87.690132, 42.048536], [-87.693612, 42.048589]]]}}, {"type": "Feature", "properties": {"tract_fips": "17031809600"}, "geometry": {"type": "Polygon", "coordinates": [[[-87.709717, 42.040944], [-87.709605, 42.048203], [-87.698642, 42.04836], [-87.693738, 42.048591], [-87.690132, 42.048536], [-87.690263, 42.041277], [-87.709717, 42.040944]]]}}, {"type": "Feature", "properties": {"tract_fips": "17031809700"}, "geometry": {"type": "Polygon", "coordinates": [[[-87.709902, 42.033752], [-87.709717, 42.040944], [-87.690263, 42.041277], [-87.690293, 42.039694], [-87.689859, 42.039472], [-87.689955, 42.034028], [-87.709902, 42.033752]]]}}, {"type": "Feature", "properties": {"tract_fips": "17031809800"}, "geometry": {"type": "Polygon", "coordinates": [[[-87.690273, 42.039616], [-87.690263, 42.041277], [-87.681863, 42.041198], [-87.680204, 42.03395], [-87.689955, 42.034028], [-87.689859, 42.039472], [-87.690273, 42.039616]]]}}, {"type": "Feature", "properties": {"tract_fips": "17031809900"}, "geometry": {"type": "Polygon", "coordinates": [[[-87.681812, 42.041198], [-87.669329, 42.041079], [-87.669109, 42.039548], [-87.669529, 42.039015], [-87.669566, 42.037549], [-87.669868, 42.037396], [-87.670045, 42.036929], [-87.669861, 42.036451], [-87.66908, 42.035507], [-87.669647, 42.035474], [-87.669397, 42.034359], [-87.669589, 42.03431], [-87.669294, 42.03381], [-87.680204, 42.03395], [-87.681812, 42.041198]]]}}, {"type": "Feature", "properties": {"tract_fips": "17031810000"}, "geometry": {"type": "Polygon", "coordinates": [[[-87.680177, 42.03395], [-87.669294, 42.03381], [-87.659799, 42.033961], [-87.658857, 42.023431], [-87.657457, 42.019831], [-87.655356, 42.013431], [-87.66125, 42.012881], [-87.662091, 42.014594], [-87.662467, 42.015763], [-87.662673, 42.015818], [-87.662812, 42.01662], [-87.663143, 42.016916], [-87.663077, 42.017608], [-87.66329, 42.018086], [-87.663231, 42.018453], [-87.663754, 42.018948], [-87.663842, 42.019343], [-87.66368, 42.019398], [-87.66371, 42.019557], [-87.663857, 42.019524], [-87.664077, 42.020161], [-87.66379, 42.02038], [-87.664055, 42.021347], [-87.664261, 42.021292], [-87.664754, 42.021918], [-87.664636, 42.02194], [-87.665104, 42.023019], [-87.665857, 42.023135], [-87.677604, 42.022957], [-87.680177, 42.03395]]]}}, {"type": "Feature", "properties": {"tract_fips": "17031825501"}, "geometry": {"type": "Polygon", "coordinates": [[[-87.748531, 41.571606], [-87.742805, 41.575968], [-87.740355, 41.577392], [-87.739198, 41.578654], [-87.737615, 41.580041], [-87.727766, 41.587558], [-87.726616, 41.58681], [-87.72571, 41.586538], [-87.722497, 41.586171], [-87.694474, 41.586248], [-87.694375, 41.571722], [-87.748531, 41.571606]]]}}, {"type": "Feature", "properties": {"tract_fips": "17031720100"}, "geometry": {"type": "Polygon", "coordinates": [[[-87.682514, 41.735525], [-87.67309, 41.73565], [-87.668216, 41.730177], [-87.667436, 41.728451], [-87.665717, 41.725613], [-87.663477, 41.721246], [-87.682067, 41.72094], [-87.682514, 41.735525]]]}}, {"type": "Feature", "properties": {"tract_fips": "17031824400"}, "geometry": {"type": "Polygon", "coordinates": [[[-87.738082, 41.647163], [-87.713753, 41.647584], [-87.713673, 41.645753], [-87.716249, 41.64566], [-87.716083, 41.645512], [-87.715963, 41.643608], [-87.715813, 41.638509], [-87.715646, 41.638396], [-87.713397, 41.638446], [-87.713116, 41.633486], [-87.714263, 41.632954], [-87.737545, 41.63253], [-87.738082, 41.647163]]]}}, {"type": "Feature", "properties": {"tract_fips": "17031720200"}, "geometry": {"type": "Polygon", "coordinates": [[[-87.673718, 41.709111], [-87.673616, 41.710152], [-87.672062, 41.710188], [-87.672353, 41.721124], [-87.663477, 41.721246], [-87.663029, 41.718387], [-87.659764, 41.714004], [-87.658396, 41.711349], [-87.658466, 41.71094], [-87.656641, 41.707883], [-87.656146, 41.706784], [-87.672081, 41.706538], [-87.672228, 41.706969], [-87.673506, 41.708031], [-87.673718, 41.709111]]]}}, {"type": "Feature", "properties": {"tract_fips": "17031720300"}, "geometry": {"type": "Polygon", "coordinates": [[[-87.682067, 41.72094], [-87.672353, 41.721124], [-87.672062, 41.710188], [-87.673616, 41.710152], [-87.673718, 41.709111], [-87.673506, 41.708031], [-87.672228, 41.706969], [-87.672081, 41.706538], [-87.68162, 41.706376], [-87.682067, 41.72094]]]}}, {"type": "Feature", "properties": {"tract_fips": "17031720400"}, "geometry": {"type": "Polygon", "coordinates": [[[-87.691732, 41.713566], [-87.681843, 41.713672], [-87.68162, 41.706376], [-87.691475, 41.706315], [-87.691732, 41.713566]]]}}, {"type": "Feature", "properties": {"tract_fips": "17031720500"}, "geometry": {"type": "Polygon", "coordinates": [[[-87.696451, 41.707151], [-87.691535, 41.707218], [-87.691475, 41.706315], [-87.68162, 41.706376], [-87.681388, 41.699079], [-87.696152, 41.69896], [-87.696451, 41.707151]]]}}, {"type": "Feature", "properties": {"tract_fips": "17031720600"}, "geometry": {"type": "Polygon", "coordinates": [[[-87.68162, 41.706376], [-87.673033, 41.706521], [-87.672797, 41.699187], [-87.681388, 41.699079], [-87.68162, 41.706376]]]}}, {"type": "Feature", "properties": {"tract_fips": "17031720700"}, "geometry": {"type": "Polygon", "coordinates": [[[-87.673033, 41.706521], [-87.662231, 41.7067], [-87.656019, 41.706786], [-87.658742, 41.699444], [-87.672797, 41.699187], [-87.673033, 41.706521]]]}}, {"type": "Feature", "properties": {"tract_fips": "17031040600"}, "geometry": {"type": "Polygon", "coordinates": [[[-87.688907, 41.968615], [-87.679186, 41.968756], [-87.679083, 41.965096], [-87.688791, 41.964868], [-87.688907, 41.968615]]]}}, {"type": "Feature", "properties": {"tract_fips": "17031040700"}, "geometry": {"type": "Polygon", "coordinates": [[[-87.701033, 41.968515], [-87.688907, 41.968615], [-87.688791, 41.964868], [-87.697202, 41.964788], [-87.701033, 41.968515]]]}}, {"type": "Feature", "properties": {"tract_fips": "17031040800"}, "geometry": {"type": "Polygon", "coordinates": [[[-87.697202, 41.964788], [-87.688791, 41.964868], [-87.688683, 41.961313], [-87.694794, 41.961273], [-87.695585, 41.963074], [-87.697202, 41.964788]]]}}, {"type": "Feature", "properties": {"tract_fips": "17031816900"}, "geometry": {"type": "Polygon", "coordinates": [[[-87.898563, 41.889147], [-87.898466, 41.892509], [-87.895511, 41.892651], [-87.89304, 41.89248], [-87.883518, 41.892407], [-87.883277, 41.882523], [-87.891759, 41.880378], [-87.897891, 41.880869], [-87.897994, 41.88488], [-87.897393, 41.884893], [-87.896787, 41.885364], [-87.896177, 41.885376], [-87.896204, 41.886363], [-87.895591, 41.886386], [-87.89574, 41.88909], [-87.898563, 41.889147]]]}}, {"type": "Feature", "properties": {"tract_fips": "17031817000"}, "geometry": {"type": "Polygon", "coordinates": [[[-87.883518, 41.892407], [-87.878485, 41.892744], [-87.864013, 41.892923], [-87.863949, 41.891155], [-87.859764, 41.890703], [-87.859561, 41.88575], [-87.863734, 41.885658], [-87.863607, 41.882012], [-87.883246, 41.88158], [-87.883518, 41.892407]]]}}, {"type": "Feature", "properties": {"tract_fips": "17031817101"}, "geometry": {"type": "Polygon", "coordinates": [[[-87.883246, 41.88158], [-87.873407, 41.881815], [-87.873001, 41.871228], [-87.872388, 41.871247], [-87.872405, 41.870929], [-87.877876, 41.8707], [-87.882825, 41.870886], [-87.883246, 41.88158]]]}}, {"type": "Feature", "properties": {"tract_fips": "17031817102"}, "geometry": {"type": "Polygon", "coordinates": [[[-87.873407, 41.881815], [-87.863607, 41.882012], [-87.863734, 41.885658], [-87.859561, 41.88575], [-87.859224, 41.875988], [-87.859076, 41.875988], [-87.85889, 41.871281], [-87.872405, 41.870929], [-87.872388, 41.871247], [-87.873001, 41.871228], [-87.873407, 41.881815]]]}}, {"type": "Feature", "properties": {"tract_fips": "17031825801"}, "geometry": {"type": "Polygon", "coordinates": [[[-87.58326, 41.62631], [-87.58086, 41.626346], [-87.579097, 41.626607], [-87.57858, 41.630428], [-87.578564, 41.633882], [-87.578387, 41.634308], [-87.578483, 41.644729], [-87.564072, 41.644635], [-87.563747, 41.637931], [-87.563758, 41.636179], [-87.564029, 41.635184], [-87.564019, 41.630033], [-87.565224, 41.630175], [-87.565223, 41.630032], [-87.565502, 41.630019], [-87.571235, 41.629962], [-87.57116, 41.62275], [-87.582075, 41.622682], [-87.583229, 41.623321], [-87.58326, 41.62631]]]}}, {"type": "Feature", "properties": {"tract_fips": "17031825802"}, "geometry": {"type": "Polygon", "coordinates": [[[-87.571235, 41.629962], [-87.565502, 41.630019], [-87.565223, 41.630032], [-87.565224, 41.630175], [-87.563826, 41.630029], [-87.548443, 41.629956], [-87.549036, 41.627289], [-87.549047, 41.622712], [-87.57116, 41.62275], [-87.571235, 41.629962]]]}}, {"type": "Feature", "properties": {"tract_fips": "17031825803"}, "geometry": {"type": "Polygon", "coordinates": [[[-87.579064, 41.621008], [-87.579077, 41.62272], [-87.576901, 41.622742], [-87.549047, 41.622712], [-87.548903, 41.617563], [-87.54912, 41.615452], [-87.573434, 41.61549], [-87.573568, 41.620928], [-87.578784, 41.620856], [-87.579064, 41.621008]]]}}, {"type": "Feature", "properties": {"tract_fips": "17031825900"}, "geometry": {"type": "Polygon", "coordinates": [[[-87.54912, 41.615452], [-87.548895, 41.618378], [-87.549046, 41.627142], [-87.548443, 41.629956], [-87.546429, 41.629547], [-87.534799, 41.625108], [-87.53473, 41.615496], [-87.54912, 41.615452]]]}}, {"type": "Feature", "properties": {"tract_fips": "17031826000"}, "geometry": {"type": "Polygon", "coordinates": [[[-87.548068, 41.629925], [-87.544465, 41.630241], [-87.544374, 41.633526], [-87.542443, 41.633635], [-87.539243, 41.63149], [-87.533736, 41.630756], [-87.532543, 41.630135], [-87.525054, 41.630208], [-87.525137, 41.613834], [-87.534719, 41.613806], [-87.534799, 41.625108], [-87.546429, 41.629547], [-87.548068, 41.629925]]]}}, {"type": "Feature", "properties": {"tract_fips": "17031380100"}, "geometry": {"type": "Polygon", "coordinates": [[[-87.614095, 41.816748], [-87.612624, 41.823891], [-87.606895, 41.824002], [-87.606515, 41.82337], [-87.606859, 41.823129], [-87.606708, 41.816814], [-87.614095, 41.816748]]]}}, {"type": "Feature", "properties": {"tract_fips": "17031380200"}, "geometry": {"type": "Polygon", "coordinates": [[[-87.616732, 41.823838], [-87.612624, 41.823891], [-87.61409, 41.816683], [-87.616529, 41.816638], [-87.616732, 41.823838]]]}}, {"type": "Feature", "properties": {"tract_fips": "17031431200"}, "geometry": {"type": "Polygon", "coordinates": [[[-87.576142, 41.758876], [-87.566373, 41.758988], [-87.566233, 41.751728], [-87.575982, 41.751606], [-87.576142, 41.758876]]]}}, {"type": "Feature", "properties": {"tract_fips": "17031431400"}, "geometry": {"type": "Polygon", "coordinates": [[[-87.563295, 41.7627], [-87.55944, 41.764725], [-87.547891, 41.765038], [-87.543721, 41.761657], [-87.523688, 41.762121], [-87.523661, 41.759907], [-87.524445, 41.760035], [-87.540739, 41.757435], [-87.540485, 41.757177], [-87.544515, 41.754606], [-87.545395, 41.754635], [-87.545956, 41.753985], [-87.547109, 41.754274], [-87.547703, 41.754753], [-87.552288, 41.751919], [-87.56012, 41.759179], [-87.563295, 41.7627]]]}}, {"type": "Feature", "properties": {"tract_fips": "17031803902"}, "geometry": {"type": "Polygon", "coordinates": [[[-88.028998, 42.08168], [-88.02783, 42.083657], [-88.026782, 42.084579], [-88.026722, 42.088454], [-88.004732, 42.088314], [-88.004892, 42.075069], [-88.010088, 42.076712], [-88.021063, 42.078543], [-88.023796, 42.079497], [-88.028998, 42.08168]]]}}, {"type": "Feature", "properties": {"tract_fips": "17031804000"}, "geometry": {"type": "Polygon", "coordinates": [[[-88.032688, 42.083274], [-88.024071, 42.07961], [-88.021542, 42.07868], [-88.019283, 42.078156], [-88.010088, 42.076712], [-88.004892, 42.075069], [-88.004777, 42.074449], [-88.00497, 42.066636], [-88.028519, 42.066728], [-88.028315, 42.068986], [-88.028332, 42.072409], [-88.028713, 42.07595], [-88.030312, 42.080062], [-88.032582, 42.082422], [-88.032688, 42.083274]]]}}, {"type": "Feature", "properties": {"tract_fips": "17031804104"}, "geometry": {"type": "Polygon", "coordinates": [[[-88.121869, 42.096002], [-88.12156, 42.101156], [-88.12181, 42.102968], [-88.121554, 42.107018], [-88.121552, 42.110599], [-88.094246, 42.110555], [-88.093558, 42.107426], [-88.092488, 42.105712], [-88.092443, 42.103321], [-88.096059, 42.103302], [-88.100396, 42.10049], [-88.102889, 42.10078], [-88.103818, 42.100744], [-88.1133, 42.097995], [-88.113797, 42.097707], [-88.114912, 42.09643], [-88.115371, 42.096235], [-88.121265, 42.096205], [-88.121869, 42.096002]]]}}, {"type": "Feature", "properties": {"tract_fips": "17031810100"}, "geometry": {"type": "Polygon", "coordinates": [[[-87.690082, 42.026739], [-87.689955, 42.034028], [-87.680204, 42.03395], [-87.67842, 42.02656], [-87.690082, 42.026739]]]}}, {"type": "Feature", "properties": {"tract_fips": "17031810200"}, "geometry": {"type": "Polygon", "coordinates": [[[-87.690173, 42.019603], [-87.690082, 42.026739], [-87.67882, 42.026638], [-87.67842, 42.02656], [-87.677604, 42.022957], [-87.677199, 42.022942], [-87.677104, 42.022552], [-87.67331, 42.019387], [-87.690173, 42.019603]]]}}, {"type": "Feature", "properties": {"tract_fips": "17031810301"}, "geometry": {"type": "Polygon", "coordinates": [[[-87.709027, 42.019134], [-87.708661, 42.033676], [-87.699302, 42.033873], [-87.699497, 42.024803], [-87.690106, 42.024957], [-87.690174, 42.019528], [-87.709027, 42.019134]]]}}, {"type": "Feature", "properties": {"tract_fips": "17031050100"}, "geometry": {"type": "Polygon", "coordinates": [[[-87.678959, 41.961458], [-87.673977, 41.961525], [-87.673794, 41.954225], [-87.678754, 41.954162], [-87.678959, 41.961458]]]}}, {"type": "Feature", "properties": {"tract_fips": "17031610800"}, "geometry": {"type": "Polygon", "coordinates": [[[-87.64125, 41.816258], [-87.635996, 41.81635], [-87.635839, 41.809046], [-87.640679, 41.808952], [-87.640818, 41.814438], [-87.641191, 41.814431], [-87.64125, 41.816258]]]}}, {"type": "Feature", "properties": {"tract_fips": "17031611300"}, "geometry": {"type": "Polygon", "coordinates": [[[-87.669828, 41.808557], [-87.664973, 41.808604], [-87.664776, 41.801318], [-87.669645, 41.801276], [-87.669828, 41.808557]]]}}, {"type": "Feature", "properties": {"tract_fips": "17031611400"}, "geometry": {"type": "Polygon", "coordinates": [[[-87.674687, 41.80851], [-87.669828, 41.808557], [-87.669645, 41.801276], [-87.674507, 41.801233], [-87.674687, 41.80851]]]}}, {"type": "Feature", "properties": {"tract_fips": "17031611500"}, "geometry": {"type": "Polygon", "coordinates": [[[-87.684425, 41.808426], [-87.674687, 41.80851], [-87.674507, 41.801233], [-87.679641, 41.801168], [-87.679726, 41.804631], [-87.68437, 41.804632], [-87.684425, 41.808426]]]}}, {"type": "Feature", "properties": {"tract_fips": "17031611900"}, "geometry": {"type": "Polygon", "coordinates": [[[-87.664776, 41.801318], [-87.655059, 41.801452], [-87.654874, 41.794172], [-87.664582, 41.794024], [-87.664776, 41.801318]]]}}, {"type": "Feature", "properties": {"tract_fips": "17031681200"}, "geometry": {"type": "Polygon", "coordinates": [[[-87.644597, 41.772472], [-87.631045, 41.772694], [-87.631362, 41.769057], [-87.633546, 41.769015], [-87.633537, 41.767194], [-87.634712, 41.767171], [-87.634666, 41.765356], [-87.644413, 41.765203], [-87.644597, 41.772472]]]}}, {"type": "Feature", "properties": {"tract_fips": "17031810302"}, "geometry": {"type": "Polygon", "coordinates": [[[-87.699497, 42.024803], [-87.699302, 42.033873], [-87.689955, 42.034028], [-87.690106, 42.024957], [-87.699497, 42.024803]]]}}, {"type": "Feature", "properties": {"tract_fips": "17031810400"}, "geometry": {"type": "Polygon", "coordinates": [[[-87.836579, 41.979761], [-87.836476, 41.996457], [-87.821414, 41.996851], [-87.822152, 41.993211], [-87.824429, 41.976042], [-87.833741, 41.976215], [-87.833478, 41.977035], [-87.829535, 41.977051], [-87.829654, 41.977336], [-87.829962, 41.97733], [-87.82997, 41.978525], [-87.828567, 41.978556], [-87.828562, 41.97913], [-87.828082, 41.979127], [-87.82808, 41.979434], [-87.828562, 41.97943], [-87.828527, 41.98026], [-87.828758, 41.980256], [-87.828764, 41.980449], [-87.83315, 41.980399], [-87.833241, 41.979799], [-87.836579, 41.979761]]]}}, {"type": "Feature", "properties": {"tract_fips": "17031810701"}, "geometry": {"type": "Polygon", "coordinates": [[[-87.81639, 41.934313], [-87.806624, 41.934511], [-87.806387, 41.927752], [-87.811268, 41.927676], [-87.811251, 41.927163], [-87.816137, 41.927055], [-87.81639, 41.934313]]]}}, {"type": "Feature", "properties": {"tract_fips": "17031810702"}, "geometry": {"type": "Polygon", "coordinates": [[[-87.82597, 41.928197], [-87.818412, 41.925946], [-87.816285, 41.925578], [-87.816315, 41.925833], [-87.816105, 41.926058], [-87.816137, 41.927055], [-87.811251, 41.927163], [-87.811268, 41.927676], [-87.806387, 41.927752], [-87.806226, 41.923093], [-87.808421, 41.923468], [-87.825821, 41.923163], [-87.82597, 41.928197]]]}}, {"type": "Feature", "properties": {"tract_fips": "17031810600"}, "geometry": {"type": "Polygon", "coordinates": [[[-87.807184, 41.964732], [-87.807156, 41.96827], [-87.802542, 41.968297], [-87.802525, 41.968751], [-87.78801, 41.968867], [-87.788013, 41.968411], [-87.786759, 41.968384], [-87.786796, 41.963483], [-87.78696, 41.963031], [-87.786805, 41.960217], [-87.794204, 41.960072], [-87.801301, 41.956723], [-87.801355, 41.959247], [-87.802568, 41.959243], [-87.802547, 41.964673], [-87.80441, 41.96469], [-87.80434, 41.96415], [-87.805216, 41.964125], [-87.805191, 41.964671], [-87.807184, 41.964732]]]}}, {"type": "Feature", "properties": {"tract_fips": "17031817400"}, "geometry": {"type": "Polygon", "coordinates": [[[-87.844593, 41.89839], [-87.839643, 41.898331], [-87.834204, 41.898624], [-87.834728, 41.896765], [-87.834715, 41.895732], [-87.834478, 41.894899], [-87.83317, 41.893329], [-87.831483, 41.892589], [-87.830161, 41.891555], [-87.829655, 41.890054], [-87.832394, 41.88856], [-87.833102, 41.887701], [-87.844236, 41.888954], [-87.844593, 41.89839]]]}}, {"type": "Feature", "properties": {"tract_fips": "17031381200"}, "geometry": {"type": "Polygon", "coordinates": [[[-87.616639, 41.811197], [-87.611499, 41.81128], [-87.611371, 41.805822], [-87.616496, 41.805742], [-87.616639, 41.811197]]]}}, {"type": "Feature", "properties": {"tract_fips": "17031381400"}, "geometry": {"type": "Polygon", "coordinates": [[[-87.626085, 41.809236], [-87.619593, 41.809336], [-87.619642, 41.811151], [-87.618204, 41.811173], [-87.618107, 41.807538], [-87.61654, 41.807563], [-87.616496, 41.805742], [-87.625984, 41.805633], [-87.626085, 41.809236]]]}}, {"type": "Feature", "properties": {"tract_fips": "17031283100"}, "geometry": {"type": "Polygon", "coordinates": [[[-87.666616, 41.871626], [-87.661714, 41.871752], [-87.661571, 41.866916], [-87.666414, 41.866855], [-87.666616, 41.871626]]]}}, {"type": "Feature", "properties": {"tract_fips": "17031283800"}, "geometry": {"type": "Polygon", "coordinates": [[[-87.656681, 41.866997], [-87.651046, 41.867087], [-87.650822, 41.859853], [-87.656479, 41.859765], [-87.656681, 41.866997]]]}}, {"type": "Feature", "properties": {"tract_fips": "17031828504"}, "geometry": {"type": "Polygon", "coordinates": [[[-87.577559, 41.487088], [-87.570705, 41.488171], [-87.567592, 41.488359], [-87.555972, 41.491905], [-87.553054, 41.491723], [-87.546996, 41.492534], [-87.545949, 41.492998], [-87.544496, 41.494588], [-87.543899, 41.494985], [-87.540045, 41.495932], [-87.536341, 41.495785], [-87.52554, 41.49463], [-87.525538, 41.475247], [-87.525705, 41.470283], [-87.577339, 41.469992], [-87.577559, 41.487088]]]}}, {"type": "Feature", "properties": {"tract_fips": "17031691200"}, "geometry": {"type": "Polygon", "coordinates": [[[-87.6399, 41.756146], [-87.639405, 41.756156], [-87.639236, 41.757997], [-87.624759, 41.758237], [-87.624546, 41.75096], [-87.639759, 41.750705], [-87.6399, 41.756146]]]}}, {"type": "Feature", "properties": {"tract_fips": "17031691100"}, "geometry": {"type": "Polygon", "coordinates": [[[-87.635747, 41.75988], [-87.63453, 41.7599], [-87.63461, 41.762996], [-87.634432, 41.763421], [-87.634843, 41.763603], [-87.634643, 41.76428], [-87.634666, 41.765356], [-87.624907, 41.765514], [-87.624759, 41.758237], [-87.635702, 41.758058], [-87.635747, 41.75988]]]}}, {"type": "Feature", "properties": {"tract_fips": "17031730100"}, "geometry": {"type": "Polygon", "coordinates": [[[-87.64341, 41.728769], [-87.633638, 41.728882], [-87.633446, 41.721637], [-87.643211, 41.721503], [-87.64341, 41.728769]]]}}, {"type": "Feature", "properties": {"tract_fips": "17031730300"}, "geometry": {"type": "Polygon", "coordinates": [[[-87.668191, 41.730183], [-87.665331, 41.730237], [-87.665387, 41.732086], [-87.662961, 41.732189], [-87.662684, 41.721265], [-87.663477, 41.721246], [-87.665717, 41.725613], [-87.667436, 41.728451], [-87.668191, 41.730183]]]}}, {"type": "Feature", "properties": {"tract_fips": "17031730400"}, "geometry": {"type": "Polygon", "coordinates": [[[-87.663477, 41.721246], [-87.643211, 41.721503], [-87.64304, 41.715113], [-87.643196, 41.714805], [-87.643003, 41.714214], [-87.648068, 41.714141], [-87.651782, 41.713861], [-87.652124, 41.71408], [-87.652518, 41.714095], [-87.659764, 41.714004], [-87.663029, 41.718387], [-87.663477, 41.721246]]]}}, {"type": "Feature", "properties": {"tract_fips": "17031817700"}, "geometry": {"type": "Polygon", "coordinates": [[[-87.863164, 41.871182], [-87.85889, 41.871281], [-87.859076, 41.875988], [-87.859224, 41.875988], [-87.859282, 41.87759], [-87.848373, 41.87672], [-87.846162, 41.876168], [-87.8462, 41.877174], [-87.843739, 41.876966], [-87.843203, 41.864311], [-87.848116, 41.864183], [-87.848422, 41.871468], [-87.853333, 41.871338], [-87.853185, 41.867864], [-87.861783, 41.86764], [-87.863014, 41.867624], [-87.863164, 41.871182]]]}}, {"type": "Feature", "properties": {"tract_fips": "17031818100"}, "geometry": {"type": "Polygon", "coordinates": [[[-87.88208, 41.855823], [-87.881494, 41.855956], [-87.867427, 41.856352], [-87.867061, 41.849047], [-87.865566, 41.849086], [-87.865464, 41.845534], [-87.866839, 41.845352], [-87.867893, 41.845411], [-87.869705, 41.845738], [-87.870194, 41.846351], [-87.871157, 41.846335], [-87.872172, 41.846571], [-87.872986, 41.846033], [-87.875071, 41.845617], [-87.875791, 41.845889], [-87.876639, 41.847193], [-87.878038, 41.848061], [-87.879413, 41.848165], [-87.880626, 41.847564], [-87.881228, 41.848658], [-87.881728, 41.848639], [-87.88164, 41.849452], [-87.88208, 41.855823]]]}}, {"type": "Feature", "properties": {"tract_fips": "17031826100"}, "geometry": {"type": "Polygon", "coordinates": [[[-87.549406, 41.606344], [-87.549243, 41.608135], [-87.549345, 41.613353], [-87.54912, 41.615452], [-87.53473, 41.615496], [-87.534719, 41.613806], [-87.525137, 41.613834], [-87.525222, 41.594335], [-87.532223, 41.597198], [-87.543092, 41.600556], [-87.545703, 41.600983], [-87.549394, 41.601018], [-87.549406, 41.606344]]]}}, {"type": "Feature", "properties": {"tract_fips": "17031826301"}, "geometry": {"type": "Polygon", "coordinates": [[[-87.617118, 41.622657], [-87.59781, 41.62256], [-87.597672, 41.607237], [-87.600067, 41.607044], [-87.602758, 41.607524], [-87.604535, 41.607163], [-87.608722, 41.607227], [-87.610734, 41.607105], [-87.612521, 41.607436], [-87.613571, 41.607969], [-87.61417, 41.608795], [-87.614229, 41.609603], [-87.613926, 41.61047], [-87.612961, 41.611663], [-87.612779, 41.612349], [-87.612778, 41.613235], [-87.613508, 41.614465], [-87.614508, 41.615441], [-87.61568, 41.616224], [-87.617074, 41.616719], [-87.617118, 41.622657]]]}}, {"type": "Feature", "properties": {"tract_fips": "17031826303"}, "geometry": {"type": "Polygon", "coordinates": [[[-87.59781, 41.62256], [-87.594223, 41.62258], [-87.58136, 41.610321], [-87.58051, 41.609467], [-87.582017, 41.606838], [-87.583938, 41.607966], [-87.584816, 41.608137], [-87.588264, 41.608162], [-87.592103, 41.607058], [-87.593214, 41.606892], [-87.594176, 41.606861], [-87.596713, 41.607281], [-87.597672, 41.607237], [-87.59781, 41.62256]]]}}, {"type": "Feature", "properties": {"tract_fips": "17031826304"}, "geometry": {"type": "Polygon", "coordinates": [[[-87.594223, 41.62258], [-87.579077, 41.62272], [-87.579064, 41.621008], [-87.578784, 41.620856], [-87.573568, 41.620928], [-87.573434, 41.61549], [-87.579021, 41.615474], [-87.579053, 41.61383], [-87.579354, 41.612128], [-87.58051, 41.609467], [-87.594223, 41.62258]]]}}, {"type": "Feature", "properties": {"tract_fips": "17031730500"}, "geometry": {"type": "Polygon", "coordinates": [[[-87.643211, 41.721503], [-87.633446, 41.721637], [-87.633035, 41.707044], [-87.642834, 41.706917], [-87.643003, 41.714214], [-87.643196, 41.714805], [-87.64304, 41.715113], [-87.643211, 41.721503]]]}}, {"type": "Feature", "properties": {"tract_fips": "17031730600"}, "geometry": {"type": "Polygon", "coordinates": [[[-87.659739, 41.714004], [-87.652518, 41.714095], [-87.652124, 41.71408], [-87.651782, 41.713861], [-87.648068, 41.714141], [-87.643003, 41.714214], [-87.642834, 41.706917], [-87.656146, 41.706784], [-87.656641, 41.707883], [-87.658466, 41.71094], [-87.658396, 41.711349], [-87.659739, 41.714004]]]}}, {"type": "Feature", "properties": {"tract_fips": "17031802801"}, "geometry": {"type": "Polygon", "coordinates": [[[-87.975621, 42.080986], [-87.975625, 42.088252], [-87.956263, 42.088129], [-87.955049, 42.087862], [-87.95469, 42.088115], [-87.945266, 42.088057], [-87.940382, 42.083981], [-87.936065, 42.080751], [-87.946493, 42.080805], [-87.946567, 42.073564], [-87.956293, 42.073624], [-87.956235, 42.08087], [-87.975621, 42.080986]]]}}, {"type": "Feature", "properties": {"tract_fips": "17031381700"}, "geometry": {"type": "Polygon", "coordinates": [[[-87.628831, 41.801892], [-87.628916, 41.809185], [-87.626085, 41.809236], [-87.62589, 41.801946], [-87.628831, 41.801892]]]}}, {"type": "Feature", "properties": {"tract_fips": "17031440300"}, "geometry": {"type": "Polygon", "coordinates": [[[-87.624546, 41.75096], [-87.614958, 41.751114], [-87.614528, 41.736503], [-87.624165, 41.736299], [-87.624546, 41.75096]]]}}, {"type": "Feature", "properties": {"tract_fips": "17031804706"}, "geometry": {"type": "Polygon", "coordinates": [[[-88.115722, 42.049311], [-88.114558, 42.05195], [-88.113611, 42.055032], [-88.113567, 42.056292], [-88.113341, 42.056696], [-88.112708, 42.056957], [-88.111418, 42.057025], [-88.110957, 42.056885], [-88.11053, 42.057346], [-88.109658, 42.057872], [-88.106883, 42.058268], [-88.105639, 42.059013], [-88.106909, 42.060028], [-88.107308, 42.060543], [-88.107547, 42.062879], [-88.099227, 42.063141], [-88.099434, 42.048568], [-88.115594, 42.047702], [-88.115722, 42.049311]]]}}, {"type": "Feature", "properties": {"tract_fips": "17031804710"}, "geometry": {"type": "Polygon", "coordinates": [[[-88.119158, 42.025838], [-88.119133, 42.03353], [-88.1161, 42.033527], [-88.115929, 42.034038], [-88.115887, 42.035359], [-88.115353, 42.035737], [-88.112876, 42.035206], [-88.112122, 42.034762], [-88.111617, 42.035207], [-88.111409, 42.036151], [-88.109367, 42.036254], [-88.109364, 42.036636], [-88.1083, 42.036637], [-88.106957, 42.036885], [-88.101173, 42.037075], [-88.100076, 42.036357], [-88.100023, 42.035075], [-88.096113, 42.035186], [-88.094745, 42.034543], [-88.093951, 42.034536], [-88.093966, 42.03185], [-88.092275, 42.031913], [-88.091484, 42.031691], [-88.092333, 42.03095], [-88.092706, 42.030275], [-88.092777, 42.026796], [-88.119158, 42.025838]]]}}, {"type": "Feature", "properties": {"tract_fips": "17031810800"}, "geometry": {"type": "Polygon", "coordinates": [[[-87.826254, 41.93775], [-87.816519, 41.937939], [-87.81611, 41.926387], [-87.816285, 41.925578], [-87.818412, 41.925946], [-87.82597, 41.928197], [-87.826254, 41.93775]]]}}, {"type": "Feature", "properties": {"tract_fips": "17031810900"}, "geometry": {"type": "Polygon", "coordinates": [[[-87.816011, 41.923339], [-87.808421, 41.923468], [-87.806226, 41.923093], [-87.805748, 41.908904], [-87.813095, 41.908755], [-87.813455, 41.919722], [-87.815893, 41.91968], [-87.816011, 41.923339]]]}}, {"type": "Feature", "properties": {"tract_fips": "17031811000"}, "geometry": {"type": "Polygon", "coordinates": [[[-87.825821, 41.923163], [-87.816011, 41.923339], [-87.815893, 41.91968], [-87.813455, 41.919722], [-87.813095, 41.908755], [-87.825454, 41.908545], [-87.825515, 41.915421], [-87.825643, 41.915806], [-87.825821, 41.923163]]]}}, {"type": "Feature", "properties": {"tract_fips": "17031612000"}, "geometry": {"type": "Polygon", "coordinates": [[[-87.655059, 41.801452], [-87.650204, 41.801517], [-87.650016, 41.79424], [-87.654874, 41.794172], [-87.655059, 41.801452]]]}}, {"type": "Feature", "properties": {"tract_fips": "17031612100"}, "geometry": {"type": "Polygon", "coordinates": [[[-87.650204, 41.801517], [-87.645345, 41.801584], [-87.64516, 41.794302], [-87.650016, 41.79424], [-87.650204, 41.801517]]]}}, {"type": "Feature", "properties": {"tract_fips": "17031620100"}, "geometry": {"type": "Polygon", "coordinates": [[[-87.723373, 41.800546], [-87.716082, 41.803482], [-87.714534, 41.804529], [-87.713762, 41.805851], [-87.713399, 41.793362], [-87.723159, 41.793204], [-87.723373, 41.800546]]]}}, {"type": "Feature", "properties": {"tract_fips": "17031620200"}, "geometry": {"type": "Polygon", "coordinates": [[[-87.737979, 41.793146], [-87.737857, 41.795292], [-87.736161, 41.795344], [-87.735493, 41.795599], [-87.735512, 41.796755], [-87.733677, 41.796774], [-87.733062, 41.796612], [-87.731841, 41.796874], [-87.728168, 41.796831], [-87.728208, 41.79831], [-87.723369, 41.800362], [-87.723159, 41.793204], [-87.737979, 41.793146]]]}}, {"type": "Feature", "properties": {"tract_fips": "17031620300"}, "geometry": {"type": "Polygon", "coordinates": [[[-87.737984, 41.793071], [-87.723159, 41.793204], [-87.722961, 41.785937], [-87.737756, 41.785782], [-87.737984, 41.793071]]]}}, {"type": "Feature", "properties": {"tract_fips": "17031620400"}, "geometry": {"type": "Polygon", "coordinates": [[[-87.723159, 41.793204], [-87.713399, 41.793362], [-87.71312, 41.786092], [-87.722961, 41.785937], [-87.723159, 41.793204]]]}}, {"type": "Feature", "properties": {"tract_fips": "17031810501"}, "geometry": {"type": "Polygon", "coordinates": [[[-87.836699, 41.95936], [-87.836685, 41.966597], [-87.816378, 41.96705], [-87.816426, 41.959798], [-87.818256, 41.959752], [-87.818303, 41.952501], [-87.831793, 41.952164], [-87.831821, 41.955701], [-87.832678, 41.959438], [-87.836699, 41.95936]]]}}, {"type": "Feature", "properties": {"tract_fips": "17031810502"}, "geometry": {"type": "Polygon", "coordinates": [[[-87.818303, 41.952501], [-87.818256, 41.959752], [-87.816426, 41.959798], [-87.816378, 41.96705], [-87.807173, 41.967281], [-87.807185, 41.964641], [-87.805191, 41.964671], [-87.805216, 41.964125], [-87.80434, 41.96415], [-87.80441, 41.96469], [-87.802547, 41.964673], [-87.802568, 41.959243], [-87.801355, 41.959247], [-87.801301, 41.956723], [-87.807291, 41.953866], [-87.807269, 41.952765], [-87.818303, 41.952501]]]}}, {"type": "Feature", "properties": {"tract_fips": "17031812200"}, "geometry": {"type": "Polygon", "coordinates": [[[-87.805748, 41.908904], [-87.783355, 41.909169], [-87.783275, 41.905942], [-87.783574, 41.905588], [-87.784203, 41.90371], [-87.784193, 41.90188], [-87.80551, 41.901533], [-87.805748, 41.908904]]]}}, {"type": "Feature", "properties": {"tract_fips": "17031818200"}, "geometry": {"type": "Polygon", "coordinates": [[[-87.882825, 41.870886], [-87.877876, 41.8707], [-87.868111, 41.871044], [-87.867427, 41.856352], [-87.881494, 41.855956], [-87.88208, 41.855823], [-87.882825, 41.870886]]]}}, {"type": "Feature", "properties": {"tract_fips": "17031818402"}, "geometry": {"type": "Polygon", "coordinates": [[[-87.90171, 41.855435], [-87.89464, 41.855614], [-87.893424, 41.855495], [-87.892422, 41.85517], [-87.883136, 41.855405], [-87.88208, 41.855823], [-87.88164, 41.849452], [-87.881728, 41.848639], [-87.901396, 41.848149], [-87.90171, 41.855435]]]}}, {"type": "Feature", "properties": {"tract_fips": "17031818800"}, "geometry": {"type": "Polygon", "coordinates": [[[-87.861581, 41.834601], [-87.849357, 41.834921], [-87.849073, 41.827618], [-87.846632, 41.82768], [-87.846414, 41.822202], [-87.843981, 41.822251], [-87.843954, 41.821737], [-87.846616, 41.82116], [-87.84658, 41.820373], [-87.851267, 41.820363], [-87.860976, 41.82003], [-87.861581, 41.834601]]]}}, {"type": "Feature", "properties": {"tract_fips": "17031818900"}, "geometry": {"type": "Polygon", "coordinates": [[[-87.874229, 41.834263], [-87.861581, 41.834601], [-87.860976, 41.82003], [-87.870132, 41.81983], [-87.870482, 41.822434], [-87.871879, 41.824539], [-87.872587, 41.826858], [-87.874229, 41.834263]]]}}, {"type": "Feature", "properties": {"tract_fips": "17031826402"}, "geometry": {"type": "Polygon", "coordinates": [[[-87.602641, 41.622575], [-87.6027, 41.63068], [-87.599353, 41.62748], [-87.595506, 41.629774], [-87.594544, 41.629952], [-87.597873, 41.632413], [-87.597856, 41.633432], [-87.597442, 41.63338], [-87.596752, 41.632861], [-87.596609, 41.633432], [-87.582097, 41.633555], [-87.582095, 41.635153], [-87.581216, 41.634813], [-87.578386, 41.634363], [-87.578564, 41.633882], [-87.57858, 41.630428], [-87.579097, 41.626607], [-87.58086, 41.626346], [-87.58326, 41.62631], [-87.583229, 41.623321], [-87.582075, 41.622682], [-87.602641, 41.622575]]]}}, {"type": "Feature", "properties": {"tract_fips": "17031826600"}, "geometry": {"type": "Polygon", "coordinates": [[[-87.632313, 41.629838], [-87.624381, 41.644565], [-87.617227, 41.644582], [-87.617206, 41.629901], [-87.632313, 41.629838]]]}}, {"type": "Feature", "properties": {"tract_fips": "17031826700"}, "geometry": {"type": "Polygon", "coordinates": [[[-87.641451, 41.629846], [-87.641496, 41.637061], [-87.631765, 41.637097], [-87.631773, 41.644547], [-87.624381, 41.644565], [-87.632313, 41.629838], [-87.641451, 41.629846]]]}}, {"type": "Feature", "properties": {"tract_fips": "17031826901"}, "geometry": {"type": "Polygon", "coordinates": [[[-87.675401, 41.617179], [-87.675279, 41.622669], [-87.665696, 41.622648], [-87.665719, 41.626284], [-87.656023, 41.626259], [-87.655957, 41.617169], [-87.675401, 41.617179]]]}}, {"type": "Feature", "properties": {"tract_fips": "17031826902"}, "geometry": {"type": "Polygon", "coordinates": [[[-87.675401, 41.617179], [-87.655957, 41.617169], [-87.65595, 41.611726], [-87.665642, 41.611747], [-87.665652, 41.615352], [-87.672574, 41.615354], [-87.672044, 41.613537], [-87.675332, 41.613538], [-87.675401, 41.617179]]]}}, {"type": "Feature", "properties": {"tract_fips": "17031730700"}, "geometry": {"type": "Polygon", "coordinates": [[[-87.658742, 41.699444], [-87.656019, 41.706786], [-87.642834, 41.706917], [-87.642608, 41.699641], [-87.658742, 41.699444]]]}}, {"type": "Feature", "properties": {"tract_fips": "17031740100"}, "geometry": {"type": "Polygon", "coordinates": [[[-87.701371, 41.707085], [-87.696451, 41.707151], [-87.695717, 41.688032], [-87.699473, 41.687933], [-87.699398, 41.686149], [-87.700624, 41.686134], [-87.701371, 41.707085]]]}}, {"type": "Feature", "properties": {"tract_fips": "17031740200"}, "geometry": {"type": "Polygon", "coordinates": [[[-87.721125, 41.71317], [-87.712578, 41.713296], [-87.712562, 41.71151], [-87.711299, 41.711491], [-87.711123, 41.706079], [-87.701325, 41.706186], [-87.701083, 41.698871], [-87.720639, 41.698566], [-87.721125, 41.71317]]]}}, {"type": "Feature", "properties": {"tract_fips": "17031740300"}, "geometry": {"type": "Polygon", "coordinates": [[[-87.720639, 41.698566], [-87.701083, 41.698871], [-87.700828, 41.691568], [-87.720317, 41.691271], [-87.720639, 41.698566]]]}}, {"type": "Feature", "properties": {"tract_fips": "17031740400"}, "geometry": {"type": "Polygon", "coordinates": [[[-87.73973, 41.690891], [-87.725714, 41.691237], [-87.700828, 41.691568], [-87.700553, 41.684263], [-87.705417, 41.684187], [-87.705285, 41.680579], [-87.710374, 41.680451], [-87.71136, 41.680438], [-87.71139, 41.681268], [-87.711576, 41.681356], [-87.711599, 41.681803], [-87.711326, 41.681808], [-87.711516, 41.684093], [-87.739449, 41.683632], [-87.73973, 41.690891]]]}}, {"type": "Feature", "properties": {"tract_fips": "17031803005"}, "geometry": {"type": "Polygon", "coordinates": [[[-88.004601, 42.129397], [-88.004598, 42.139129], [-87.980245, 42.139079], [-87.980376, 42.124555], [-87.9833, 42.124607], [-87.985137, 42.125057], [-87.996172, 42.125048], [-87.996783, 42.124934], [-87.997659, 42.124258], [-88.004601, 42.129397]]]}}, {"type": "Feature", "properties": {"tract_fips": "17031803007"}, "geometry": {"type": "Polygon", "coordinates": [[[-87.980376, 42.124555], [-87.980245, 42.139079], [-87.96102, 42.138924], [-87.961016, 42.136602], [-87.961137, 42.136333], [-87.960954, 42.135898], [-87.961001, 42.128145], [-87.96116, 42.126819], [-87.961017, 42.126224], [-87.961018, 42.124436], [-87.980026, 42.124546], [-87.980376, 42.124555]]]}}, {"type": "Feature", "properties": {"tract_fips": "17031381800"}, "geometry": {"type": "Polygon", "coordinates": [[[-87.625984, 41.805633], [-87.616496, 41.805742], [-87.616352, 41.802943], [-87.616526, 41.802098], [-87.62589, 41.801946], [-87.625984, 41.805633]]]}}, {"type": "Feature", "properties": {"tract_fips": "17031381900"}, "geometry": {"type": "Polygon", "coordinates": [[[-87.616526, 41.802098], [-87.616352, 41.802943], [-87.616496, 41.805742], [-87.611371, 41.805822], [-87.611286, 41.802169], [-87.616526, 41.802098]]]}}, {"type": "Feature", "properties": {"tract_fips": "17031390100"}, "geometry": {"type": "Polygon", "coordinates": [[[-87.598882, 41.816905], [-87.583378, 41.817078], [-87.582092, 41.815075], [-87.583448, 41.812433], [-87.589312, 41.810745], [-87.592075, 41.8097], [-87.596832, 41.809642], [-87.596854, 41.814147], [-87.598882, 41.816905]]]}}, {"type": "Feature", "properties": {"tract_fips": "17031390200"}, "geometry": {"type": "Polygon", "coordinates": [[[-87.601852, 41.81687], [-87.598882, 41.816905], [-87.596854, 41.814147], [-87.596832, 41.809642], [-87.6017, 41.809588], [-87.601852, 41.81687]]]}}, {"type": "Feature", "properties": {"tract_fips": "17031390300"}, "geometry": {"type": "Polygon", "coordinates": [[[-87.606708, 41.816814], [-87.601852, 41.81687], [-87.6017, 41.809588], [-87.606565, 41.809533], [-87.606708, 41.816814]]]}}, {"type": "Feature", "properties": {"tract_fips": "17031390400"}, "geometry": {"type": "Polygon", "coordinates": [[[-87.606565, 41.809533], [-87.6017, 41.809588], [-87.601558, 41.802313], [-87.606407, 41.802251], [-87.606565, 41.809533]]]}}, {"type": "Feature", "properties": {"tract_fips": "17031390500"}, "geometry": {"type": "Polygon", "coordinates": [[[-87.6017, 41.809588], [-87.596832, 41.809642], [-87.596707, 41.802366], [-87.601558, 41.802313], [-87.6017, 41.809588]]]}}, {"type": "Feature", "properties": {"tract_fips": "17031390600"}, "geometry": {"type": "Polygon", "coordinates": [[[-87.596832, 41.809642], [-87.592432, 41.809686], [-87.59207, 41.809383], [-87.591852, 41.802421], [-87.596707, 41.802366], [-87.596832, 41.809642]]]}}, {"type": "Feature", "properties": {"tract_fips": "17031390700"}, "geometry": {"type": "Polygon", "coordinates": [[[-87.592432, 41.809686], [-87.591769, 41.809778], [-87.58706, 41.811441], [-87.583448, 41.812433], [-87.567155, 41.802855], [-87.581191, 41.802594], [-87.581947, 41.802443], [-87.583717, 41.802577], [-87.591852, 41.802421], [-87.59197, 41.808715], [-87.59207, 41.809383], [-87.592432, 41.809686]]]}}, {"type": "Feature", "properties": {"tract_fips": "17031804711"}, "geometry": {"type": "Polygon", "coordinates": [[[-88.144681, 42.046484], [-88.137759, 42.04679], [-88.137691, 42.04614], [-88.137066, 42.044897], [-88.137229, 42.042951], [-88.136595, 42.041028], [-88.136729, 42.039679], [-88.133438, 42.039859], [-88.133325, 42.036115], [-88.132982, 42.035955], [-88.130364, 42.035789], [-88.130448, 42.032678], [-88.13087, 42.032316], [-88.134318, 42.030649], [-88.134515, 42.030187], [-88.134475, 42.028173], [-88.13388, 42.027574], [-88.131218, 42.026667], [-88.12929, 42.026469], [-88.128913, 42.02608], [-88.128909, 42.025438], [-88.14468, 42.024752], [-88.144681, 42.046484]]]}}, {"type": "Feature", "properties": {"tract_fips": "17031804806"}, "geometry": {"type": "Polygon", "coordinates": [[[-88.144803, 42.005431], [-88.144752, 42.011005], [-88.143934, 42.011074], [-88.142658, 42.011518], [-88.139471, 42.012226], [-88.134091, 42.012776], [-88.13276, 42.013242], [-88.130678, 42.014347], [-88.128244, 42.014485], [-88.128333, 42.013457], [-88.12889, 42.012062], [-88.129039, 42.009227], [-88.129993, 42.008057], [-88.130139, 42.006555], [-88.131198, 42.005635], [-88.131249, 42.003374], [-88.13256, 42.003455], [-88.143272, 42.005064], [-88.144803, 42.005431]]]}}, {"type": "Feature", "properties": {"tract_fips": "17031804808"}, "geometry": {"type": "Polygon", "coordinates": [[[-88.109938, 42.026204], [-88.090997, 42.02687], [-88.090998, 42.026222], [-88.091489, 42.025211], [-88.09125, 42.024199], [-88.091656, 42.023723], [-88.091271, 42.023247], [-88.091066, 42.022508], [-88.090571, 42.021807], [-88.090476, 42.021418], [-88.090646, 42.021014], [-88.091576, 42.020187], [-88.091749, 42.019613], [-88.091678, 42.018464], [-88.091002, 42.017156], [-88.091145, 42.015917], [-88.093032, 42.016282], [-88.096239, 42.017476], [-88.098019, 42.01785], [-88.107314, 42.017603], [-88.108129, 42.017838], [-88.108894, 42.018479], [-88.109675, 42.018813], [-88.109432, 42.019442], [-88.109431, 42.022538], [-88.109903, 42.023892], [-88.109938, 42.026204]]]}}, {"type": "Feature", "properties": {"tract_fips": "17031804809"}, "geometry": {"type": "Polygon", "coordinates": [[[-88.111755, 42.011041], [-88.11056, 42.013177], [-88.110549, 42.014438], [-88.110941, 42.015366], [-88.110345, 42.016475], [-88.110169, 42.017878], [-88.109675, 42.018813], [-88.108894, 42.018479], [-88.108129, 42.017838], [-88.107404, 42.017606], [-88.099364, 42.017896], [-88.097723, 42.017814], [-88.096239, 42.017476], [-88.093032, 42.016282], [-88.091145, 42.015917], [-88.091371, 42.014763], [-88.091915, 42.013975], [-88.092091, 42.013289], [-88.091866, 42.012584], [-88.090544, 42.010162], [-88.090456, 42.009703], [-88.090585, 42.009267], [-88.091238, 42.008497], [-88.091553, 42.007797], [-88.09161, 42.004862], [-88.110087, 42.004209], [-88.110163, 42.008969], [-88.110633, 42.009761], [-88.111593, 42.010521], [-88.111755, 42.011041]]]}}, {"type": "Feature", "properties": {"tract_fips": "17031812400"}, "geometry": {"type": "Polygon", "coordinates": [[[-87.797896, 41.901647], [-87.78487, 41.901873], [-87.785096, 41.901064], [-87.784789, 41.891713], [-87.786418, 41.891685], [-87.786325, 41.888372], [-87.79269, 41.888577], [-87.792772, 41.891579], [-87.794593, 41.891549], [-87.794588, 41.891325], [-87.797578, 41.891269], [-87.797896, 41.901647]]]}}, {"type": "Feature", "properties": {"tract_fips": "17031812500"}, "geometry": {"type": "Polygon", "coordinates": [[[-87.789553, 41.886933], [-87.789585, 41.888478], [-87.786325, 41.888372], [-87.786418, 41.891685], [-87.784789, 41.891713], [-87.784933, 41.896389], [-87.775192, 41.896533], [-87.774881, 41.887072], [-87.789553, 41.886933]]]}}, {"type": "Feature", "properties": {"tract_fips": "17031440600"}, "geometry": {"type": "Polygon", "coordinates": [[[-87.624165, 41.736299], [-87.614528, 41.736503], [-87.614301, 41.72787], [-87.616699, 41.728838], [-87.61919, 41.729523], [-87.619177, 41.729119], [-87.623938, 41.729042], [-87.624165, 41.736299]]]}}, {"type": "Feature", "properties": {"tract_fips": "17031440900"}, "geometry": {"type": "Polygon", "coordinates": [[[-87.614431, 41.732849], [-87.604734, 41.733001], [-87.604492, 41.722548], [-87.60711, 41.723377], [-87.609372, 41.724485], [-87.609391, 41.724944], [-87.609609, 41.725099], [-87.610696, 41.725594], [-87.611584, 41.725588], [-87.614273, 41.726934], [-87.614431, 41.732849]]]}}, {"type": "Feature", "properties": {"tract_fips": "17031440700"}, "geometry": {"type": "Polygon", "coordinates": [[[-87.614528, 41.736503], [-87.604823, 41.736649], [-87.604734, 41.733001], [-87.614431, 41.732849], [-87.614528, 41.736503]]]}}, {"type": "Feature", "properties": {"tract_fips": "17031440800"}, "geometry": {"type": "Polygon", "coordinates": [[[-87.604823, 41.736649], [-87.600545, 41.736708], [-87.601404, 41.733078], [-87.602019, 41.733031], [-87.603273, 41.727551], [-87.60293, 41.727556], [-87.603354, 41.725724], [-87.603079, 41.725729], [-87.603606, 41.723396], [-87.604507, 41.723596], [-87.604823, 41.736649]]]}}, {"type": "Feature", "properties": {"tract_fips": "17031819300"}, "geometry": {"type": "Polygon", "coordinates": [[[-87.860052, 41.820062], [-87.840593, 41.820513], [-87.840252, 41.814761], [-87.859826, 41.814384], [-87.860052, 41.820062]]]}}, {"type": "Feature", "properties": {"tract_fips": "17031819400"}, "geometry": {"type": "Polygon", "coordinates": [[[-87.859826, 41.814384], [-87.840252, 41.814761], [-87.839931, 41.805636], [-87.859459, 41.805281], [-87.859826, 41.814384]]]}}, {"type": "Feature", "properties": {"tract_fips": "17031819500"}, "geometry": {"type": "Polygon", "coordinates": [[[-87.879669, 41.816668], [-87.872376, 41.816876], [-87.872494, 41.81972], [-87.860052, 41.820062], [-87.859459, 41.805281], [-87.864011, 41.805183], [-87.864204, 41.810772], [-87.863776, 41.81078], [-87.86492, 41.812458], [-87.879474, 41.812194], [-87.879669, 41.816668]]]}}, {"type": "Feature", "properties": {"tract_fips": "17031630300"}, "geometry": {"type": "Polygon", "coordinates": [[[-87.713399, 41.793362], [-87.713635, 41.804189], [-87.711222, 41.804329], [-87.703865, 41.804309], [-87.703554, 41.793514], [-87.713399, 41.793362]]]}}, {"type": "Feature", "properties": {"tract_fips": "17031630500"}, "geometry": {"type": "Polygon", "coordinates": [[[-87.694, 41.800989], [-87.684224, 41.801146], [-87.684042, 41.793877], [-87.693798, 41.793691], [-87.694, 41.800989]]]}}, {"type": "Feature", "properties": {"tract_fips": "17031630800"}, "geometry": {"type": "Polygon", "coordinates": [[[-87.703554, 41.793514], [-87.693798, 41.793691], [-87.693595, 41.786407], [-87.703349, 41.786248], [-87.703554, 41.793514]]]}}, {"type": "Feature", "properties": {"tract_fips": "17031630900"}, "geometry": {"type": "Polygon", "coordinates": [[[-87.713399, 41.793362], [-87.703554, 41.793514], [-87.703349, 41.786248], [-87.71312, 41.786092], [-87.713399, 41.793362]]]}}, {"type": "Feature", "properties": {"tract_fips": "17031640100"}, "geometry": {"type": "Polygon", "coordinates": [[[-87.742451, 41.782944], [-87.741447, 41.784299], [-87.741422, 41.785742], [-87.737756, 41.785782], [-87.737397, 41.778487], [-87.742293, 41.778429], [-87.742451, 41.782944]]]}}, {"type": "Feature", "properties": {"tract_fips": "17031640300"}, "geometry": {"type": "Polygon", "coordinates": [[[-87.781539, 41.785011], [-87.765742, 41.785324], [-87.763887, 41.785555], [-87.762007, 41.785019], [-87.761715, 41.778053], [-87.781265, 41.777676], [-87.781539, 41.785011]]]}}, {"type": "Feature", "properties": {"tract_fips": "17031819600"}, "geometry": {"type": "Polygon", "coordinates": [[[-87.874519, 41.812283], [-87.86492, 41.812458], [-87.863776, 41.81078], [-87.864204, 41.810772], [-87.864011, 41.805183], [-87.859459, 41.805281], [-87.859316, 41.801612], [-87.864224, 41.80153], [-87.864082, 41.79788], [-87.866525, 41.797828], [-87.866605, 41.799651], [-87.869056, 41.799601], [-87.868972, 41.797777], [-87.87389, 41.797672], [-87.874519, 41.812283]]]}}, {"type": "Feature", "properties": {"tract_fips": "17031827000"}, "geometry": {"type": "Polygon", "coordinates": [[[-87.65634, 41.629897], [-87.651195, 41.629781], [-87.632313, 41.629838], [-87.636197, 41.62261], [-87.65575, 41.622623], [-87.655998, 41.622624], [-87.656024, 41.628376], [-87.65634, 41.629897]]]}}, {"type": "Feature", "properties": {"tract_fips": "17031827100"}, "geometry": {"type": "Polygon", "coordinates": [[[-87.655998, 41.622624], [-87.636197, 41.62261], [-87.638046, 41.619034], [-87.636646, 41.619034], [-87.636406, 41.613574], [-87.655946, 41.613541], [-87.655998, 41.622624]]]}}, {"type": "Feature", "properties": {"tract_fips": "17031827200"}, "geometry": {"type": "Polygon", "coordinates": [[[-87.638046, 41.619034], [-87.636197, 41.62261], [-87.617118, 41.622657], [-87.617027, 41.600879], [-87.636417, 41.600913], [-87.636406, 41.613574], [-87.636646, 41.619034], [-87.638046, 41.619034]]]}}, {"type": "Feature", "properties": {"tract_fips": "17031827300"}, "geometry": {"type": "Polygon", "coordinates": [[[-87.655955, 41.604468], [-87.655946, 41.613541], [-87.636406, 41.613574], [-87.63645, 41.604529], [-87.645035, 41.604466], [-87.646071, 41.604746], [-87.646202, 41.604496], [-87.655955, 41.604468]]]}}, {"type": "Feature", "properties": {"tract_fips": "17031750100"}, "geometry": {"type": "Polygon", "coordinates": [[[-87.66198, 41.696679], [-87.661617, 41.696682], [-87.660445, 41.699423], [-87.642608, 41.699641], [-87.642378, 41.692356], [-87.661844, 41.692117], [-87.661803, 41.694304], [-87.661922, 41.694546], [-87.66198, 41.696679]]]}}, {"type": "Feature", "properties": {"tract_fips": "17031750200"}, "geometry": {"type": "Polygon", "coordinates": [[[-87.681388, 41.699079], [-87.679918, 41.699058], [-87.660445, 41.699423], [-87.661617, 41.696682], [-87.66198, 41.696679], [-87.661922, 41.694546], [-87.661803, 41.694304], [-87.661844, 41.692117], [-87.663311, 41.692156], [-87.663943, 41.691245], [-87.665033, 41.691732], [-87.666029, 41.692805], [-87.666375, 41.692254], [-87.668893, 41.693207], [-87.66976, 41.691711], [-87.670674, 41.691949], [-87.681155, 41.691779], [-87.681388, 41.699079]]]}}, {"type": "Feature", "properties": {"tract_fips": "17031750300"}, "geometry": {"type": "Polygon", "coordinates": [[[-87.6912, 41.698986], [-87.681388, 41.699079], [-87.681155, 41.691779], [-87.690943, 41.691688], [-87.6912, 41.698986]]]}}, {"type": "Feature", "properties": {"tract_fips": "17031750400"}, "geometry": {"type": "Polygon", "coordinates": [[[-87.690943, 41.691688], [-87.681155, 41.691779], [-87.680696, 41.677257], [-87.686363, 41.677205], [-87.68576, 41.678619], [-87.685663, 41.679491], [-87.685864, 41.684475], [-87.690823, 41.684402], [-87.690943, 41.691688]]]}}, {"type": "Feature", "properties": {"tract_fips": "17031750500"}, "geometry": {"type": "Polygon", "coordinates": [[[-87.681155, 41.691779], [-87.670674, 41.691949], [-87.66976, 41.691711], [-87.668893, 41.693207], [-87.666375, 41.692254], [-87.666029, 41.692805], [-87.665033, 41.691732], [-87.663943, 41.691245], [-87.663311, 41.692156], [-87.661844, 41.692117], [-87.663371, 41.689665], [-87.662139, 41.689307], [-87.660786, 41.689293], [-87.661611, 41.685124], [-87.661365, 41.677544], [-87.66657, 41.677442], [-87.667148, 41.675834], [-87.668549, 41.676127], [-87.66785, 41.677419], [-87.680696, 41.677257], [-87.681155, 41.691779]]]}}, {"type": "Feature", "properties": {"tract_fips": "17031804901"}, "geometry": {"type": "Polygon", "coordinates": [[[-87.945212, 42.066319], [-87.921398, 42.066185], [-87.921236, 42.051343], [-87.922857, 42.051817], [-87.928608, 42.051904], [-87.929581, 42.051758], [-87.940808, 42.052016], [-87.940912, 42.059327], [-87.94511, 42.059269], [-87.945212, 42.066319]]]}}, {"type": "Feature", "properties": {"tract_fips": "17031804902"}, "geometry": {"type": "Polygon", "coordinates": [[[-87.940808, 42.052016], [-87.929581, 42.051758], [-87.928608, 42.051904], [-87.922857, 42.051817], [-87.921236, 42.051343], [-87.921005, 42.037512], [-87.927031, 42.037328], [-87.940697, 42.037389], [-87.940808, 42.052016]]]}}, {"type": "Feature", "properties": {"tract_fips": "17031805001"}, "geometry": {"type": "Polygon", "coordinates": [[[-87.96048, 42.066408], [-87.945212, 42.066319], [-87.94511, 42.059269], [-87.940912, 42.059327], [-87.94076, 42.047591], [-87.952445, 42.047336], [-87.955465, 42.047561], [-87.960265, 42.048254], [-87.96048, 42.066408]]]}}, {"type": "Feature", "properties": {"tract_fips": "17031805002"}, "geometry": {"type": "Polygon", "coordinates": [[[-87.960769, 42.04251], [-87.96023, 42.044457], [-87.960265, 42.048254], [-87.955465, 42.047561], [-87.952445, 42.047336], [-87.94076, 42.047591], [-87.940697, 42.037389], [-87.960597, 42.037017], [-87.960769, 42.04251]]]}}, {"type": "Feature", "properties": {"tract_fips": "17031819801"}, "geometry": {"type": "Polygon", "coordinates": [[[-87.90735, 41.818605], [-87.899052, 41.818996], [-87.889429, 41.81923], [-87.888789, 41.804646], [-87.901691, 41.804356], [-87.901899, 41.808918], [-87.906358, 41.807931], [-87.906338, 41.809872], [-87.905998, 41.811352], [-87.906011, 41.812257], [-87.907082, 41.812259], [-87.90735, 41.818605]]]}}, {"type": "Feature", "properties": {"tract_fips": "17031819802"}, "geometry": {"type": "Polygon", "coordinates": [[[-87.901691, 41.804356], [-87.888789, 41.804646], [-87.888157, 41.790048], [-87.901009, 41.789759], [-87.901691, 41.804356]]]}}, {"type": "Feature", "properties": {"tract_fips": "17031819900"}, "geometry": {"type": "Polygon", "coordinates": [[[-87.91442, 41.818506], [-87.913471, 41.818641], [-87.911191, 41.818608], [-87.909964, 41.818876], [-87.90735, 41.818605], [-87.907082, 41.812259], [-87.906011, 41.812257], [-87.905998, 41.811352], [-87.906338, 41.809872], [-87.906358, 41.807931], [-87.901899, 41.808918], [-87.901009, 41.789759], [-87.908196, 41.789615], [-87.908362, 41.795569], [-87.908561, 41.797067], [-87.909015, 41.798728], [-87.913753, 41.811279], [-87.91398, 41.812423], [-87.914238, 41.817391], [-87.91442, 41.818506]]]}}, {"type": "Feature", "properties": {"tract_fips": "17031820000"}, "geometry": {"type": "Polygon", "coordinates": [[[-87.918245, 41.817872], [-87.91442, 41.818506], [-87.914238, 41.817391], [-87.91398, 41.812423], [-87.913753, 41.811279], [-87.909015, 41.798728], [-87.908561, 41.797067], [-87.908362, 41.795569], [-87.908196, 41.789615], [-87.917016, 41.789428], [-87.918245, 41.817872]]]}}, {"type": "Feature", "properties": {"tract_fips": "17031827400"}, "geometry": {"type": "Polygon", "coordinates": [[[-87.675332, 41.613538], [-87.672044, 41.613537], [-87.672574, 41.615354], [-87.665652, 41.615352], [-87.665642, 41.611747], [-87.65595, 41.611726], [-87.655942, 41.597266], [-87.658358, 41.59726], [-87.659738, 41.596902], [-87.666786, 41.596965], [-87.667222, 41.598324], [-87.67046, 41.598368], [-87.671615, 41.597221], [-87.672791, 41.597303], [-87.674041, 41.59708], [-87.675197, 41.597098], [-87.675332, 41.613538]]]}}, {"type": "Feature", "properties": {"tract_fips": "17031827600"}, "geometry": {"type": "Polygon", "coordinates": [[[-87.675319, 41.591932], [-87.675049, 41.595296], [-87.675197, 41.597098], [-87.674041, 41.59708], [-87.672791, 41.597303], [-87.671615, 41.597221], [-87.67046, 41.598368], [-87.667222, 41.598324], [-87.666786, 41.596965], [-87.659738, 41.596902], [-87.658358, 41.59726], [-87.653052, 41.59728], [-87.650211, 41.596939], [-87.655883, 41.58634], [-87.675145, 41.58626], [-87.675319, 41.591932]]]}}, {"type": "Feature", "properties": {"tract_fips": "17031282700"}, "geometry": {"type": "Polygon", "coordinates": [[[-87.691371, 41.876035], [-87.686269, 41.876084], [-87.686038, 41.866613], [-87.690445, 41.866568], [-87.690861, 41.867269], [-87.691081, 41.867839], [-87.691193, 41.869295], [-87.691371, 41.876035]]]}}, {"type": "Feature", "properties": {"tract_fips": "17031282800"}, "geometry": {"type": "Polygon", "coordinates": [[[-87.686235, 41.873891], [-87.683781, 41.873927], [-87.68359, 41.866647], [-87.686038, 41.866613], [-87.686235, 41.873891]]]}}, {"type": "Feature", "properties": {"tract_fips": "17031400300"}, "geometry": {"type": "Polygon", "coordinates": [[[-87.625792, 41.798114], [-87.620926, 41.798199], [-87.620923, 41.798373], [-87.606318, 41.798613], [-87.606037, 41.785874], [-87.61576, 41.785699], [-87.615981, 41.794801], [-87.625701, 41.794643], [-87.625792, 41.798114]]]}}, {"type": "Feature", "properties": {"tract_fips": "17031400500"}, "geometry": {"type": "Polygon", "coordinates": [[[-87.625701, 41.794643], [-87.620846, 41.794723], [-87.620658, 41.787445], [-87.625513, 41.787362], [-87.625701, 41.794643]]]}}, {"type": "Feature", "properties": {"tract_fips": "17031400800"}, "geometry": {"type": "Polygon", "coordinates": [[[-87.625466, 41.785537], [-87.61576, 41.785699], [-87.615622, 41.780239], [-87.625375, 41.780058], [-87.625466, 41.785537]]]}}, {"type": "Feature", "properties": {"tract_fips": "17031410100"}, "geometry": {"type": "Polygon", "coordinates": [[[-87.591852, 41.802421], [-87.583717, 41.802577], [-87.581947, 41.802443], [-87.581191, 41.802594], [-87.567155, 41.802855], [-87.566948, 41.802734], [-87.566822, 41.80079], [-87.581571, 41.800622], [-87.581654, 41.799795], [-87.581896, 41.799665], [-87.58731, 41.799564], [-87.587497, 41.801029], [-87.591821, 41.800976], [-87.591852, 41.802421]]]}}, {"type": "Feature", "properties": {"tract_fips": "17031410500"}, "geometry": {"type": "Polygon", "coordinates": [[[-87.606353, 41.800434], [-87.60394, 41.80047], [-87.603947, 41.800839], [-87.601337, 41.800871], [-87.60131, 41.795015], [-87.606216, 41.794965], [-87.606353, 41.800434]]]}}, {"type": "Feature", "properties": {"tract_fips": "17031410600"}, "geometry": {"type": "Polygon", "coordinates": [[[-87.60131, 41.795015], [-87.601337, 41.800871], [-87.596677, 41.800923], [-87.596544, 41.795066], [-87.60131, 41.795015]]]}}, {"type": "Feature", "properties": {"tract_fips": "17031460100"}, "geometry": {"type": "Polygon", "coordinates": [[[-87.554109, 41.75181], [-87.552246, 41.751919], [-87.547703, 41.754753], [-87.547109, 41.754274], [-87.545956, 41.753985], [-87.545395, 41.754635], [-87.544515, 41.754606], [-87.540485, 41.757177], [-87.540739, 41.757435], [-87.524445, 41.760035], [-87.523661, 41.759907], [-87.523992, 41.735128], [-87.536545, 41.729635], [-87.538097, 41.731097], [-87.538827, 41.732843], [-87.538712, 41.733558], [-87.539445, 41.734035], [-87.54014, 41.733861], [-87.542983, 41.733834], [-87.543075, 41.737485], [-87.545311, 41.737463], [-87.54536, 41.739281], [-87.541735, 41.739335], [-87.541837, 41.744759], [-87.553975, 41.744622], [-87.554109, 41.75181]]]}}, {"type": "Feature", "properties": {"tract_fips": "17031805105"}, "geometry": {"type": "Polygon", "coordinates": [[[-88.030474, 42.057609], [-88.030334, 42.066729], [-88.007053, 42.06665], [-88.007064, 42.057945], [-88.002802, 42.056834], [-88.000371, 42.055937], [-87.993897, 42.051461], [-88.007, 42.051274], [-88.011489, 42.053333], [-88.016078, 42.055026], [-88.019827, 42.055981], [-88.022912, 42.056576], [-88.030474, 42.057609]]]}}, {"type": "Feature", "properties": {"tract_fips": "17031827700"}, "geometry": {"type": "Polygon", "coordinates": [[[-87.675145, 41.58626], [-87.655883, 41.58634], [-87.655949, 41.579063], [-87.665532, 41.579025], [-87.665526, 41.578014], [-87.671395, 41.577985], [-87.674274, 41.57847], [-87.673896, 41.578724], [-87.675094, 41.579107], [-87.675145, 41.58626]]]}}, {"type": "Feature", "properties": {"tract_fips": "17031827802"}, "geometry": {"type": "Polygon", "coordinates": [[[-87.597672, 41.607237], [-87.596713, 41.607281], [-87.594176, 41.606861], [-87.593214, 41.606892], [-87.592103, 41.607058], [-87.588264, 41.608162], [-87.584816, 41.608137], [-87.583938, 41.607966], [-87.582017, 41.606838], [-87.582938, 41.60515], [-87.583612, 41.602853], [-87.583727, 41.593709], [-87.597642, 41.593544], [-87.597672, 41.607237]]]}}, {"type": "Feature", "properties": {"tract_fips": "17031827804"}, "geometry": {"type": "Polygon", "coordinates": [[[-87.607327, 41.593595], [-87.583727, 41.593709], [-87.583721, 41.586471], [-87.602718, 41.586325], [-87.607324, 41.589394], [-87.607327, 41.593595]]]}}, {"type": "Feature", "properties": {"tract_fips": "17031450300"}, "geometry": {"type": "Polygon", "coordinates": [[[-87.585908, 41.74864], [-87.585824, 41.751506], [-87.585596, 41.751509], [-87.565701, 41.737198], [-87.585637, 41.736913], [-87.585908, 41.74864]]]}}, {"type": "Feature", "properties": {"tract_fips": "17031460200"}, "geometry": {"type": "Polygon", "coordinates": [[[-87.55294, 41.744637], [-87.541837, 41.744759], [-87.541735, 41.739335], [-87.54536, 41.739281], [-87.545311, 41.737463], [-87.551431, 41.737378], [-87.551542, 41.74254], [-87.55177, 41.743953], [-87.55294, 41.744637]]]}}, {"type": "Feature", "properties": {"tract_fips": "17031805106"}, "geometry": {"type": "Polygon", "coordinates": [[[-88.007064, 42.057945], [-88.007053, 42.06665], [-87.989823, 42.066562], [-87.989688, 42.060566], [-87.992967, 42.060468], [-87.993019, 42.054404], [-87.991863, 42.054323], [-87.991767, 42.05336], [-87.991155, 42.052393], [-87.991141, 42.051474], [-87.993897, 42.051461], [-88.000371, 42.055937], [-88.002802, 42.056834], [-88.007064, 42.057945]]]}}, {"type": "Feature", "properties": {"tract_fips": "17031805107"}, "geometry": {"type": "Polygon", "coordinates": [[[-88.007, 42.051274], [-87.993451, 42.051472], [-87.974936, 42.051443], [-87.974817, 42.041091], [-87.960243, 42.035596], [-87.960082, 42.034007], [-87.959935, 42.02516], [-87.96597, 42.029644], [-87.965581, 42.029987], [-87.969148, 42.032632], [-87.969487, 42.032271], [-87.972682, 42.034646], [-87.976233, 42.03688], [-87.98064, 42.039062], [-88.007, 42.051274]]]}}, {"type": "Feature", "properties": {"tract_fips": "17031805108"}, "geometry": {"type": "Polygon", "coordinates": [[[-87.974936, 42.051443], [-87.973233, 42.05143], [-87.971634, 42.051151], [-87.968533, 42.049741], [-87.966684, 42.049159], [-87.960265, 42.048254], [-87.96023, 42.044457], [-87.960771, 42.042497], [-87.960719, 42.037998], [-87.960243, 42.035596], [-87.974817, 42.041091], [-87.974936, 42.051443]]]}}, {"type": "Feature", "properties": {"tract_fips": "17031640400"}, "geometry": {"type": "Polygon", "coordinates": [[[-87.801216, 41.784688], [-87.781539, 41.785011], [-87.781265, 41.777676], [-87.800899, 41.777292], [-87.801216, 41.784688]]]}}, {"type": "Feature", "properties": {"tract_fips": "17031640500"}, "geometry": {"type": "Polygon", "coordinates": [[[-87.801016, 41.776265], [-87.800899, 41.777292], [-87.781265, 41.777676], [-87.78112, 41.774011], [-87.800806, 41.773709], [-87.800805, 41.77551], [-87.801016, 41.776265]]]}}, {"type": "Feature", "properties": {"tract_fips": "17031640600"}, "geometry": {"type": "Polygon", "coordinates": [[[-87.781265, 41.777676], [-87.761715, 41.778053], [-87.761583, 41.774388], [-87.78112, 41.774011], [-87.781265, 41.777676]]]}}, {"type": "Feature", "properties": {"tract_fips": "17031640700"}, "geometry": {"type": "Polygon", "coordinates": [[[-87.761715, 41.778053], [-87.742293, 41.778429], [-87.742165, 41.77478], [-87.761583, 41.774388], [-87.761715, 41.778053]]]}}, {"type": "Feature", "properties": {"tract_fips": "17031640800"}, "geometry": {"type": "Polygon", "coordinates": [[[-87.742293, 41.778429], [-87.737397, 41.778487], [-87.737223, 41.771201], [-87.742055, 41.771129], [-87.742293, 41.778429]]]}}, {"type": "Feature", "properties": {"tract_fips": "17031650100"}, "geometry": {"type": "Polygon", "coordinates": [[[-87.722961, 41.785937], [-87.712897, 41.786097], [-87.712726, 41.778832], [-87.72276, 41.778658], [-87.722961, 41.785937]]]}}, {"type": "Feature", "properties": {"tract_fips": "17031650200"}, "geometry": {"type": "Polygon", "coordinates": [[[-87.737756, 41.785782], [-87.722961, 41.785937], [-87.72276, 41.778658], [-87.737397, 41.778487], [-87.737756, 41.785782]]]}}, {"type": "Feature", "properties": {"tract_fips": "17031811401"}, "geometry": {"type": "Polygon", "coordinates": [[[-87.884947, 41.936419], [-87.870369, 41.936691], [-87.867953, 41.936942], [-87.86538, 41.936802], [-87.859719, 41.936898], [-87.857037, 41.929192], [-87.859387, 41.929194], [-87.86524, 41.929691], [-87.865303, 41.931357], [-87.884727, 41.930987], [-87.884947, 41.936419]]]}}, {"type": "Feature", "properties": {"tract_fips": "17031811301"}, "geometry": {"type": "Polygon", "coordinates": [[[-87.894085, 41.921773], [-87.891644, 41.921812], [-87.891782, 41.926346], [-87.890522, 41.926369], [-87.884523, 41.926448], [-87.884335, 41.921938], [-87.873015, 41.922152], [-87.872408, 41.907773], [-87.889471, 41.907444], [-87.889627, 41.911039], [-87.890912, 41.910969], [-87.891082, 41.91126], [-87.891595, 41.91144], [-87.893641, 41.9114], [-87.893671, 41.91281], [-87.892995, 41.914511], [-87.893823, 41.916073], [-87.894085, 41.921773]]]}}, {"type": "Feature", "properties": {"tract_fips": "17031750600"}, "geometry": {"type": "Polygon", "coordinates": [[[-87.663371, 41.689665], [-87.661844, 41.692117], [-87.642378, 41.692356], [-87.642152, 41.685082], [-87.661599, 41.68482], [-87.660786, 41.689293], [-87.662397, 41.689365], [-87.663371, 41.689665]]]}}, {"type": "Feature", "properties": {"tract_fips": "17031812600"}, "geometry": {"type": "Polygon", "coordinates": [[[-87.784655, 41.88695], [-87.774881, 41.887072], [-87.774658, 41.880151], [-87.784457, 41.87997], [-87.784655, 41.88695]]]}}, {"type": "Feature", "properties": {"tract_fips": "17031803008"}, "geometry": {"type": "Polygon", "coordinates": [[[-87.980436, 42.109899], [-87.980376, 42.124555], [-87.956209, 42.124398], [-87.956218, 42.118631], [-87.959772, 42.118634], [-87.961137, 42.117626], [-87.965866, 42.11766], [-87.965862, 42.109979], [-87.980436, 42.109899]]]}}, {"type": "Feature", "properties": {"tract_fips": "17031805110"}, "geometry": {"type": "Polygon", "coordinates": [[[-87.989823, 42.066562], [-87.96048, 42.066408], [-87.960396, 42.05902], [-87.974948, 42.058824], [-87.974953, 42.057883], [-87.977942, 42.057822], [-87.980403, 42.058281], [-87.980011, 42.059411], [-87.979906, 42.060578], [-87.989688, 42.060566], [-87.989823, 42.066562]]]}}, {"type": "Feature", "properties": {"tract_fips": "17031805111"}, "geometry": {"type": "Polygon", "coordinates": [[[-87.960597, 42.037017], [-87.941428, 42.037388], [-87.927031, 42.037328], [-87.921005, 42.037512], [-87.920923, 42.030435], [-87.940582, 42.030014], [-87.940483, 42.022716], [-87.956326, 42.022481], [-87.959935, 42.02516], [-87.96012, 42.034741], [-87.960597, 42.037017]]]}}, {"type": "Feature", "properties": {"tract_fips": "17031805112"}, "geometry": {"type": "Polygon", "coordinates": [[[-87.956326, 42.022481], [-87.940483, 42.022716], [-87.940582, 42.030014], [-87.920923, 42.030435], [-87.920723, 42.013253], [-87.933218, 42.016559], [-87.940516, 42.01806], [-87.94051, 42.018256], [-87.94585, 42.019154], [-87.952292, 42.020484], [-87.954757, 42.021456], [-87.956326, 42.022481]]]}}, {"type": "Feature", "properties": {"tract_fips": "17031805201"}, "geometry": {"type": "Polygon", "coordinates": [[[-87.840349, 42.054552], [-87.840293, 42.063134], [-87.83994, 42.065789], [-87.816754, 42.065666], [-87.81531, 42.062355], [-87.816694, 42.062318], [-87.817944, 42.061859], [-87.825504, 42.06171], [-87.825579, 42.05488], [-87.840349, 42.054552]]]}}, {"type": "Feature", "properties": {"tract_fips": "17031820300"}, "geometry": {"type": "Polygon", "coordinates": [[[-87.81702, 41.792209], [-87.81654, 41.792674], [-87.816806, 41.793095], [-87.811974, 41.796488], [-87.808678, 41.798414], [-87.806656, 41.799231], [-87.805392, 41.79928], [-87.804408, 41.799599], [-87.801764, 41.800777], [-87.801729, 41.798436], [-87.802093, 41.798141], [-87.802098, 41.797925], [-87.802009, 41.796763], [-87.801631, 41.79508], [-87.801212, 41.7846], [-87.811528, 41.784381], [-87.809681, 41.79009], [-87.809613, 41.79056], [-87.809864, 41.791375], [-87.811821, 41.790907], [-87.812997, 41.790876], [-87.81702, 41.792209]]]}}, {"type": "Feature", "properties": {"tract_fips": "17031820400"}, "geometry": {"type": "Polygon", "coordinates": [[[-87.826289, 41.783222], [-87.816806, 41.793095], [-87.81654, 41.792674], [-87.817036, 41.792193], [-87.813481, 41.790955], [-87.811998, 41.790883], [-87.809864, 41.791375], [-87.809613, 41.79056], [-87.809681, 41.79009], [-87.811528, 41.784381], [-87.801212, 41.7846], [-87.800886, 41.776567], [-87.801039, 41.776221], [-87.804362, 41.772386], [-87.804527, 41.772506], [-87.805849, 41.772387], [-87.805692, 41.774432], [-87.812039, 41.774378], [-87.81225, 41.774584], [-87.815347, 41.77508], [-87.814716, 41.775946], [-87.815826, 41.776456], [-87.816406, 41.776931], [-87.820299, 41.776866], [-87.820407, 41.779077], [-87.820285, 41.779542], [-87.822166, 41.780813], [-87.826289, 41.783222]]]}}, {"type": "Feature", "properties": {"tract_fips": "17031820902"}, "geometry": {"type": "Polygon", "coordinates": [[[-87.769405, 41.752327], [-87.760893, 41.752488], [-87.761073, 41.759881], [-87.741758, 41.76015], [-87.741358, 41.749147], [-87.769308, 41.748656], [-87.769405, 41.752327]]]}}, {"type": "Feature", "properties": {"tract_fips": "17031821001"}, "geometry": {"type": "Polygon", "coordinates": [[[-87.799744, 41.748134], [-87.780238, 41.748474], [-87.779966, 41.74115], [-87.789689, 41.740974], [-87.789393, 41.733672], [-87.799102, 41.7335], [-87.799744, 41.748134]]]}}, {"type": "Feature", "properties": {"tract_fips": "17031827805"}, "geometry": {"type": "Polygon", "coordinates": [[[-87.616896, 41.585863], [-87.617016, 41.595614], [-87.602718, 41.586325], [-87.583721, 41.586471], [-87.583765, 41.583981], [-87.583614, 41.582931], [-87.583363, 41.582078], [-87.582157, 41.579582], [-87.581954, 41.577821], [-87.587911, 41.577714], [-87.591602, 41.577834], [-87.594965, 41.578215], [-87.595017, 41.578032], [-87.604556, 41.57929], [-87.612057, 41.579375], [-87.61212, 41.58137], [-87.614982, 41.581389], [-87.615136, 41.583668], [-87.616896, 41.585863]]]}}, {"type": "Feature", "properties": {"tract_fips": "17031828000"}, "geometry": {"type": "Polygon", "coordinates": [[[-87.558857, 41.577619], [-87.550848, 41.577633], [-87.548264, 41.577699], [-87.548204, 41.577852], [-87.531639, 41.577886], [-87.528392, 41.577678], [-87.525787, 41.57724], [-87.525281, 41.577107], [-87.525304, 41.570277], [-87.52535, 41.570094], [-87.539347, 41.570107], [-87.539345, 41.569799], [-87.541667, 41.572024], [-87.5421, 41.57202], [-87.541789, 41.571674], [-87.541751, 41.564787], [-87.549005, 41.56473], [-87.549089, 41.571975], [-87.558834, 41.571951], [-87.558857, 41.577619]]]}}, {"type": "Feature", "properties": {"tract_fips": "17031828100"}, "geometry": {"type": "Polygon", "coordinates": [[[-87.549005, 41.56473], [-87.541751, 41.564787], [-87.541789, 41.571674], [-87.5421, 41.57202], [-87.541667, 41.572024], [-87.539345, 41.569799], [-87.539347, 41.570107], [-87.52535, 41.570094], [-87.525304, 41.570277], [-87.525417, 41.557543], [-87.545972, 41.557498], [-87.547791, 41.558312], [-87.547811, 41.562922], [-87.548972, 41.562918], [-87.549005, 41.56473]]]}}, {"type": "Feature", "properties": {"tract_fips": "17031828202"}, "geometry": {"type": "Polygon", "coordinates": [[[-87.583692, 41.557472], [-87.583701, 41.564728], [-87.549005, 41.56473], [-87.548972, 41.562918], [-87.547811, 41.562922], [-87.547791, 41.558312], [-87.545972, 41.557498], [-87.583692, 41.557472]]]}}, {"type": "Feature", "properties": {"tract_fips": "17031410700"}, "geometry": {"type": "Polygon", "coordinates": [[[-87.596677, 41.800923], [-87.591821, 41.800976], [-87.591695, 41.795509], [-87.592599, 41.795174], [-87.596544, 41.795066], [-87.596677, 41.800923]]]}}, {"type": "Feature", "properties": {"tract_fips": "17031410800"}, "geometry": {"type": "Polygon", "coordinates": [[[-87.593349, 41.795111], [-87.592515, 41.795194], [-87.591695, 41.795509], [-87.591821, 41.800976], [-87.587497, 41.801029], [-87.58724, 41.798323], [-87.587507, 41.795185], [-87.589259, 41.79537], [-87.58931, 41.794924], [-87.590071, 41.794795], [-87.591943, 41.79479], [-87.592485, 41.795049], [-87.593349, 41.795111]]]}}, {"type": "Feature", "properties": {"tract_fips": "17031829000"}, "geometry": {"type": "Polygon", "coordinates": [[[-87.63513, 41.502505], [-87.633794, 41.505889], [-87.623997, 41.520714], [-87.616353, 41.520756], [-87.616177, 41.502564], [-87.63513, 41.502505]]]}}, {"type": "Feature", "properties": {"tract_fips": "17031410900"}, "geometry": {"type": "Polygon", "coordinates": [[[-87.587507, 41.795185], [-87.587248, 41.797843], [-87.58731, 41.799564], [-87.581896, 41.799665], [-87.581654, 41.799795], [-87.581571, 41.800622], [-87.566822, 41.80079], [-87.566651, 41.795509], [-87.575521, 41.795392], [-87.576063, 41.795161], [-87.579926, 41.795288], [-87.587507, 41.795185]]]}}, {"type": "Feature", "properties": {"tract_fips": "17031411000"}, "geometry": {"type": "Polygon", "coordinates": [[[-87.589112, 41.787956], [-87.58897, 41.78872], [-87.589033, 41.791483], [-87.58831, 41.791541], [-87.587507, 41.795185], [-87.579926, 41.795288], [-87.576063, 41.795161], [-87.575521, 41.795392], [-87.566651, 41.795509], [-87.56441, 41.786663], [-87.583498, 41.785923], [-87.584997, 41.786233], [-87.586595, 41.786143], [-87.586635, 41.787901], [-87.589112, 41.787956]]]}}, {"type": "Feature", "properties": {"tract_fips": "17031411100"}, "geometry": {"type": "Polygon", "coordinates": [[[-87.591676, 41.794784], [-87.58955, 41.794817], [-87.589226, 41.794993], [-87.589259, 41.79537], [-87.587507, 41.795185], [-87.58831, 41.791541], [-87.589033, 41.791483], [-87.58897, 41.78872], [-87.589128, 41.787876], [-87.586635, 41.787901], [-87.586595, 41.786143], [-87.591475, 41.786096], [-87.591676, 41.794784]]]}}, {"type": "Feature", "properties": {"tract_fips": "17031411200"}, "geometry": {"type": "Polygon", "coordinates": [[[-87.596544, 41.795066], [-87.593349, 41.795111], [-87.592485, 41.795049], [-87.591676, 41.794784], [-87.591475, 41.786096], [-87.596332, 41.786014], [-87.596544, 41.795066]]]}}, {"type": "Feature", "properties": {"tract_fips": "17031460400"}, "geometry": {"type": "Polygon", "coordinates": [[[-87.566233, 41.751728], [-87.561386, 41.751795], [-87.561154, 41.737259], [-87.565701, 41.737198], [-87.566028, 41.737433], [-87.566233, 41.751728]]]}}, {"type": "Feature", "properties": {"tract_fips": "17031460500"}, "geometry": {"type": "Polygon", "coordinates": [[[-87.585596, 41.751509], [-87.566233, 41.751728], [-87.566028, 41.737433], [-87.578249, 41.74623], [-87.585596, 41.751509]]]}}, {"type": "Feature", "properties": {"tract_fips": "17031461000"}, "geometry": {"type": "Polygon", "coordinates": [[[-87.555603, 41.729971], [-87.541497, 41.730201], [-87.541483, 41.729725], [-87.540583, 41.730524], [-87.5398, 41.730036], [-87.539813, 41.72932], [-87.539326, 41.728639], [-87.54133, 41.727419], [-87.542177, 41.726385], [-87.542925, 41.723906], [-87.542919, 41.72286], [-87.545677, 41.722821], [-87.555603, 41.729971]]]}}, {"type": "Feature", "properties": {"tract_fips": "17031829200"}, "geometry": {"type": "Polygon", "coordinates": [[[-87.655028, 41.520545], [-87.64418, 41.52061], [-87.642381, 41.514038], [-87.641363, 41.508738], [-87.640118, 41.499024], [-87.654944, 41.499034], [-87.655028, 41.520545]]]}}, {"type": "Feature", "properties": {"tract_fips": "17031829301"}, "geometry": {"type": "Polygon", "coordinates": [[[-87.674534, 41.527892], [-87.656729, 41.527843], [-87.655074, 41.526915], [-87.654925, 41.506012], [-87.664596, 41.506017], [-87.664666, 41.51328], [-87.674388, 41.513291], [-87.674534, 41.527892]]]}}, {"type": "Feature", "properties": {"tract_fips": "17031829302"}, "geometry": {"type": "Polygon", "coordinates": [[[-87.674388, 41.513291], [-87.664666, 41.51328], [-87.664596, 41.506017], [-87.654925, 41.506012], [-87.654944, 41.499034], [-87.6743, 41.499029], [-87.674388, 41.513291]]]}}, {"type": "Feature", "properties": {"tract_fips": "17031829401"}, "geometry": {"type": "Polygon", "coordinates": [[[-87.6743, 41.499029], [-87.645177, 41.498945], [-87.645159, 41.494899], [-87.674274, 41.494937], [-87.6743, 41.499029]]]}}, {"type": "Feature", "properties": {"tract_fips": "17031805202"}, "geometry": {"type": "Polygon", "coordinates": [[[-87.825579, 42.05488], [-87.825504, 42.06171], [-87.817944, 42.061859], [-87.816694, 42.062318], [-87.81531, 42.062355], [-87.816754, 42.065666], [-87.805886, 42.065586], [-87.806045, 42.055203], [-87.825579, 42.05488]]]}}, {"type": "Feature", "properties": {"tract_fips": "17031805301"}, "geometry": {"type": "Polygon", "coordinates": [[[-87.825877, 42.040333], [-87.825644, 42.051693], [-87.815902, 42.04964], [-87.815938, 42.047877], [-87.816376, 42.047823], [-87.8165, 42.042329], [-87.80624, 42.042626], [-87.806283, 42.040816], [-87.825877, 42.040333]]]}}, {"type": "Feature", "properties": {"tract_fips": "17031805302"}, "geometry": {"type": "Polygon", "coordinates": [[[-87.825644, 42.051693], [-87.825579, 42.05488], [-87.806045, 42.055203], [-87.80624, 42.042626], [-87.8165, 42.042329], [-87.816376, 42.047823], [-87.815938, 42.047877], [-87.815902, 42.04964], [-87.825644, 42.051693]]]}}, {"type": "Feature", "properties": {"tract_fips": "17031805401"}, "geometry": {"type": "Polygon", "coordinates": [[[-87.835798, 42.025577], [-87.835672, 42.040114], [-87.816087, 42.040575], [-87.816223, 42.029646], [-87.817316, 42.029613], [-87.816126, 42.028322], [-87.816239, 42.028194], [-87.816269, 42.025993], [-87.835798, 42.025577]]]}}, {"type": "Feature", "properties": {"tract_fips": "17031770400"}, "geometry": {"type": "Polygon", "coordinates": [[[-87.991603, 42.017723], [-87.989142, 42.020505], [-87.98865, 42.021429], [-87.988454, 42.022277], [-87.988321, 42.02526], [-87.98785, 42.027207], [-87.986078, 42.031332], [-87.985106, 42.034406], [-87.983854, 42.040517], [-87.976233, 42.03688], [-87.972682, 42.034646], [-87.969487, 42.032271], [-87.969148, 42.032632], [-87.965581, 42.029987], [-87.96597, 42.029644], [-87.959935, 42.02516], [-87.95964, 42.011433], [-87.966697, 42.011429], [-87.975016, 42.014316], [-87.991603, 42.017723]]]}}, {"type": "Feature", "properties": {"tract_fips": "17031800100"}, "geometry": {"type": "Polygon", "coordinates": [[[-87.772315, 42.152362], [-87.758876, 42.152252], [-87.75877, 42.152374], [-87.748454, 42.15286], [-87.725967, 42.125012], [-87.739189, 42.125011], [-87.739694, 42.125581], [-87.73951, 42.125664], [-87.740691, 42.126739], [-87.74089, 42.127008], [-87.740713, 42.127091], [-87.741116, 42.127494], [-87.740935, 42.124549], [-87.741729, 42.124187], [-87.741768, 42.122661], [-87.74153, 42.119326], [-87.744451, 42.119335], [-87.772315, 42.152362]]]}}, {"type": "Feature", "properties": {"tract_fips": "17031800300"}, "geometry": {"type": "Polygon", "coordinates": [[[-87.770709, 42.108632], [-87.770376, 42.119737], [-87.762228, 42.119527], [-87.760721, 42.119764], [-87.760715, 42.119615], [-87.760439, 42.119603], [-87.760451, 42.119746], [-87.758328, 42.119686], [-87.758328, 42.11952], [-87.758106, 42.119515], [-87.758112, 42.119692], [-87.756401, 42.119673], [-87.756398, 42.119476], [-87.756165, 42.119472], [-87.756162, 42.119669], [-87.751296, 42.119643], [-87.751298, 42.119522], [-87.74886, 42.119429], [-87.746312, 42.119538], [-87.745923, 42.119442], [-87.745651, 42.119114], [-87.744977, 42.119431], [-87.744451, 42.119335], [-87.735258, 42.10836], [-87.735918, 42.108251], [-87.75146, 42.108452], [-87.751473, 42.104816], [-87.756362, 42.104827], [-87.761074, 42.105032], [-87.761041, 42.108634], [-87.761693, 42.108513], [-87.765962, 42.108727], [-87.770563, 42.108627], [-87.770709, 42.108632]]]}}, {"type": "Feature", "properties": {"tract_fips": "17031812900"}, "geometry": {"type": "Polygon", "coordinates": [[[-87.80472, 41.879641], [-87.786923, 41.87993], [-87.786674, 41.872585], [-87.78911, 41.872554], [-87.789104, 41.872369], [-87.791002, 41.8724], [-87.80451, 41.873801], [-87.80472, 41.879641]]]}}, {"type": "Feature", "properties": {"tract_fips": "17031813000"}, "geometry": {"type": "Polygon", "coordinates": [[[-87.786923, 41.87993], [-87.774658, 41.880151], [-87.774409, 41.872771], [-87.786674, 41.872585], [-87.786923, 41.87993]]]}}, {"type": "Feature", "properties": {"tract_fips": "17031813100"}, "geometry": {"type": "Polygon", "coordinates": [[[-87.78911, 41.872554], [-87.774409, 41.872771], [-87.774139, 41.865459], [-87.788858, 41.865243], [-87.78911, 41.872554]]]}}, {"type": "Feature", "properties": {"tract_fips": "17031800500"}, "geometry": {"type": "Polygon", "coordinates": [[[-87.756362, 42.097528], [-87.756362, 42.104827], [-87.751473, 42.104816], [-87.75146, 42.108452], [-87.735918, 42.108251], [-87.735258, 42.10836], [-87.7214, 42.091837], [-87.720818, 42.090997], [-87.721323, 42.091144], [-87.720377, 42.09001], [-87.722309, 42.089499], [-87.722964, 42.089476], [-87.722942, 42.091418], [-87.723214, 42.09179], [-87.726016, 42.09181], [-87.726685, 42.093636], [-87.733435, 42.093808], [-87.733722, 42.094825], [-87.73645, 42.093758], [-87.751555, 42.093948], [-87.751521, 42.099429], [-87.752643, 42.099429], [-87.752895, 42.097429], [-87.756362, 42.097528]]]}}, {"type": "Feature", "properties": {"tract_fips": "17031821101"}, "geometry": {"type": "Polygon", "coordinates": [[[-87.77495, 41.737158], [-87.760729, 41.746761], [-87.760535, 41.741493], [-87.750818, 41.741667], [-87.75056, 41.73436], [-87.774826, 41.733936], [-87.77495, 41.737158]]]}}, {"type": "Feature", "properties": {"tract_fips": "17031821102"}, "geometry": {"type": "Polygon", "coordinates": [[[-87.760799, 41.748804], [-87.741358, 41.749147], [-87.740933, 41.736865], [-87.741067, 41.734524], [-87.75056, 41.73436], [-87.750818, 41.741667], [-87.760535, 41.741493], [-87.760799, 41.748804]]]}}, {"type": "Feature", "properties": {"tract_fips": "17031821300"}, "geometry": {"type": "Polygon", "coordinates": [[[-87.680008, 41.651508], [-87.679899, 41.652791], [-87.672819, 41.658785], [-87.670513, 41.66096], [-87.668171, 41.662813], [-87.665753, 41.662859], [-87.665609, 41.659267], [-87.66313, 41.659384], [-87.663173, 41.657806], [-87.660742, 41.658584], [-87.660608, 41.655107], [-87.656596, 41.655496], [-87.650564, 41.655769], [-87.651881, 41.65526], [-87.653512, 41.6539], [-87.654697, 41.653177], [-87.656738, 41.652533], [-87.659898, 41.652043], [-87.66389, 41.650381], [-87.667808, 41.649579], [-87.669049, 41.648973], [-87.669587, 41.648239], [-87.67975, 41.648193], [-87.680008, 41.651508]]]}}, {"type": "Feature", "properties": {"tract_fips": "17031821002"}, "geometry": {"type": "Polygon", "coordinates": [[[-87.789689, 41.740974], [-87.779966, 41.74115], [-87.780238, 41.748474], [-87.760799, 41.748804], [-87.760729, 41.746761], [-87.77495, 41.737158], [-87.774826, 41.733936], [-87.789393, 41.733672], [-87.789689, 41.740974]]]}}, {"type": "Feature", "properties": {"tract_fips": "17031828401"}, "geometry": {"type": "Polygon", "coordinates": [[[-87.675094, 41.579107], [-87.673896, 41.578724], [-87.674274, 41.57847], [-87.673639, 41.578303], [-87.672043, 41.578038], [-87.670081, 41.577958], [-87.665526, 41.578014], [-87.665532, 41.579025], [-87.653447, 41.579083], [-87.653601, 41.578695], [-87.654875, 41.578515], [-87.655852, 41.577046], [-87.65572, 41.561428], [-87.655559, 41.561304], [-87.655534, 41.560799], [-87.655743, 41.560682], [-87.655727, 41.557308], [-87.674847, 41.557205], [-87.674674, 41.558562], [-87.675021, 41.571099], [-87.674854, 41.575293], [-87.675094, 41.579107]]]}}, {"type": "Feature", "properties": {"tract_fips": "17031828402"}, "geometry": {"type": "Polygon", "coordinates": [[[-87.655856, 41.575208], [-87.655738, 41.577339], [-87.654807, 41.578568], [-87.653601, 41.578695], [-87.653447, 41.579083], [-87.639221, 41.579225], [-87.638194, 41.579606], [-87.6375, 41.58013], [-87.636969, 41.580988], [-87.636876, 41.582246], [-87.636384, 41.582342], [-87.636079, 41.557399], [-87.655727, 41.557308], [-87.655743, 41.560682], [-87.655534, 41.560799], [-87.655559, 41.561304], [-87.65572, 41.561428], [-87.655856, 41.575208]]]}}, {"type": "Feature", "properties": {"tract_fips": "17031561000"}, "geometry": {"type": "Polygon", "coordinates": [[[-87.801528, 41.791939], [-87.781806, 41.792349], [-87.781539, 41.785011], [-87.801216, 41.784688], [-87.801528, 41.791939]]]}}, {"type": "Feature", "properties": {"tract_fips": "17031100200"}, "geometry": {"type": "Polygon", "coordinates": [[[-87.806808, 41.996083], [-87.80675, 42.001505], [-87.799814, 42.001529], [-87.799481, 41.999985], [-87.797126, 42.000005], [-87.797124, 42.00094], [-87.791166, 42.00098], [-87.790766, 42.000531], [-87.790205, 42.000753], [-87.788703, 42.000072], [-87.788548, 41.999857], [-87.787874, 41.999681], [-87.786704, 41.999816], [-87.785518, 41.999698], [-87.784262, 42.000233], [-87.783119, 42.000084], [-87.782823, 42.000398], [-87.782267, 42.002118], [-87.781744, 42.002785], [-87.781421, 42.002936], [-87.780651, 42.002706], [-87.780176, 42.001455], [-87.77995, 41.99908], [-87.779974, 41.997414], [-87.787443, 41.997356], [-87.787693, 41.985266], [-87.806808, 41.996083]]]}}, {"type": "Feature", "properties": {"tract_fips": "17031804805"}, "geometry": {"type": "Polygon", "coordinates": [[[-88.144752, 42.011005], [-88.14468, 42.024752], [-88.109938, 42.026204], [-88.109903, 42.023892], [-88.109439, 42.022694], [-88.109432, 42.019442], [-88.110211, 42.017708], [-88.111745, 42.017755], [-88.112887, 42.018059], [-88.114137, 42.018015], [-88.117202, 42.01718], [-88.119187, 42.017161], [-88.119189, 42.016691], [-88.119461, 42.016689], [-88.119925, 42.016818], [-88.121004, 42.017504], [-88.121859, 42.017776], [-88.124657, 42.017803], [-88.125445, 42.017553], [-88.127086, 42.01655], [-88.12855, 42.016136], [-88.128275, 42.015321], [-88.128244, 42.014485], [-88.130678, 42.014347], [-88.133795, 42.012847], [-88.139883, 42.012156], [-88.144392, 42.011003], [-88.144752, 42.011005]]]}}, {"type": "Feature", "properties": {"tract_fips": "17031020200"}, "geometry": {"type": "Polygon", "coordinates": [[[-87.709057, 42.011861], [-87.709021, 42.013401], [-87.708771, 42.014512], [-87.708662, 42.019144], [-87.690174, 42.019528], [-87.690247, 42.01228], [-87.709057, 42.011861]]]}}, {"type": "Feature", "properties": {"tract_fips": "17031420100"}, "geometry": {"type": "Polygon", "coordinates": [[[-87.591529, 41.780634], [-87.591373, 41.781279], [-87.591407, 41.783277], [-87.59029, 41.783353], [-87.590195, 41.784734], [-87.590342, 41.786106], [-87.585174, 41.786243], [-87.583498, 41.785923], [-87.579529, 41.785992], [-87.56441, 41.786663], [-87.56301, 41.781232], [-87.569547, 41.78121], [-87.571401, 41.780726], [-87.572047, 41.780834], [-87.572847, 41.780634], [-87.573844, 41.780814], [-87.575348, 41.781585], [-87.575817, 41.781389], [-87.575235, 41.780714], [-87.576717, 41.780602], [-87.579498, 41.779757], [-87.580393, 41.779759], [-87.582361, 41.780411], [-87.584778, 41.780643], [-87.591529, 41.780634]]]}}, {"type": "Feature", "properties": {"tract_fips": "17031420200"}, "geometry": {"type": "Polygon", "coordinates": [[[-87.596332, 41.786014], [-87.590342, 41.786106], [-87.590195, 41.784734], [-87.59029, 41.783353], [-87.591407, 41.783277], [-87.591373, 41.781279], [-87.591528, 41.780566], [-87.596204, 41.780522], [-87.596332, 41.786014]]]}}, {"type": "Feature", "properties": {"tract_fips": "17031420400"}, "geometry": {"type": "Polygon", "coordinates": [[[-87.60593, 41.78041], [-87.606037, 41.785874], [-87.601191, 41.785928], [-87.601068, 41.780468], [-87.60593, 41.78041]]]}}, {"type": "Feature", "properties": {"tract_fips": "17031420700"}, "geometry": {"type": "Polygon", "coordinates": [[[-87.615622, 41.780239], [-87.60593, 41.78041], [-87.605769, 41.773141], [-87.61545, 41.77297], [-87.615622, 41.780239]]]}}, {"type": "Feature", "properties": {"tract_fips": "17031805402"}, "geometry": {"type": "Polygon", "coordinates": [[[-87.817257, 42.02961], [-87.816223, 42.029646], [-87.816087, 42.040575], [-87.806283, 42.040816], [-87.806547, 42.018965], [-87.816327, 42.018749], [-87.816242, 42.028085], [-87.816126, 42.028322], [-87.817257, 42.02961]]]}}, {"type": "Feature", "properties": {"tract_fips": "17031805501"}, "geometry": {"type": "Polygon", "coordinates": [[[-87.850389, 42.022762], [-87.849357, 42.023718], [-87.849596, 42.023868], [-87.849521, 42.025186], [-87.829521, 42.025722], [-87.829564, 42.010808], [-87.830828, 42.009629], [-87.850304, 42.020627], [-87.850389, 42.022762]]]}}, {"type": "Feature", "properties": {"tract_fips": "17031829600"}, "geometry": {"type": "Polygon", "coordinates": [[[-87.644979, 41.469768], [-87.644922, 41.476989], [-87.62075, 41.477092], [-87.620716, 41.475184], [-87.621572, 41.47519], [-87.621549, 41.473466], [-87.621405, 41.473371], [-87.621399, 41.471094], [-87.6208, 41.471049], [-87.620411, 41.469833], [-87.644979, 41.469768]]]}}, {"type": "Feature", "properties": {"tract_fips": "17031420800"}, "geometry": {"type": "Polygon", "coordinates": [[[-87.60593, 41.78041], [-87.600459, 41.780475], [-87.600374, 41.776836], [-87.600983, 41.77683], [-87.600902, 41.773188], [-87.605769, 41.773141], [-87.60593, 41.78041]]]}}, {"type": "Feature", "properties": {"tract_fips": "17031470100"}, "geometry": {"type": "Polygon", "coordinates": [[[-87.604482, 41.722044], [-87.604507, 41.723596], [-87.603606, 41.723396], [-87.603079, 41.725729], [-87.603354, 41.725724], [-87.60293, 41.727556], [-87.603273, 41.727551], [-87.602019, 41.733031], [-87.601404, 41.733078], [-87.600545, 41.736708], [-87.595308, 41.736783], [-87.592797, 41.733159], [-87.589493, 41.727712], [-87.587558, 41.723424], [-87.586639, 41.722323], [-87.604482, 41.722044]]]}}, {"type": "Feature", "properties": {"tract_fips": "17031480100"}, "geometry": {"type": "Polygon", "coordinates": [[[-87.585637, 41.736913], [-87.565997, 41.737193], [-87.565914, 41.733542], [-87.585567, 41.733281], [-87.585637, 41.736913]]]}}, {"type": "Feature", "properties": {"tract_fips": "17031480200"}, "geometry": {"type": "Polygon", "coordinates": [[[-87.59526, 41.736784], [-87.585637, 41.736913], [-87.585567, 41.733281], [-87.592525, 41.733175], [-87.592768, 41.73331], [-87.592797, 41.733159], [-87.594829, 41.735934], [-87.59526, 41.736784]]]}}, {"type": "Feature", "properties": {"tract_fips": "17031480300"}, "geometry": {"type": "Polygon", "coordinates": [[[-87.592768, 41.73331], [-87.592525, 41.733175], [-87.585567, 41.733281], [-87.585395, 41.725111], [-87.585144, 41.723296], [-87.587452, 41.723266], [-87.588823, 41.726467], [-87.592797, 41.733159], [-87.592768, 41.73331]]]}}, {"type": "Feature", "properties": {"tract_fips": "17031480400"}, "geometry": {"type": "Polygon", "coordinates": [[[-87.585567, 41.733281], [-87.565914, 41.733542], [-87.565631, 41.723858], [-87.568422, 41.723549], [-87.585144, 41.723296], [-87.585395, 41.725111], [-87.585567, 41.733281]]]}}, {"type": "Feature", "properties": {"tract_fips": "17031805502"}, "geometry": {"type": "Polygon", "coordinates": [[[-87.830798, 42.009656], [-87.829517, 42.010904], [-87.829521, 42.025722], [-87.816269, 42.025993], [-87.816327, 42.018749], [-87.821213, 42.01864], [-87.821224, 42.015521], [-87.820066, 42.015546], [-87.820078, 42.012294], [-87.820017, 42.011935], [-87.819741, 42.011934], [-87.819731, 42.011384], [-87.821253, 42.011357], [-87.821318, 42.007354], [-87.821116, 42.007225], [-87.821553, 42.006845], [-87.821319, 42.006697], [-87.82132, 42.006319], [-87.821495, 42.006159], [-87.821321, 42.006049], [-87.821325, 42.004254], [-87.830798, 42.009656]]]}}, {"type": "Feature", "properties": {"tract_fips": "17031805600"}, "geometry": {"type": "Polygon", "coordinates": [[[-87.839608, 41.996377], [-87.839594, 41.998788], [-87.8392, 41.99939], [-87.839125, 42.007348], [-87.835893, 42.007431], [-87.835859, 42.011008], [-87.833375, 42.011069], [-87.821325, 42.004254], [-87.821414, 41.996851], [-87.839608, 41.996377]]]}}, {"type": "Feature", "properties": {"tract_fips": "17031830001"}, "geometry": {"type": "Polygon", "coordinates": [[[-87.79031, 41.491782], [-87.790317, 41.499036], [-87.770972, 41.499013], [-87.770979, 41.500523], [-87.77042, 41.500516], [-87.768179, 41.499372], [-87.767589, 41.499242], [-87.767419, 41.499009], [-87.751634, 41.499016], [-87.751636, 41.494705], [-87.748589, 41.49471], [-87.748592, 41.492882], [-87.74929, 41.492746], [-87.750362, 41.491957], [-87.751625, 41.491941], [-87.751624, 41.491792], [-87.79031, 41.491782]]]}}, {"type": "Feature", "properties": {"tract_fips": "17031830006"}, "geometry": {"type": "Polygon", "coordinates": [[[-87.75165, 41.506145], [-87.715105, 41.506095], [-87.709355, 41.506221], [-87.698161, 41.506164], [-87.701845, 41.499231], [-87.707125, 41.499031], [-87.713073, 41.499032], [-87.713023, 41.494532], [-87.721705, 41.491982], [-87.723756, 41.49179], [-87.72973, 41.491748], [-87.751624, 41.491792], [-87.751625, 41.491941], [-87.750362, 41.491957], [-87.74929, 41.492746], [-87.748592, 41.492882], [-87.748589, 41.49471], [-87.751636, 41.494705], [-87.75165, 41.506145]]]}}, {"type": "Feature", "properties": {"tract_fips": "17031650400"}, "geometry": {"type": "Polygon", "coordinates": [[[-87.722576, 41.771374], [-87.712724, 41.771522], [-87.71233, 41.757192], [-87.714096, 41.757756], [-87.716222, 41.758886], [-87.722261, 41.761571], [-87.722576, 41.771374]]]}}, {"type": "Feature", "properties": {"tract_fips": "17031650500"}, "geometry": {"type": "Polygon", "coordinates": [[[-87.742055, 41.771129], [-87.722576, 41.771374], [-87.72204, 41.753374], [-87.734101, 41.753032], [-87.735185, 41.753077], [-87.735192, 41.75319], [-87.739119, 41.753118], [-87.741496, 41.753292], [-87.741899, 41.764299], [-87.741793, 41.767001], [-87.742055, 41.771129]]]}}, {"type": "Feature", "properties": {"tract_fips": "17031660400"}, "geometry": {"type": "Polygon", "coordinates": [[[-87.712726, 41.778832], [-87.712897, 41.786097], [-87.703349, 41.786248], [-87.703137, 41.778973], [-87.712726, 41.778832]]]}}, {"type": "Feature", "properties": {"tract_fips": "17031800600"}, "geometry": {"type": "Polygon", "coordinates": [[[-87.726016, 42.09181], [-87.723214, 42.09179], [-87.722942, 42.091418], [-87.722964, 42.089476], [-87.721973, 42.089574], [-87.720377, 42.09001], [-87.721323, 42.091144], [-87.720818, 42.090997], [-87.721488, 42.091839], [-87.717508, 42.091704], [-87.717479, 42.093524], [-87.713098, 42.09347], [-87.710799, 42.095445], [-87.707072, 42.093042], [-87.705929, 42.091763], [-87.703865, 42.090583], [-87.703887, 42.090446], [-87.703481, 42.090084], [-87.702761, 42.089666], [-87.702823, 42.085926], [-87.712668, 42.086163], [-87.712692, 42.084838], [-87.717586, 42.084899], [-87.717585, 42.082576], [-87.722599, 42.082723], [-87.726016, 42.09181]]]}}, {"type": "Feature", "properties": {"tract_fips": "17031801000"}, "geometry": {"type": "Polygon", "coordinates": [[[-87.749142, 42.072155], [-87.742137, 42.072058], [-87.742023, 42.079295], [-87.722516, 42.079057], [-87.722625, 42.070857], [-87.722806, 42.070263], [-87.723655, 42.069131], [-87.729104, 42.069112], [-87.729163, 42.069618], [-87.732352, 42.068915], [-87.73242, 42.064666], [-87.744863, 42.064837], [-87.746616, 42.06473], [-87.746573, 42.066667], [-87.746782, 42.068001], [-87.747332, 42.069309], [-87.749142, 42.072155]]]}}, {"type": "Feature", "properties": {"tract_fips": "17031801100"}, "geometry": {"type": "Polygon", "coordinates": [[[-87.723655, 42.069131], [-87.722757, 42.070342], [-87.722625, 42.070857], [-87.722479, 42.081953], [-87.722599, 42.082723], [-87.717585, 42.082576], [-87.717586, 42.084899], [-87.715736, 42.084971], [-87.702239, 42.068947], [-87.723655, 42.069131]]]}}, {"type": "Feature", "properties": {"tract_fips": "17031801200"}, "geometry": {"type": "Polygon", "coordinates": [[[-87.715736, 42.084971], [-87.712692, 42.084838], [-87.712668, 42.086163], [-87.702823, 42.085926], [-87.702761, 42.089666], [-87.703481, 42.090084], [-87.703887, 42.090446], [-87.703865, 42.090583], [-87.705929, 42.091763], [-87.707072, 42.093042], [-87.710799, 42.095445], [-87.708208, 42.097838], [-87.703526, 42.101725], [-87.6973, 42.096409], [-87.688002, 42.089931], [-87.683894, 42.087594], [-87.68107, 42.086209], [-87.673498, 42.083118], [-87.672388, 42.082608], [-87.671552, 42.081942], [-87.671163, 42.080899], [-87.671223, 42.079477], [-87.67183, 42.077287], [-87.671914, 42.076233], [-87.671718, 42.075018], [-87.671419, 42.073454], [-87.670528, 42.072275], [-87.669758, 42.071629], [-87.682752, 42.071695], [-87.682892, 42.073842], [-87.683254, 42.074751], [-87.684588, 42.075248], [-87.686518, 42.076309], [-87.687676, 42.076461], [-87.688004, 42.076664], [-87.688295, 42.076433], [-87.702915, 42.076601], [-87.702896, 42.081462], [-87.712887, 42.08154], [-87.715736, 42.084971]]]}}, {"type": "Feature", "properties": {"tract_fips": "17031811402"}, "geometry": {"type": "Polygon", "coordinates": [[[-87.884727, 41.930987], [-87.865303, 41.931357], [-87.864938, 41.922316], [-87.884335, 41.921938], [-87.884727, 41.930987]]]}}, {"type": "Feature", "properties": {"tract_fips": "17031813400"}, "geometry": {"type": "Polygon", "coordinates": [[[-87.772896, 41.865479], [-87.759409, 41.865678], [-87.759206, 41.858502], [-87.764105, 41.858355], [-87.764055, 41.856473], [-87.768967, 41.856404], [-87.768915, 41.85458], [-87.772597, 41.854526], [-87.772896, 41.865479]]]}}, {"type": "Feature", "properties": {"tract_fips": "17031813200"}, "geometry": {"type": "Polygon", "coordinates": [[[-87.80451, 41.873801], [-87.795072, 41.87274], [-87.789104, 41.872369], [-87.788858, 41.865243], [-87.804199, 41.86498], [-87.80451, 41.873801]]]}}, {"type": "Feature", "properties": {"tract_fips": "17031821401"}, "geometry": {"type": "Polygon", "coordinates": [[[-87.668171, 41.662813], [-87.659547, 41.670319], [-87.651411, 41.670393], [-87.651212, 41.663096], [-87.668171, 41.662813]]]}}, {"type": "Feature", "properties": {"tract_fips": "17031805702"}, "geometry": {"type": "Polygon", "coordinates": [[[-87.859792, 41.992605], [-87.859569, 41.993184], [-87.858728, 41.993967], [-87.858436, 41.994491], [-87.858572, 41.995119], [-87.859437, 41.995847], [-87.836476, 41.996457], [-87.836618, 41.986365], [-87.849537, 41.988299], [-87.85483, 41.98876], [-87.855851, 41.989057], [-87.856627, 41.989863], [-87.858957, 41.991086], [-87.859614, 41.99191], [-87.859792, 41.992605]]]}}, {"type": "Feature", "properties": {"tract_fips": "17031805802"}, "geometry": {"type": "Polygon", "coordinates": [[[-87.85528, 42.010454], [-87.85523, 42.024986], [-87.849521, 42.025186], [-87.849596, 42.023868], [-87.849357, 42.023718], [-87.850389, 42.022762], [-87.850304, 42.020627], [-87.833375, 42.011069], [-87.835859, 42.011008], [-87.835893, 42.007431], [-87.845598, 42.007139], [-87.845568, 42.010779], [-87.85528, 42.010454]]]}}, {"type": "Feature", "properties": {"tract_fips": "17031821402"}, "geometry": {"type": "Polygon", "coordinates": [[[-87.665753, 41.662859], [-87.651212, 41.663096], [-87.651411, 41.670393], [-87.64167, 41.670539], [-87.641423, 41.663246], [-87.647204, 41.663159], [-87.647002, 41.65698], [-87.650564, 41.655769], [-87.656596, 41.655496], [-87.660608, 41.655107], [-87.660742, 41.658584], [-87.663173, 41.657806], [-87.66313, 41.659384], [-87.665609, 41.659267], [-87.665753, 41.662859]]]}}, {"type": "Feature", "properties": {"tract_fips": "17031821600"}, "geometry": {"type": "Polygon", "coordinates": [[[-87.721734, 41.731319], [-87.721436, 41.734862], [-87.682514, 41.735525], [-87.682067, 41.72094], [-87.687034, 41.720894], [-87.687152, 41.724531], [-87.703812, 41.724413], [-87.707289, 41.727966], [-87.721654, 41.727788], [-87.721734, 41.731319]]]}}, {"type": "Feature", "properties": {"tract_fips": "17031821700"}, "geometry": {"type": "Polygon", "coordinates": [[[-87.721654, 41.727788], [-87.707289, 41.727966], [-87.703812, 41.724413], [-87.7117, 41.724269], [-87.711299, 41.711491], [-87.712562, 41.71151], [-87.712578, 41.713296], [-87.721125, 41.71317], [-87.721654, 41.727788]]]}}, {"type": "Feature", "properties": {"tract_fips": "17031290900"}, "geometry": {"type": "Polygon", "coordinates": [[[-87.739932, 41.86596], [-87.72517, 41.866172], [-87.724955, 41.858868], [-87.739767, 41.858654], [-87.739932, 41.86596]]]}}, {"type": "Feature", "properties": {"tract_fips": "17031291200"}, "geometry": {"type": "Polygon", "coordinates": [[[-87.715421, 41.86629], [-87.710543, 41.866349], [-87.710333, 41.859025], [-87.715206, 41.858974], [-87.715421, 41.86629]]]}}, {"type": "Feature", "properties": {"tract_fips": "17031421200"}, "geometry": {"type": "Polygon", "coordinates": [[[-87.61545, 41.77297], [-87.605769, 41.773141], [-87.605586, 41.765881], [-87.61545, 41.77297]]]}}, {"type": "Feature", "properties": {"tract_fips": "17031806001"}, "geometry": {"type": "Polygon", "coordinates": [[[-87.859945, 42.0612], [-87.859921, 42.065877], [-87.83994, 42.065789], [-87.840293, 42.063134], [-87.840349, 42.054552], [-87.856449, 42.054045], [-87.856436, 42.05594], [-87.857394, 42.05591], [-87.857378, 42.05753], [-87.854995, 42.057587], [-87.855028, 42.058674], [-87.855643, 42.058831], [-87.855653, 42.061236], [-87.855858, 42.061339], [-87.859945, 42.0612]]]}}, {"type": "Feature", "properties": {"tract_fips": "17031801300"}, "geometry": {"type": "Polygon", "coordinates": [[[-87.712887, 42.08154], [-87.702896, 42.081462], [-87.702915, 42.076601], [-87.688295, 42.076433], [-87.688004, 42.076664], [-87.687676, 42.076461], [-87.686518, 42.076309], [-87.684588, 42.075248], [-87.683478, 42.074916], [-87.683066, 42.074505], [-87.682756, 42.072041], [-87.682845, 42.069489], [-87.689216, 42.069649], [-87.68912, 42.068765], [-87.702239, 42.068947], [-87.712887, 42.08154]]]}}, {"type": "Feature", "properties": {"tract_fips": "17031801400"}, "geometry": {"type": "Polygon", "coordinates": [[[-87.771468, 42.065144], [-87.771246, 42.079703], [-87.764673, 42.079583], [-87.762362, 42.072228], [-87.759219, 42.072292], [-87.759261, 42.069064], [-87.758663, 42.069057], [-87.75867, 42.068359], [-87.757818, 42.068306], [-87.75748, 42.068107], [-87.756467, 42.06676], [-87.755609, 42.066105], [-87.755505, 42.065543], [-87.755741, 42.064959], [-87.771468, 42.065144]]]}}, {"type": "Feature", "properties": {"tract_fips": "17031801603"}, "geometry": {"type": "Polygon", "coordinates": [[[-87.890423, 42.10947], [-87.884223, 42.109506], [-87.882492, 42.109339], [-87.875496, 42.109199], [-87.873249, 42.108736], [-87.86814, 42.106661], [-87.868234, 42.092034], [-87.867985, 42.090282], [-87.86655, 42.085458], [-87.866213, 42.083251], [-87.866249, 42.081183], [-87.867504, 42.065898], [-87.888268, 42.065997], [-87.888262, 42.069192], [-87.887978, 42.072137], [-87.888074, 42.102126], [-87.887935, 42.105107], [-87.890423, 42.10947]]]}}, {"type": "Feature", "properties": {"tract_fips": "17031801701"}, "geometry": {"type": "Polygon", "coordinates": [[[-87.84886, 42.116596], [-87.848424, 42.138333], [-87.838692, 42.138277], [-87.839046, 42.126339], [-87.839035, 42.120192], [-87.832827, 42.120161], [-87.832465, 42.120026], [-87.832349, 42.119727], [-87.832398, 42.116495], [-87.84886, 42.116596]]]}}, {"type": "Feature", "properties": {"tract_fips": "17031806004"}, "geometry": {"type": "Polygon", "coordinates": [[[-87.847534, 42.039802], [-87.847514, 42.041561], [-87.847115, 42.042468], [-87.847125, 42.043474], [-87.845383, 42.043519], [-87.845366, 42.054449], [-87.825579, 42.05488], [-87.825877, 42.040333], [-87.847534, 42.039802]]]}}, {"type": "Feature", "properties": {"tract_fips": "17031806300"}, "geometry": {"type": "Polygon", "coordinates": [[[-87.913672, 42.037811], [-87.912868, 42.039758], [-87.91209, 42.040865], [-87.911183, 42.041853], [-87.909957, 42.042759], [-87.907389, 42.043986], [-87.899491, 42.046602], [-87.897317, 42.045625], [-87.894019, 42.036226], [-87.892616, 42.031294], [-87.909011, 42.030689], [-87.909019, 42.03799], [-87.913672, 42.037811]]]}}, {"type": "Feature", "properties": {"tract_fips": "17031806400"}, "geometry": {"type": "Polygon", "coordinates": [[[-87.892842, 42.032169], [-87.880954, 42.032634], [-87.88052, 42.031673], [-87.878118, 42.031694], [-87.87788, 42.031144], [-87.877115, 42.030327], [-87.875682, 42.029365], [-87.874771, 42.028319], [-87.874492, 42.027168], [-87.874867, 42.025043], [-87.877967, 42.024401], [-87.890562, 42.024052], [-87.892842, 42.032169]]]}}, {"type": "Feature", "properties": {"tract_fips": "17031806501"}, "geometry": {"type": "Polygon", "coordinates": [[[-87.894197, 42.00936], [-87.894432, 42.023924], [-87.890562, 42.024052], [-87.888794, 42.018637], [-87.885572, 42.009639], [-87.894197, 42.00936]]]}}, {"type": "Feature", "properties": {"tract_fips": "17031271500"}, "geometry": {"type": "Polygon", "coordinates": [[[-87.715658, 41.873568], [-87.710782, 41.873628], [-87.71066, 41.870004], [-87.715535, 41.869943], [-87.715658, 41.873568]]]}}, {"type": "Feature", "properties": {"tract_fips": "17031292200"}, "geometry": {"type": "Polygon", "coordinates": [[[-87.720066, 41.858921], [-87.710333, 41.859025], [-87.710256, 41.856271], [-87.719889, 41.852874], [-87.720066, 41.858921]]]}}, {"type": "Feature", "properties": {"tract_fips": "17031292400"}, "geometry": {"type": "Polygon", "coordinates": [[[-87.724955, 41.858868], [-87.720066, 41.858921], [-87.719872, 41.851607], [-87.723544, 41.851484], [-87.723588, 41.85166], [-87.724761, 41.851651], [-87.724955, 41.858868]]]}}, {"type": "Feature", "properties": {"tract_fips": "17031292500"}, "geometry": {"type": "Polygon", "coordinates": [[[-87.739767, 41.858654], [-87.724955, 41.858868], [-87.724761, 41.851651], [-87.739423, 41.851351], [-87.739767, 41.858654]]]}}, {"type": "Feature", "properties": {"tract_fips": "17031806700"}, "geometry": {"type": "Polygon", "coordinates": [[[-87.732451, 42.048005], [-87.732212, 42.061133], [-87.730598, 42.06248], [-87.727371, 42.062483], [-87.72747, 42.055256], [-87.715785, 42.055317], [-87.714903, 42.055087], [-87.710104, 42.05283], [-87.708856, 42.052429], [-87.709171, 42.049301], [-87.709605, 42.048203], [-87.732451, 42.048005]]]}}, {"type": "Feature", "properties": {"tract_fips": "17031806801"}, "geometry": {"type": "Polygon", "coordinates": [[[-87.746936, 42.047995], [-87.746616, 42.06473], [-87.744863, 42.064837], [-87.73242, 42.064666], [-87.732456, 42.062481], [-87.730598, 42.06248], [-87.732212, 42.061133], [-87.732451, 42.048005], [-87.746936, 42.047995]]]}}, {"type": "Feature", "properties": {"tract_fips": "17031806802"}, "geometry": {"type": "Polygon", "coordinates": [[[-87.747085, 42.040753], [-87.746936, 42.047995], [-87.732451, 42.048005], [-87.732612, 42.040762], [-87.747085, 42.040753]]]}}, {"type": "Feature", "properties": {"tract_fips": "17031806900"}, "geometry": {"type": "Polygon", "coordinates": [[[-87.770605, 42.063939], [-87.765961, 42.063929], [-87.765862, 42.065029], [-87.747762, 42.06491], [-87.746616, 42.06473], [-87.746936, 42.047995], [-87.763975, 42.048148], [-87.763756, 42.053198], [-87.763921, 42.055382], [-87.763654, 42.062636], [-87.769884, 42.062544], [-87.770605, 42.063939]]]}}, {"type": "Feature", "properties": {"tract_fips": "17031807000"}, "geometry": {"type": "Polygon", "coordinates": [[[-87.764178, 42.040906], [-87.763975, 42.048148], [-87.746936, 42.047995], [-87.747085, 42.040753], [-87.764178, 42.040906]]]}}, {"type": "Feature", "properties": {"tract_fips": "17031801901"}, "geometry": {"type": "Polygon", "coordinates": [[[-87.818949, 42.105546], [-87.798994, 42.105376], [-87.798082, 42.094484], [-87.790431, 42.094413], [-87.790571, 42.088281], [-87.798048, 42.088345], [-87.798453, 42.080013], [-87.808478, 42.08011], [-87.818949, 42.105546]]]}}, {"type": "Feature", "properties": {"tract_fips": "17031801902"}, "geometry": {"type": "Polygon", "coordinates": [[[-87.798453, 42.080013], [-87.798048, 42.088345], [-87.790571, 42.088281], [-87.790431, 42.094413], [-87.770668, 42.094135], [-87.770888, 42.093876], [-87.770762, 42.093536], [-87.770966, 42.092944], [-87.771158, 42.087991], [-87.771379, 42.08762], [-87.771062, 42.086921], [-87.771348, 42.080693], [-87.771246, 42.079703], [-87.798453, 42.080013]]]}}, {"type": "Feature", "properties": {"tract_fips": "17031802100"}, "geometry": {"type": "Polygon", "coordinates": [[[-87.821127, 42.077728], [-87.819092, 42.077758], [-87.817507, 42.077999], [-87.816518, 42.078512], [-87.815482, 42.079571], [-87.814547, 42.079941], [-87.812624, 42.080145], [-87.808478, 42.08011], [-87.800926, 42.065532], [-87.816754, 42.065666], [-87.819534, 42.072939], [-87.821127, 42.077728]]]}}, {"type": "Feature", "properties": {"tract_fips": "17031802200"}, "geometry": {"type": "Polygon", "coordinates": [[[-87.808388, 42.080109], [-87.771246, 42.079703], [-87.771468, 42.065144], [-87.785244, 42.065433], [-87.800926, 42.065532], [-87.808388, 42.080109]]]}}, {"type": "Feature", "properties": {"tract_fips": "17031271800"}, "geometry": {"type": "Polygon", "coordinates": [[[-87.701013, 41.873747], [-87.696101, 41.873794], [-87.695979, 41.869233], [-87.700869, 41.869189], [-87.701013, 41.873747]]]}}, {"type": "Feature", "properties": {"tract_fips": "17031280100"}, "geometry": {"type": "Polygon", "coordinates": [[[-87.647622, 41.889049], [-87.639356, 41.889081], [-87.638636, 41.887098], [-87.637685, 41.886456], [-87.638248, 41.881898], [-87.64736, 41.881778], [-87.647622, 41.889049]]]}}, {"type": "Feature", "properties": {"tract_fips": "17031280400"}, "geometry": {"type": "Polygon", "coordinates": [[[-87.676846, 41.88872], [-87.667069, 41.888852], [-87.666945, 41.883298], [-87.67669, 41.883147], [-87.676846, 41.88872]]]}}, {"type": "Feature", "properties": {"tract_fips": "17031300600"}, "geometry": {"type": "Polygon", "coordinates": [[[-87.719872, 41.851607], [-87.714999, 41.851663], [-87.714787, 41.844385], [-87.719674, 41.844317], [-87.719872, 41.851607]]]}}, {"type": "Feature", "properties": {"tract_fips": "17031300700"}, "geometry": {"type": "Polygon", "coordinates": [[[-87.714999, 41.851663], [-87.712562, 41.85169], [-87.711143, 41.851991], [-87.71089, 41.851645], [-87.710128, 41.851706], [-87.70991, 41.84445], [-87.714787, 41.844385], [-87.714999, 41.851663]]]}}, {"type": "Feature", "properties": {"tract_fips": "17031301100"}, "geometry": {"type": "Polygon", "coordinates": [[[-87.700364, 41.851838], [-87.699089, 41.851853], [-87.69898, 41.848157], [-87.698799, 41.847908], [-87.695134, 41.847882], [-87.69479, 41.847698], [-87.694661, 41.844701], [-87.698695, 41.844586], [-87.700137, 41.844252], [-87.700364, 41.851838]]]}}, {"type": "Feature", "properties": {"tract_fips": "17031301200"}, "geometry": {"type": "Polygon", "coordinates": [[[-87.695446, 41.851902], [-87.687952, 41.852009], [-87.687799, 41.846008], [-87.687615, 41.844794], [-87.694661, 41.844701], [-87.694758, 41.847635], [-87.694908, 41.847809], [-87.695333, 41.847883], [-87.695446, 41.851902]]]}}, {"type": "Feature", "properties": {"tract_fips": "17031480500"}, "geometry": {"type": "Polygon", "coordinates": [[[-87.565937, 41.737193], [-87.565701, 41.737198], [-87.545677, 41.722821], [-87.565592, 41.722642], [-87.565937, 41.737193]]]}}, {"type": "Feature", "properties": {"tract_fips": "17031490500"}, "geometry": {"type": "Polygon", "coordinates": [[[-87.62373, 41.721703], [-87.608095, 41.721995], [-87.603182, 41.722048], [-87.605189, 41.7133], [-87.605328, 41.713297], [-87.613944, 41.713162], [-87.613952, 41.713444], [-87.614401, 41.713437], [-87.61454, 41.713964], [-87.615217, 41.713821], [-87.617408, 41.713829], [-87.618688, 41.714039], [-87.620117, 41.714542], [-87.621675, 41.71557], [-87.622805, 41.716982], [-87.623624, 41.719417], [-87.62373, 41.721703]]]}}, {"type": "Feature", "properties": {"tract_fips": "17031520200"}, "geometry": {"type": "Polygon", "coordinates": [[[-87.545867, 41.702767], [-87.54546, 41.703728], [-87.545454, 41.707327], [-87.543008, 41.709803], [-87.541979, 41.711201], [-87.542212, 41.711056], [-87.542196, 41.713824], [-87.542539, 41.716002], [-87.542915, 41.7172], [-87.542715, 41.71756], [-87.543511, 41.719727], [-87.543268, 41.719826], [-87.542966, 41.721033], [-87.542919, 41.72286], [-87.536543, 41.722942], [-87.535286, 41.721398], [-87.535289, 41.708217], [-87.541339, 41.708192], [-87.541342, 41.702757], [-87.545867, 41.702767]]]}}, {"type": "Feature", "properties": {"tract_fips": "17031520300"}, "geometry": {"type": "Polygon", "coordinates": [[[-87.545197, 41.700885], [-87.543823, 41.702763], [-87.541342, 41.702757], [-87.541339, 41.708192], [-87.535289, 41.708217], [-87.535282, 41.695474], [-87.545161, 41.695463], [-87.545197, 41.700885]]]}}, {"type": "Feature", "properties": {"tract_fips": "17031520400"}, "geometry": {"type": "Polygon", "coordinates": [[[-87.535289, 41.708217], [-87.530451, 41.708223], [-87.530452, 41.706384], [-87.528467, 41.706404], [-87.526475, 41.704545], [-87.526528, 41.70269], [-87.524461, 41.70268], [-87.524564, 41.699036], [-87.535281, 41.699103], [-87.535289, 41.708217]]]}}, {"type": "Feature", "properties": {"tract_fips": "17031520500"}, "geometry": {"type": "Polygon", "coordinates": [[[-87.535258, 41.684401], [-87.535281, 41.699103], [-87.524564, 41.699036], [-87.52466, 41.691802], [-87.530349, 41.691826], [-87.53041, 41.684652], [-87.53164, 41.684416], [-87.535258, 41.684401]]]}}, {"type": "Feature", "properties": {"tract_fips": "17031520600"}, "geometry": {"type": "Polygon", "coordinates": [[[-87.545129, 41.682733], [-87.545161, 41.695463], [-87.535282, 41.695474], [-87.535258, 41.684401], [-87.540129, 41.684452], [-87.540117, 41.682796], [-87.545129, 41.682733]]]}}, {"type": "Feature", "properties": {"tract_fips": "17031660500"}, "geometry": {"type": "Polygon", "coordinates": [[[-87.712897, 41.778831], [-87.703137, 41.778973], [-87.702967, 41.771675], [-87.712724, 41.771522], [-87.712897, 41.778831]]]}}, {"type": "Feature", "properties": {"tract_fips": "17031660600"}, "geometry": {"type": "Polygon", "coordinates": [[[-87.703137, 41.778973], [-87.683639, 41.779216], [-87.683548, 41.775599], [-87.703052, 41.775322], [-87.703137, 41.778973]]]}}, {"type": "Feature", "properties": {"tract_fips": "17031660700"}, "geometry": {"type": "Polygon", "coordinates": [[[-87.683639, 41.779216], [-87.67849, 41.779247], [-87.678817, 41.775935], [-87.67862, 41.768385], [-87.683343, 41.768332], [-87.683639, 41.779216]]]}}, {"type": "Feature", "properties": {"tract_fips": "17031660800"}, "geometry": {"type": "Polygon", "coordinates": [[[-87.703052, 41.775322], [-87.683548, 41.775599], [-87.683444, 41.771978], [-87.702967, 41.771675], [-87.703052, 41.775322]]]}}, {"type": "Feature", "properties": {"tract_fips": "17031660900"}, "geometry": {"type": "Polygon", "coordinates": [[[-87.712724, 41.771522], [-87.683444, 41.771978], [-87.683243, 41.764702], [-87.71254, 41.764242], [-87.712724, 41.771522]]]}}, {"type": "Feature", "properties": {"tract_fips": "17031661000"}, "geometry": {"type": "Polygon", "coordinates": [[[-87.693029, 41.76454], [-87.683243, 41.764702], [-87.683343, 41.768332], [-87.67862, 41.768385], [-87.678466, 41.757452], [-87.683047, 41.757379], [-87.684332, 41.757541], [-87.69282, 41.757303], [-87.693029, 41.76454]]]}}, {"type": "Feature", "properties": {"tract_fips": "17031802300"}, "geometry": {"type": "Polygon", "coordinates": [[[-87.841483, 42.090602], [-87.827322, 42.105597], [-87.818949, 42.105546], [-87.808478, 42.08011], [-87.812624, 42.080145], [-87.814547, 42.079941], [-87.815648, 42.079455], [-87.816937, 42.078228], [-87.818851, 42.07778], [-87.829801, 42.077784], [-87.829743, 42.080237], [-87.834578, 42.080272], [-87.834569, 42.08208], [-87.835766, 42.0821], [-87.835751, 42.087519], [-87.834946, 42.087509], [-87.834854, 42.09022], [-87.83696, 42.090232], [-87.836957, 42.090559], [-87.841483, 42.090602]]]}}, {"type": "Feature", "properties": {"tract_fips": "17031802402"}, "geometry": {"type": "Polygon", "coordinates": [[[-87.934405, 42.153106], [-87.922632, 42.153028], [-87.914425, 42.153168], [-87.887268, 42.152953], [-87.887584, 42.145725], [-87.887603, 42.138837], [-87.887692, 42.138566], [-87.888565, 42.138623], [-87.898193, 42.139634], [-87.901745, 42.139803], [-87.92842, 42.139313], [-87.934405, 42.153106]]]}}, {"type": "Feature", "properties": {"tract_fips": "17031802503"}, "geometry": {"type": "Polygon", "coordinates": [[[-87.96116, 42.126819], [-87.961001, 42.128145], [-87.960954, 42.135898], [-87.961137, 42.136333], [-87.961016, 42.136602], [-87.96102, 42.138924], [-87.946474, 42.138796], [-87.946535, 42.12432], [-87.961018, 42.124436], [-87.961017, 42.126224], [-87.96116, 42.126819]]]}}, {"type": "Feature", "properties": {"tract_fips": "17031802504"}, "geometry": {"type": "Polygon", "coordinates": [[[-87.948693, 42.140475], [-87.948661, 42.143364], [-87.948311, 42.144141], [-87.94783, 42.144501], [-87.947044, 42.144739], [-87.944595, 42.144738], [-87.943524, 42.144389], [-87.941651, 42.142974], [-87.939831, 42.142887], [-87.93834, 42.142307], [-87.93659, 42.142211], [-87.936656, 42.139188], [-87.92842, 42.139313], [-87.921762, 42.12423], [-87.946535, 42.12432], [-87.946484, 42.13936], [-87.948146, 42.139669], [-87.948565, 42.140017], [-87.948693, 42.140475]]]}}, {"type": "Feature", "properties": {"tract_fips": "17031280900"}, "geometry": {"type": "Polygon", "coordinates": [[[-87.686431, 41.881162], [-87.68396, 41.881159], [-87.683828, 41.87612], [-87.686269, 41.876084], [-87.686431, 41.881162]]]}}, {"type": "Feature", "properties": {"tract_fips": "17031301600"}, "geometry": {"type": "Polygon", "coordinates": [[[-87.714787, 41.844385], [-87.70991, 41.84445], [-87.709714, 41.837145], [-87.714594, 41.837056], [-87.714787, 41.844385]]]}}, {"type": "Feature", "properties": {"tract_fips": "17031490600"}, "geometry": {"type": "Polygon", "coordinates": [[[-87.633446, 41.721619], [-87.62373, 41.721703], [-87.623624, 41.719417], [-87.622732, 41.716538], [-87.622829, 41.715861], [-87.623553, 41.714332], [-87.627574, 41.714393], [-87.628498, 41.714149], [-87.629391, 41.714371], [-87.633307, 41.714277], [-87.633446, 41.721619]]]}}, {"type": "Feature", "properties": {"tract_fips": "17031490700"}, "geometry": {"type": "Polygon", "coordinates": [[[-87.633307, 41.714277], [-87.629391, 41.714371], [-87.628498, 41.714149], [-87.627574, 41.714393], [-87.623553, 41.714332], [-87.623657, 41.713699], [-87.623523, 41.707165], [-87.633035, 41.707044], [-87.633307, 41.714277]]]}}, {"type": "Feature", "properties": {"tract_fips": "17031490800"}, "geometry": {"type": "Polygon", "coordinates": [[[-87.623657, 41.713699], [-87.623525, 41.714419], [-87.62281, 41.715924], [-87.622761, 41.716921], [-87.62192, 41.715812], [-87.620898, 41.714972], [-87.619753, 41.714389], [-87.618316, 41.713958], [-87.616601, 41.713799], [-87.61454, 41.713964], [-87.614401, 41.713437], [-87.613952, 41.713444], [-87.613944, 41.713162], [-87.605189, 41.7133], [-87.606518, 41.707433], [-87.623523, 41.707165], [-87.623657, 41.713699]]]}}, {"type": "Feature", "properties": {"tract_fips": "17031491000"}, "geometry": {"type": "Polygon", "coordinates": [[[-87.633017, 41.705234], [-87.632426, 41.70523], [-87.632478, 41.707051], [-87.623523, 41.707165], [-87.623104, 41.692585], [-87.632645, 41.692472], [-87.633017, 41.705234]]]}}, {"type": "Feature", "properties": {"tract_fips": "17031491100"}, "geometry": {"type": "Polygon", "coordinates": [[[-87.642834, 41.706917], [-87.632478, 41.707051], [-87.632426, 41.70523], [-87.633017, 41.705234], [-87.632645, 41.692472], [-87.642378, 41.692356], [-87.642834, 41.706917]]]}}, {"type": "Feature", "properties": {"tract_fips": "17031530200"}, "geometry": {"type": "Polygon", "coordinates": [[[-87.642152, 41.685082], [-87.62289, 41.685322], [-87.622658, 41.678026], [-87.641907, 41.677815], [-87.642152, 41.685082]]]}}, {"type": "Feature", "properties": {"tract_fips": "17031530300"}, "geometry": {"type": "Polygon", "coordinates": [[[-87.661599, 41.68482], [-87.642152, 41.685082], [-87.641907, 41.677815], [-87.661365, 41.677544], [-87.661599, 41.68482]]]}}, {"type": "Feature", "properties": {"tract_fips": "17031530400"}, "geometry": {"type": "Polygon", "coordinates": [[[-87.661151, 41.67033], [-87.661365, 41.677544], [-87.641907, 41.677815], [-87.64167, 41.670539], [-87.661151, 41.67033]]]}}, {"type": "Feature", "properties": {"tract_fips": "17031530600"}, "geometry": {"type": "Polygon", "coordinates": [[[-87.622658, 41.678026], [-87.613911, 41.678158], [-87.618314, 41.659097], [-87.619346, 41.659134], [-87.619846, 41.661134], [-87.621746, 41.661734], [-87.622088, 41.663452], [-87.622658, 41.678026]]]}}, {"type": "Feature", "properties": {"tract_fips": "17031560100"}, "geometry": {"type": "Polygon", "coordinates": [[[-87.744959, 41.816241], [-87.744949, 41.821981], [-87.741254, 41.822232], [-87.738654, 41.822132], [-87.738207, 41.807684], [-87.743222, 41.807617], [-87.743479, 41.816723], [-87.744959, 41.816241]]]}}, {"type": "Feature", "properties": {"tract_fips": "17031670200"}, "geometry": {"type": "Polygon", "coordinates": [[[-87.664582, 41.794024], [-87.659729, 41.7941], [-87.659541, 41.786816], [-87.664394, 41.786747], [-87.664582, 41.794024]]]}}, {"type": "Feature", "properties": {"tract_fips": "17031670300"}, "geometry": {"type": "Polygon", "coordinates": [[[-87.669443, 41.793969], [-87.664582, 41.794024], [-87.664394, 41.786747], [-87.669245, 41.786688], [-87.669443, 41.793969]]]}}, {"type": "Feature", "properties": {"tract_fips": "17031670400"}, "geometry": {"type": "Polygon", "coordinates": [[[-87.674301, 41.793916], [-87.669443, 41.793969], [-87.669245, 41.786688], [-87.6741, 41.786628], [-87.674301, 41.793916]]]}}, {"type": "Feature", "properties": {"tract_fips": "17031661100"}, "geometry": {"type": "Polygon", "coordinates": [[[-87.71254, 41.764242], [-87.693029, 41.76454], [-87.69282, 41.757303], [-87.711084, 41.757036], [-87.71233, 41.757192], [-87.71254, 41.764242]]]}}, {"type": "Feature", "properties": {"tract_fips": "17031670100"}, "geometry": {"type": "Polygon", "coordinates": [[[-87.659729, 41.7941], [-87.654874, 41.794172], [-87.654684, 41.786886], [-87.659541, 41.786816], [-87.659729, 41.7941]]]}}, {"type": "Feature", "properties": {"tract_fips": "17031670600"}, "geometry": {"type": "Polygon", "coordinates": [[[-87.6741, 41.786628], [-87.669245, 41.786688], [-87.669079, 41.779383], [-87.673905, 41.779316], [-87.6741, 41.786628]]]}}, {"type": "Feature", "properties": {"tract_fips": "17031670700"}, "geometry": {"type": "Polygon", "coordinates": [[[-87.669245, 41.786688], [-87.664394, 41.786747], [-87.664221, 41.779465], [-87.669079, 41.779383], [-87.669245, 41.786688]]]}}, {"type": "Feature", "properties": {"tract_fips": "17031670800"}, "geometry": {"type": "Polygon", "coordinates": [[[-87.664394, 41.786747], [-87.659541, 41.786816], [-87.659361, 41.779543], [-87.664221, 41.779465], [-87.664394, 41.786747]]]}}, {"type": "Feature", "properties": {"tract_fips": "17031670900"}, "geometry": {"type": "Polygon", "coordinates": [[[-87.659541, 41.786816], [-87.654684, 41.786886], [-87.654502, 41.779608], [-87.659361, 41.779543], [-87.659541, 41.786816]]]}}, {"type": "Feature", "properties": {"tract_fips": "17031802701"}, "geometry": {"type": "Polygon", "coordinates": [[[-87.945266, 42.088057], [-87.917511, 42.087802], [-87.907704, 42.087926], [-87.893922, 42.087757], [-87.891968, 42.087546], [-87.89262, 42.082676], [-87.892705, 42.080463], [-87.935702, 42.080746], [-87.936065, 42.080751], [-87.939747, 42.083481], [-87.945266, 42.088057]]]}}, {"type": "Feature", "properties": {"tract_fips": "17031802702"}, "geometry": {"type": "Polygon", "coordinates": [[[-87.936065, 42.080751], [-87.892705, 42.080463], [-87.89262, 42.082676], [-87.891968, 42.087546], [-87.889972, 42.087219], [-87.887973, 42.08731], [-87.887978, 42.072137], [-87.888262, 42.069192], [-87.888268, 42.065997], [-87.920645, 42.066182], [-87.923032, 42.067386], [-87.924595, 42.068605], [-87.931069, 42.076925], [-87.936065, 42.080751]]]}}, {"type": "Feature", "properties": {"tract_fips": "17197883505"}, "geometry": {"type": "Polygon", "coordinates": [[[-87.829082, 41.469948], [-87.829059, 41.506385], [-87.824816, 41.506443], [-87.819357, 41.507353], [-87.819324, 41.513568], [-87.820301, 41.513558], [-87.820441, 41.513717], [-87.820713, 41.521658], [-87.819103, 41.521629], [-87.816011, 41.520846], [-87.804812, 41.520853], [-87.804862, 41.513559], [-87.790416, 41.51351], [-87.790303, 41.469846], [-87.829082, 41.469948]]]}}, {"type": "Feature", "properties": {"tract_fips": "17031260900"}, "geometry": {"type": "Polygon", "coordinates": [[[-87.725413, 41.873443], [-87.720365, 41.873515], [-87.720198, 41.868623], [-87.725272, 41.868555], [-87.725413, 41.873443]]]}}, {"type": "Feature", "properties": {"tract_fips": "17031261000"}, "geometry": {"type": "Polygon", "coordinates": [[[-87.740078, 41.871899], [-87.738171, 41.872276], [-87.735511, 41.873425], [-87.733425, 41.873921], [-87.732807, 41.873978], [-87.732769, 41.873349], [-87.725413, 41.873443], [-87.725287, 41.869089], [-87.732578, 41.868999], [-87.732673, 41.870977], [-87.739984, 41.868939], [-87.740078, 41.871899]]]}}, {"type": "Feature", "properties": {"tract_fips": "17031281900"}, "geometry": {"type": "Polygon", "coordinates": [[[-87.64736, 41.881778], [-87.638248, 41.881898], [-87.638185, 41.879707], [-87.637377, 41.876799], [-87.647202, 41.876672], [-87.64736, 41.881778]]]}}, {"type": "Feature", "properties": {"tract_fips": "17031310200"}, "geometry": {"type": "Polygon", "coordinates": [[[-87.646706, 41.859911], [-87.64194, 41.859984], [-87.641788, 41.852699], [-87.646495, 41.852647], [-87.646706, 41.859911]]]}}, {"type": "Feature", "properties": {"tract_fips": "17031310300"}, "geometry": {"type": "Polygon", "coordinates": [[[-87.651568, 41.858022], [-87.65089, 41.858032], [-87.650941, 41.859851], [-87.646706, 41.859911], [-87.646495, 41.852647], [-87.651411, 41.852575], [-87.651568, 41.858022]]]}}, {"type": "Feature", "properties": {"tract_fips": "17031310400"}, "geometry": {"type": "Polygon", "coordinates": [[[-87.653434, 41.859812], [-87.650941, 41.859851], [-87.65089, 41.858032], [-87.651568, 41.858022], [-87.651411, 41.852575], [-87.653051, 41.852545], [-87.653212, 41.857999], [-87.653388, 41.857997], [-87.653434, 41.859812]]]}}, {"type": "Feature", "properties": {"tract_fips": "17031310500"}, "geometry": {"type": "Polygon", "coordinates": [[[-87.656429, 41.857953], [-87.653212, 41.857999], [-87.653051, 41.852545], [-87.656276, 41.852483], [-87.656429, 41.857953]]]}}, {"type": "Feature", "properties": {"tract_fips": "17031491200"}, "geometry": {"type": "Polygon", "coordinates": [[[-87.642378, 41.692356], [-87.632645, 41.692472], [-87.632745, 41.691636], [-87.632481, 41.685204], [-87.642152, 41.685082], [-87.642378, 41.692356]]]}}, {"type": "Feature", "properties": {"tract_fips": "17031491300"}, "geometry": {"type": "Polygon", "coordinates": [[[-87.632745, 41.691636], [-87.632645, 41.692472], [-87.623104, 41.692585], [-87.62289, 41.685322], [-87.632481, 41.685204], [-87.632745, 41.691636]]]}}, {"type": "Feature", "properties": {"tract_fips": "17031491400"}, "geometry": {"type": "Polygon", "coordinates": [[[-87.623104, 41.692585], [-87.60986, 41.692771], [-87.611417, 41.685936], [-87.611395, 41.685442], [-87.62289, 41.685322], [-87.623104, 41.692585]]]}}, {"type": "Feature", "properties": {"tract_fips": "17031500100"}, "geometry": {"type": "Polygon", "coordinates": [[[-87.606518, 41.707433], [-87.603182, 41.722048], [-87.586639, 41.722323], [-87.585164, 41.7208], [-87.584899, 41.710722], [-87.585322, 41.709059], [-87.586051, 41.707765], [-87.606518, 41.707433]]]}}, {"type": "Feature", "properties": {"tract_fips": "17031500200"}, "geometry": {"type": "Polygon", "coordinates": [[[-87.60986, 41.692771], [-87.606518, 41.707433], [-87.5873, 41.70775], [-87.587072, 41.706574], [-87.588287, 41.705587], [-87.591928, 41.703134], [-87.593055, 41.701033], [-87.593239, 41.70117], [-87.594578, 41.698931], [-87.59485, 41.698762], [-87.59829, 41.692368], [-87.599823, 41.692775], [-87.601006, 41.692883], [-87.60986, 41.692771]]]}}, {"type": "Feature", "properties": {"tract_fips": "17031500300"}, "geometry": {"type": "Polygon", "coordinates": [[[-87.611425, 41.685853], [-87.60986, 41.692771], [-87.601006, 41.692883], [-87.599823, 41.692775], [-87.59829, 41.692368], [-87.601601, 41.686138], [-87.602535, 41.68612], [-87.604575, 41.685505], [-87.611395, 41.685442], [-87.611425, 41.685853]]]}}, {"type": "Feature", "properties": {"tract_fips": "17031560200"}, "geometry": {"type": "Polygon", "coordinates": [[[-87.753119, 41.813442], [-87.744949, 41.815998], [-87.744959, 41.816241], [-87.743479, 41.816723], [-87.743222, 41.807617], [-87.752912, 41.807494], [-87.752961, 41.812974], [-87.753119, 41.813442]]]}}, {"type": "Feature", "properties": {"tract_fips": "17031560300"}, "geometry": {"type": "Polygon", "coordinates": [[[-87.752736, 41.800187], [-87.752912, 41.807494], [-87.743222, 41.807617], [-87.743034, 41.800326], [-87.752736, 41.800187]]]}}, {"type": "Feature", "properties": {"tract_fips": "17031560700"}, "geometry": {"type": "Polygon", "coordinates": [[[-87.762538, 41.800058], [-87.752736, 41.800187], [-87.752507, 41.792888], [-87.762302, 41.792736], [-87.762538, 41.800058]]]}}, {"type": "Feature", "properties": {"tract_fips": "17031560800"}, "geometry": {"type": "Polygon", "coordinates": [[[-87.782031, 41.799668], [-87.762538, 41.800058], [-87.762302, 41.792736], [-87.781806, 41.792349], [-87.782031, 41.799668]]]}}, {"type": "Feature", "properties": {"tract_fips": "17031560900"}, "geometry": {"type": "Polygon", "coordinates": [[[-87.802094, 41.797847], [-87.796626, 41.799576], [-87.795665, 41.799432], [-87.782031, 41.799668], [-87.781806, 41.792349], [-87.801528, 41.791939], [-87.801631, 41.79508], [-87.802094, 41.797847]]]}}, {"type": "Feature", "properties": {"tract_fips": "17031801702"}, "geometry": {"type": "Polygon", "coordinates": [[[-87.839046, 42.126256], [-87.838692, 42.138277], [-87.834795, 42.138255], [-87.832783, 42.135836], [-87.831816, 42.135419], [-87.831411, 42.135035], [-87.830591, 42.132856], [-87.830495, 42.130874], [-87.829418, 42.130391], [-87.82913, 42.129754], [-87.825973, 42.129738], [-87.825516, 42.129485], [-87.82372, 42.127329], [-87.816033, 42.127291], [-87.814339, 42.125384], [-87.811471, 42.120276], [-87.807083, 42.116418], [-87.832398, 42.116495], [-87.832349, 42.119727], [-87.832465, 42.120026], [-87.832827, 42.120161], [-87.839035, 42.120192], [-87.839046, 42.126256]]]}}, {"type": "Feature", "properties": {"tract_fips": "17091011000"}, "geometry": {"type": "Polygon", "coordinates": [[[-87.675228, 41.050823], [-87.656473, 41.051129], [-87.656055, 41.051277], [-87.657129, 41.109404], [-87.656321, 41.109743], [-87.651757, 41.109788], [-87.651235, 41.109967], [-87.650773, 41.110441], [-87.651607, 41.111146], [-87.651942, 41.111997], [-87.652218, 41.125738], [-87.652384, 41.126379], [-87.652741, 41.126891], [-87.652289, 41.12779], [-87.642636, 41.127866], [-87.642446, 41.120542], [-87.52661, 41.121453], [-87.526557, 41.075156], [-87.526323, 41.045441], [-87.526428, 41.024366], [-87.526208, 41.010341], [-87.552047, 41.00994], [-87.614695, 41.008563], [-87.641221, 41.008195], [-87.655458, 41.008244], [-87.655512, 41.008127], [-87.674767, 41.007546], [-87.675228, 41.050823]]]}}, {"type": "Feature", "properties": {"tract_fips": "17091011200"}, "geometry": {"type": "Polygon", "coordinates": [[[-87.849933, 41.04475], [-87.84995, 41.046813], [-87.84968, 41.047353], [-87.84914, 41.047732], [-87.845899, 41.047643], [-87.844937, 41.047791], [-87.843122, 41.048476], [-87.842113, 41.049228], [-87.841167, 41.050457], [-87.840203, 41.052698], [-87.839089, 41.054254], [-87.837186, 41.056367], [-87.835692, 41.057681], [-87.832122, 41.058968], [-87.831633, 41.059288], [-87.831177, 41.059846], [-87.830265, 41.061989], [-87.829995, 41.062428], [-87.829472, 41.062817], [-87.82894, 41.063045], [-87.827477, 41.06318], [-87.82644, 41.063058], [-87.825677, 41.062738], [-87.825128, 41.062067], [-87.824365, 41.061609], [-87.823159, 41.061044], [-87.82174, 41.060815], [-87.82039, 41.061027], [-87.819697, 41.061432], [-87.819478, 41.061746], [-87.819439, 41.062532], [-87.81465, 41.065518], [-87.814639, 41.065832], [-87.813317, 41.067781], [-87.812997, 41.068666], [-87.812766, 41.070322], [-87.812992, 41.071308], [-87.813924, 41.072828], [-87.814565, 41.073385], [-87.815582, 41.073926], [-87.814831, 41.073849], [-87.813048, 41.074679], [-87.812162, 41.074808], [-87.811779, 41.074811], [-87.810332, 41.074192], [-87.80793, 41.074004], [-87.80642, 41.074668], [-87.803944, 41.075055], [-87.799432, 41.077638], [-87.798056, 41.078144], [-87.795949, 41.077989], [-87.794338, 41.077563], [-87.79348, 41.077599], [-87.793382, 41.077176], [-87.792246, 41.077489], [-87.790809, 41.078935], [-87.790354, 41.07874], [-87.790396, 41.078999], [-87.789325, 41.080184], [-87.789191, 41.084088], [-87.788359, 41.086243], [-87.786343, 41.089545], [-87.781283, 41.092747], [-87.776934, 41.097976], [-87.775854, 41.099916], [-87.775005, 41.101034], [-87.770436, 41.105165], [-87.769278, 41.105662], [-87.766473, 41.106059], [-87.763838, 41.107293], [-87.762309, 41.107629], [-87.760045, 41.108518], [-87.758748, 41.109348], [-87.757923, 41.110422], [-87.757082, 41.112168], [-87.756371, 41.112973], [-87.755098, 41.113944], [-87.751663, 41.115834], [-87.750945, 41.116498], [-87.750692, 41.117073], [-87.750938, 41.118774], [-87.75066, 41.120258], [-87.739772, 41.120173], [-87.739287, 41.120107], [-87.739292, 41.119833], [-87.735152, 41.119212], [-87.732657, 41.119212], [-87.730563, 41.119689], [-87.729123, 41.120335], [-87.725542, 41.123232], [-87.724894, 41.121577], [-87.724561, 41.119893], [-87.723843, 41.078884], [-87.757411, 41.078312], [-87.757111, 41.071008], [-87.753212, 41.071024], [-87.753006, 41.064286], [-87.752107, 41.063276], [-87.751708, 41.034754], [-87.771915, 41.034482], [-87.771432, 41.005392], [-87.812299, 41.005063], [-87.813167, 41.00486], [-87.814662, 41.005493], [-87.821469, 41.007428], [-87.824667, 41.008981], [-87.827746, 41.010872], [-87.830072, 41.013883], [-87.833754, 41.016143], [-87.838706, 41.021591], [-87.843525, 41.026178], [-87.844585, 41.02809], [-87.844823, 41.029014], [-87.844906, 41.030297], [-87.844323, 41.033359], [-87.844323, 41.035083], [-87.844569, 41.03574], [-87.846371, 41.038642], [-87.847958, 41.040668], [-87.849578, 41.04374], [-87.849933, 41.04475]]]}}, {"type": "Feature", "properties": {"tract_fips": "17091012100"}, "geometry": {"type": "Polygon", "coordinates": [[[-87.908654, 41.118531], [-87.90871, 41.122271], [-87.903755, 41.1223], [-87.904077, 41.133274], [-87.899336, 41.133192], [-87.894359, 41.133315], [-87.894403, 41.136889], [-87.893435, 41.137228], [-87.89219, 41.135529], [-87.888455, 41.133233], [-87.885839, 41.133234], [-87.883326, 41.13142], [-87.882191, 41.130055], [-87.880325, 41.125935], [-87.879637, 41.125162], [-87.87735, 41.121508], [-87.876204, 41.120516], [-87.875522, 41.119658], [-87.875146, 41.11801], [-87.875491, 41.116284], [-87.875113, 41.115219], [-87.873719, 41.114042], [-87.872332, 41.113408], [-87.868817, 41.113374], [-87.868827, 41.11204], [-87.870645, 41.111997], [-87.875091, 41.112477], [-87.875887, 41.11372], [-87.896782, 41.113651], [-87.896848, 41.118596], [-87.908654, 41.118531]]]}}, {"type": "Feature", "properties": {"tract_fips": "17091012200"}, "geometry": {"type": "Polygon", "coordinates": [[[-87.926754, 41.118397], [-87.896848, 41.118596], [-87.896782, 41.113651], [-87.875887, 41.11372], [-87.875091, 41.112477], [-87.870645, 41.111997], [-87.868827, 41.11204], [-87.868817, 41.113374], [-87.866827, 41.113322], [-87.864013, 41.112337], [-87.863008, 41.111632], [-87.862057, 41.11056], [-87.861163, 41.108829], [-87.859814, 41.106755], [-87.859126, 41.105965], [-87.860019, 41.105811], [-87.87846, 41.105698], [-87.890159, 41.106202], [-87.926721, 41.10509], [-87.926754, 41.118397]]]}}, {"type": "Feature", "properties": {"tract_fips": "17091012500"}, "geometry": {"type": "Polygon", "coordinates": [[[-87.907221, 41.105618], [-87.890159, 41.106202], [-87.87846, 41.105698], [-87.860019, 41.105811], [-87.859126, 41.105965], [-87.858107, 41.105131], [-87.85472, 41.102917], [-87.853654, 41.101956], [-87.852311, 41.101464], [-87.848593, 41.10093], [-87.83861, 41.100756], [-87.837001, 41.100561], [-87.834968, 41.099889], [-87.83489, 41.098053], [-87.834685, 41.097961], [-87.834469, 41.092785], [-87.834793, 41.089982], [-87.835526, 41.08775], [-87.836291, 41.086306], [-87.837619, 41.084363], [-87.838677, 41.083217], [-87.840445, 41.081665], [-87.842685, 41.080159], [-87.846033, 41.078781], [-87.849145, 41.077823], [-87.85201, 41.077306], [-87.854435, 41.077113], [-87.864917, 41.077159], [-87.8688, 41.076758], [-87.873404, 41.075298], [-87.875257, 41.074503], [-87.877164, 41.073445], [-87.878585, 41.07248], [-87.880686, 41.070665], [-87.881837, 41.069317], [-87.883157, 41.067383], [-87.884083, 41.065321], [-87.890875, 41.047467], [-87.906055, 41.046996], [-87.907221, 41.105618]]]}}, {"type": "Feature", "properties": {"tract_fips": "17091010400"}, "geometry": {"type": "Polygon", "coordinates": [[[-88.018299, 41.117938], [-88.010328, 41.117992], [-88.010864, 41.156648], [-88.011891, 41.208191], [-88.010044, 41.208462], [-88.005651, 41.208653], [-87.997826, 41.20806], [-87.996466, 41.207784], [-87.993092, 41.206667], [-87.988928, 41.203814], [-87.986757, 41.202953], [-87.982988, 41.202347], [-87.9813, 41.201862], [-87.975145, 41.197144], [-87.972496, 41.195788], [-87.971704, 41.195186], [-87.970589, 41.193865], [-87.967079, 41.188995], [-87.965852, 41.187066], [-87.96016, 41.181679], [-87.957627, 41.177887], [-87.95427, 41.173524], [-87.949661, 41.166559], [-87.94838, 41.165094], [-87.940353, 41.160196], [-87.936858, 41.157785], [-87.935394, 41.157419], [-87.933245, 41.157532], [-87.928878, 41.157457], [-87.926452, 41.157175], [-87.924742, 41.156755], [-87.922896, 41.155923], [-87.921629, 41.155572], [-87.918562, 41.155748], [-87.917814, 41.155603], [-87.916441, 41.154886], [-87.914717, 41.153001], [-87.912321, 41.150873], [-87.908308, 41.149263], [-87.904371, 41.148881], [-87.902975, 41.149144], [-87.90166, 41.149676], [-87.900794, 41.149764], [-87.899958, 41.149705], [-87.898143, 41.149232], [-87.895688, 41.147829], [-87.894997, 41.147043], [-87.893842, 41.143031], [-87.893032, 41.142187], [-87.889343, 41.139732], [-87.887898, 41.137679], [-87.887643, 41.136332], [-87.887743, 41.135332], [-87.887142, 41.134132], [-87.885839, 41.133234], [-87.888455, 41.133233], [-87.89219, 41.135529], [-87.893435, 41.137228], [-87.894403, 41.136889], [-87.894359, 41.133315], [-87.899336, 41.133192], [-87.904077, 41.133274], [-87.903755, 41.1223], [-87.90871, 41.122271], [-87.908654, 41.118531], [-87.926754, 41.118397], [-87.926721, 41.10509], [-87.907221, 41.105618], [-87.906673, 41.076317], [-87.94561, 41.075318], [-87.960139, 41.074727], [-88.0179, 41.073407], [-88.018299, 41.117938]]]}}, {"type": "Feature", "properties": {"tract_fips": "17091012600"}, "geometry": {"type": "Polygon", "coordinates": [[[-88.136594, 41.116316], [-88.106738, 41.116944], [-88.018299, 41.117938], [-88.0179, 41.073407], [-87.960139, 41.074727], [-87.94561, 41.075318], [-87.906673, 41.076317], [-87.906055, 41.046996], [-87.890875, 41.047467], [-87.884083, 41.065321], [-87.883157, 41.067383], [-87.881837, 41.069317], [-87.880114, 41.071221], [-87.878585, 41.07248], [-87.876253, 41.073986], [-87.872886, 41.075484], [-87.8688, 41.076758], [-87.867535, 41.076943], [-87.864917, 41.077159], [-87.854435, 41.077113], [-87.850087, 41.077623], [-87.847029, 41.07841], [-87.843624, 41.079847], [-87.843194, 41.079904], [-87.840901, 41.081318], [-87.839395, 41.082515], [-87.837619, 41.084363], [-87.83599, 41.086831], [-87.835171, 41.088661], [-87.834654, 41.090654], [-87.834469, 41.092298], [-87.834685, 41.097961], [-87.83489, 41.098053], [-87.834968, 41.099889], [-87.834723, 41.099814], [-87.832308, 41.098716], [-87.831228, 41.097906], [-87.83024, 41.096732], [-87.829641, 41.095643], [-87.829438, 41.094901], [-87.829776, 41.090275], [-87.829641, 41.089363], [-87.829202, 41.088215], [-87.828568, 41.087302], [-87.8281, 41.085795], [-87.82699, 41.084563], [-87.824306, 41.082948], [-87.821538, 41.08097], [-87.819488, 41.079045], [-87.818398, 41.078643], [-87.81806, 41.077568], [-87.817885, 41.07602], [-87.817387, 41.075371], [-87.813924, 41.072828], [-87.812992, 41.071308], [-87.812766, 41.070322], [-87.812997, 41.068666], [-87.813317, 41.067781], [-87.814639, 41.065832], [-87.81465, 41.065518], [-87.819439, 41.062532], [-87.819478, 41.061746], [-87.819697, 41.061432], [-87.82039, 41.061027], [-87.82174, 41.060815], [-87.823159, 41.061044], [-87.825128, 41.062067], [-87.825677, 41.062738], [-87.82644, 41.063058], [-87.827477, 41.06318], [-87.82894, 41.063045], [-87.829472, 41.062817], [-87.829995, 41.062428], [-87.830265, 41.061989], [-87.831177, 41.059846], [-87.831633, 41.059288], [-87.832122, 41.058968], [-87.835692, 41.057681], [-87.837186, 41.056367], [-87.839089, 41.054254], [-87.840203, 41.052698], [-87.841167, 41.050457], [-87.842113, 41.049228], [-87.843122, 41.048476], [-87.844937, 41.047791], [-87.845899, 41.047643], [-87.84914, 41.047732], [-87.84968, 41.047353], [-87.84995, 41.046813], [-87.849933, 41.04475], [-87.849578, 41.04374], [-87.847958, 41.040668], [-87.846371, 41.038642], [-87.844569, 41.03574], [-87.844323, 41.035083], [-87.844323, 41.033359], [-87.844906, 41.030297], [-87.844823, 41.029014], [-87.844585, 41.02809], [-87.844032, 41.027029], [-87.842864, 41.025412], [-87.840462, 41.023347], [-87.838706, 41.021591], [-87.833754, 41.016143], [-87.830072, 41.013883], [-87.827746, 41.010872], [-87.826739, 41.010146], [-87.821469, 41.007428], [-87.814662, 41.005493], [-87.813167, 41.00486], [-87.814045, 41.004699], [-87.848042, 41.004332], [-87.883038, 41.003638], [-87.896539, 41.003088], [-87.907406, 41.0028], [-87.908138, 41.002924], [-87.943437, 41.001956], [-87.96334, 41.001028], [-87.982305, 41.000536], [-88.039911, 40.999539], [-88.07435, 40.998624], [-88.114009, 40.998195], [-88.131935, 40.997777], [-88.133486, 41.059868], [-88.134452, 41.114169], [-88.13476, 41.114965], [-88.135265, 41.115319], [-88.136369, 41.115735], [-88.136594, 41.116316]]]}}, {"type": "Feature", "properties": {"tract_fips": "17091010300"}, "geometry": {"type": "Polygon", "coordinates": [[[-88.251501, 41.114218], [-88.240889, 41.114383], [-88.244144, 41.201566], [-88.199122, 41.202365], [-88.128895, 41.203888], [-88.01181, 41.205508], [-88.010713, 41.147873], [-88.010328, 41.117992], [-88.106738, 41.116944], [-88.136594, 41.116316], [-88.136369, 41.115735], [-88.135265, 41.115319], [-88.13476, 41.114965], [-88.134452, 41.114169], [-88.133486, 41.059868], [-88.131935, 40.997777], [-88.134506, 40.997564], [-88.208716, 40.995601], [-88.22824, 40.99564], [-88.2473, 40.99456], [-88.251501, 41.114218]]]}}, {"type": "Feature", "properties": {"tract_fips": "17091010100"}, "geometry": {"type": "Polygon", "coordinates": [[[-87.781662, 41.295863], [-87.623798, 41.297163], [-87.625481, 41.295219], [-87.626286, 41.293356], [-87.626516, 41.292298], [-87.626264, 41.276728], [-87.62651, 41.274987], [-87.627519, 41.271579], [-87.62776, 41.269132], [-87.626974, 41.255724], [-87.626891, 41.252058], [-87.627494, 41.244742], [-87.628789, 41.235602], [-87.628614, 41.234312], [-87.628111, 41.233212], [-87.629113, 41.232401], [-87.629515, 41.231409], [-87.631166, 41.221865], [-87.634535, 41.208184], [-87.63606, 41.200879], [-87.663388, 41.200698], [-87.663528, 41.207984], [-87.780107, 41.207256], [-87.781662, 41.295863]]]}}, {"type": "Feature", "properties": {"tract_fips": "17091010500"}, "geometry": {"type": "Polygon", "coordinates": [[[-88.012009, 41.212808], [-88.004533, 41.212702], [-88.003212, 41.212307], [-88.000479, 41.210901], [-87.998602, 41.21028], [-87.996882, 41.210008], [-87.994109, 41.209888], [-87.991778, 41.209328], [-87.95285, 41.193417], [-87.948007, 41.190569], [-87.943373, 41.187151], [-87.936125, 41.182569], [-87.931079, 41.179705], [-87.912045, 41.170511], [-87.900566, 41.165236], [-87.891464, 41.161896], [-87.879559, 41.155479], [-87.878291, 41.155265], [-87.878095, 41.154553], [-87.876332, 41.152062], [-87.875749, 41.150706], [-87.875432, 41.148061], [-87.875935, 41.144974], [-87.87824, 41.144961], [-87.878152, 41.141312], [-87.881509, 41.14131], [-87.882189, 41.141017], [-87.88268, 41.141545], [-87.882727, 41.142547], [-87.88295, 41.142883], [-87.883346, 41.143037], [-87.884702, 41.143051], [-87.884642, 41.144071], [-87.894096, 41.143875], [-87.894997, 41.147043], [-87.895688, 41.147829], [-87.898143, 41.149232], [-87.899958, 41.149705], [-87.900794, 41.149764], [-87.90166, 41.149676], [-87.902975, 41.149144], [-87.904371, 41.148881], [-87.908308, 41.149263], [-87.909041, 41.149507], [-87.912657, 41.151102], [-87.914717, 41.153001], [-87.916441, 41.154886], [-87.917814, 41.155603], [-87.918562, 41.155748], [-87.921629, 41.155572], [-87.922896, 41.155923], [-87.924742, 41.156755], [-87.926452, 41.157175], [-87.928878, 41.157457], [-87.933245, 41.157532], [-87.935394, 41.157419], [-87.936858, 41.157785], [-87.940353, 41.160196], [-87.94838, 41.165094], [-87.949661, 41.166559], [-87.95427, 41.173524], [-87.957627, 41.177887], [-87.96016, 41.181679], [-87.965852, 41.187066], [-87.970589, 41.193865], [-87.971704, 41.195186], [-87.972496, 41.195788], [-87.975145, 41.197144], [-87.9813, 41.201862], [-87.982988, 41.202347], [-87.985935, 41.202735], [-87.988928, 41.203814], [-87.993092, 41.206667], [-87.994221, 41.207118], [-87.997826, 41.20806], [-88.005651, 41.208653], [-88.007279, 41.20868], [-88.011891, 41.208191], [-88.012009, 41.212808]]]}}, {"type": "Feature", "properties": {"tract_fips": "17091010800"}, "geometry": {"type": "Polygon", "coordinates": [[[-87.780107, 41.207256], [-87.663528, 41.207984], [-87.662621, 41.156898], [-87.656155, 41.156956], [-87.657602, 41.153524], [-87.657295, 41.13533], [-87.657043, 41.135078], [-87.655108, 41.135104], [-87.65483, 41.134961], [-87.654807, 41.127757], [-87.654013, 41.127631], [-87.653218, 41.127278], [-87.652778, 41.127644], [-87.652289, 41.12779], [-87.652741, 41.126891], [-87.652384, 41.126379], [-87.652218, 41.125738], [-87.651942, 41.111997], [-87.651607, 41.111146], [-87.650773, 41.110441], [-87.651235, 41.109967], [-87.651757, 41.109788], [-87.656321, 41.109743], [-87.657129, 41.109404], [-87.656345, 41.065885], [-87.675527, 41.065336], [-87.675823, 41.079949], [-87.723843, 41.078884], [-87.724561, 41.119893], [-87.724894, 41.121577], [-87.725542, 41.123232], [-87.728086, 41.121051], [-87.729446, 41.120156], [-87.731137, 41.119511], [-87.733111, 41.119172], [-87.735152, 41.119212], [-87.739292, 41.119833], [-87.739287, 41.120107], [-87.739772, 41.120173], [-87.747074, 41.120305], [-87.757718, 41.12017], [-87.761872, 41.119679], [-87.768455, 41.119539], [-87.768727, 41.148724], [-87.769414, 41.177915], [-87.779402, 41.177935], [-87.780107, 41.207256]]]}}, {"type": "Feature", "properties": {"tract_fips": "17091011900"}, "geometry": {"type": "Polygon", "coordinates": [[[-87.876157, 41.143602], [-87.875434, 41.148007], [-87.860476, 41.148016], [-87.861633, 41.142024], [-87.876157, 41.143602]]]}}, {"type": "Feature", "properties": {"tract_fips": "17091010900"}, "geometry": {"type": "Polygon", "coordinates": [[[-87.663388, 41.200698], [-87.63606, 41.200879], [-87.634535, 41.208184], [-87.631166, 41.221865], [-87.629515, 41.231409], [-87.629113, 41.232401], [-87.628111, 41.233212], [-87.628614, 41.234312], [-87.628789, 41.235602], [-87.627494, 41.244742], [-87.626891, 41.252058], [-87.626974, 41.255724], [-87.62776, 41.269132], [-87.627519, 41.271579], [-87.62651, 41.274987], [-87.626264, 41.276728], [-87.626516, 41.292298], [-87.626286, 41.293356], [-87.625481, 41.295219], [-87.623798, 41.297163], [-87.526731, 41.298052], [-87.526502, 41.223827], [-87.526534, 41.164426], [-87.526661, 41.155045], [-87.526471, 41.152456], [-87.526696, 41.149222], [-87.52661, 41.121453], [-87.642446, 41.120542], [-87.642636, 41.127866], [-87.652289, 41.12779], [-87.652778, 41.127644], [-87.653218, 41.127278], [-87.654013, 41.127631], [-87.654807, 41.127757], [-87.65483, 41.134961], [-87.655108, 41.135104], [-87.657043, 41.135078], [-87.657279, 41.135254], [-87.657602, 41.153524], [-87.656155, 41.156956], [-87.662621, 41.156898], [-87.663388, 41.200698]]]}}, {"type": "Feature", "properties": {"tract_fips": "17091011400"}, "geometry": {"type": "Polygon", "coordinates": [[[-87.836307, 41.133263], [-87.833645, 41.133227], [-87.830745, 41.133593], [-87.783158, 41.134078], [-87.783147, 41.135381], [-87.78228, 41.137099], [-87.781751, 41.137578], [-87.781199, 41.137752], [-87.777177, 41.137738], [-87.780673, 41.131888], [-87.791141, 41.119087], [-87.797384, 41.117305], [-87.806681, 41.112303], [-87.809642, 41.11029], [-87.811412, 41.107502], [-87.818472, 41.105045], [-87.820903, 41.104539], [-87.823302, 41.102921], [-87.825913, 41.102353], [-87.827768, 41.100949], [-87.828747, 41.100432], [-87.830867, 41.099864], [-87.831322, 41.099938], [-87.831985, 41.100356], [-87.832384, 41.100383], [-87.83344, 41.099232], [-87.834968, 41.099889], [-87.836307, 41.133263]]]}}, {"type": "Feature", "properties": {"tract_fips": "17031010300"}, "geometry": {"type": "Polygon", "coordinates": [[[-87.67133, 42.019374], [-87.668245, 42.019365], [-87.668243, 42.019214], [-87.663845, 42.019292], [-87.663577, 42.018684], [-87.663231, 42.018453], [-87.66329, 42.018086], [-87.663077, 42.017608], [-87.663143, 42.016916], [-87.662812, 42.01662], [-87.662673, 42.015818], [-87.662467, 42.015763], [-87.662091, 42.014594], [-87.66125, 42.012881], [-87.670198, 42.012714], [-87.670356, 42.018134], [-87.671054, 42.018026], [-87.671294, 42.018268], [-87.67133, 42.019374]]]}}, {"type": "Feature", "properties": {"tract_fips": "17031010400"}, "geometry": {"type": "Polygon", "coordinates": [[[-87.663453, 42.01283], [-87.661487, 42.012821], [-87.655356, 42.013431], [-87.650803, 41.998485], [-87.655126, 41.998233], [-87.660553, 41.998189], [-87.660942, 42.005657], [-87.662888, 42.011613], [-87.663453, 42.01283]]]}}, {"type": "Feature", "properties": {"tract_fips": "17031010600"}, "geometry": {"type": "Polygon", "coordinates": [[[-87.670593, 42.005374], [-87.669948, 42.005385], [-87.670198, 42.012714], [-87.665924, 42.012787], [-87.665649, 42.005854], [-87.665499, 42.005469], [-87.665735, 42.005462], [-87.665436, 41.998136], [-87.667962, 41.998109], [-87.668111, 42.003587], [-87.670543, 42.003549], [-87.670593, 42.005374]]]}}, {"type": "Feature", "properties": {"tract_fips": "17031020100"}, "geometry": {"type": "Polygon", "coordinates": [[[-87.690247, 42.01228], [-87.690174, 42.019528], [-87.684653, 42.019485], [-87.684169, 42.01546], [-87.683086, 42.012323], [-87.683497, 42.012211], [-87.690247, 42.01228]]]}}, {"type": "Feature", "properties": {"tract_fips": "17031280800"}, "geometry": {"type": "Polygon", "coordinates": [[[-87.691505, 41.881113], [-87.686431, 41.881162], [-87.686269, 41.876084], [-87.691371, 41.876035], [-87.691505, 41.881113]]]}}, {"type": "Feature", "properties": {"tract_fips": "17031420300"}, "geometry": {"type": "Polygon", "coordinates": [[[-87.601191, 41.785928], [-87.596332, 41.786014], [-87.596204, 41.780522], [-87.601068, 41.780468], [-87.601191, 41.785928]]]}}, {"type": "Feature", "properties": {"tract_fips": "17031806600"}, "geometry": {"type": "Polygon", "coordinates": [[[-87.885794, 42.009626], [-87.861355, 42.010293], [-87.860054, 42.009097], [-87.859853, 42.008367], [-87.860036, 42.007455], [-87.860848, 42.006586], [-87.864005, 42.005222], [-87.864298, 42.004899], [-87.864405, 42.00395], [-87.863708, 42.002865], [-87.859717, 41.99987], [-87.859579, 41.999566], [-87.859818, 41.999066], [-87.860577, 41.998327], [-87.861347, 41.997847], [-87.861493, 41.997554], [-87.861341, 41.997148], [-87.860769, 41.996665], [-87.859437, 41.995847], [-87.873158, 41.995473], [-87.873352, 41.995342], [-87.884531, 41.998223], [-87.884612, 42.005112], [-87.884921, 42.006856], [-87.885794, 42.009626]]]}}, {"type": "Feature", "properties": {"tract_fips": "17031806502"}, "geometry": {"type": "Polygon", "coordinates": [[[-87.890562, 42.024052], [-87.877967, 42.024401], [-87.874867, 42.025043], [-87.874872, 42.023946], [-87.874457, 42.022458], [-87.873957, 42.02186], [-87.872216, 42.020806], [-87.872046, 42.020288], [-87.872277, 42.019651], [-87.87395, 42.01859], [-87.874112, 42.017967], [-87.873851, 42.017333], [-87.872566, 42.016316], [-87.871141, 42.015951], [-87.870452, 42.016113], [-87.869133, 42.017202], [-87.867815, 42.017918], [-87.867026, 42.017772], [-87.866481, 42.017194], [-87.866417, 42.016273], [-87.864945, 42.012966], [-87.863566, 42.011777], [-87.861355, 42.010293], [-87.885572, 42.009639], [-87.890057, 42.022299], [-87.890562, 42.024052]]]}}, {"type": "Feature", "properties": {"tract_fips": "17031805902"}, "geometry": {"type": "Polygon", "coordinates": [[[-87.860019, 42.030616], [-87.860009, 42.039338], [-87.835672, 42.040114], [-87.835798, 42.025577], [-87.851576, 42.02511], [-87.857239, 42.028658], [-87.860019, 42.030616]]]}}, {"type": "Feature", "properties": {"tract_fips": "17031130200"}, "geometry": {"type": "Polygon", "coordinates": [[[-87.748257, 41.983567], [-87.747364, 41.983175], [-87.74711, 41.982629], [-87.738306, 41.982713], [-87.738406, 41.98632], [-87.734178, 41.988292], [-87.732895, 41.99008], [-87.731862, 41.990094], [-87.728888, 41.994117], [-87.728864, 41.991213], [-87.728624, 41.98999], [-87.728132, 41.971884], [-87.731831, 41.971845], [-87.731888, 41.973612], [-87.733117, 41.973651], [-87.733171, 41.97548], [-87.747993, 41.975341], [-87.748257, 41.983567]]]}}, {"type": "Feature", "properties": {"tract_fips": "17031804202"}, "geometry": {"type": "Polygon", "coordinates": [[[-88.141189, 42.073661], [-88.141045, 42.074484], [-88.141083, 42.117038], [-88.140901, 42.118162], [-88.14052, 42.119101], [-88.138635, 42.122044], [-88.138023, 42.123334], [-88.136611, 42.12726], [-88.136271, 42.128752], [-88.136089, 42.154213], [-88.121545, 42.154193], [-88.12162, 42.147742], [-88.121848, 42.147034], [-88.121695, 42.146794], [-88.121576, 42.138198], [-88.12168, 42.11273], [-88.121554, 42.107018], [-88.12181, 42.102968], [-88.12156, 42.101156], [-88.121869, 42.096002], [-88.121698, 42.09562], [-88.121676, 42.067109], [-88.140254, 42.067123], [-88.140998, 42.067941], [-88.141171, 42.068383], [-88.141189, 42.073661]]]}}, {"type": "Feature", "properties": {"tract_fips": "17031804701"}, "geometry": {"type": "Polygon", "coordinates": [[[-88.179801, 42.067326], [-88.163412, 42.067224], [-88.160626, 42.066971], [-88.150475, 42.067326], [-88.145701, 42.067331], [-88.144018, 42.067126], [-88.111441, 42.067088], [-88.111995, 42.066381], [-88.112585, 42.066167], [-88.114382, 42.065881], [-88.116431, 42.066176], [-88.116939, 42.065803], [-88.117873, 42.064589], [-88.119486, 42.063545], [-88.119828, 42.062919], [-88.122214, 42.063102], [-88.126893, 42.062267], [-88.1269, 42.060579], [-88.127197, 42.060226], [-88.12626, 42.059467], [-88.12609, 42.058025], [-88.126439, 42.056986], [-88.126152, 42.056269], [-88.126522, 42.0559], [-88.127868, 42.055925], [-88.128122, 42.054875], [-88.12453, 42.054382], [-88.124659, 42.053529], [-88.124016, 42.051954], [-88.12423, 42.051267], [-88.124639, 42.050801], [-88.126608, 42.049812], [-88.12616, 42.049468], [-88.125945, 42.049046], [-88.126216, 42.048013], [-88.126171, 42.047284], [-88.144681, 42.046484], [-88.144659, 42.039239], [-88.178996, 42.03902], [-88.179046, 42.063303], [-88.179801, 42.067326]]]}}, {"type": "Feature", "properties": {"tract_fips": "17031803605"}, "geometry": {"type": "Polygon", "coordinates": [[[-88.034071, 42.118917], [-88.033891, 42.119574], [-88.033865, 42.139236], [-88.021795, 42.139152], [-88.016016, 42.134961], [-88.014227, 42.133961], [-88.014313, 42.12788], [-88.009953, 42.12786], [-88.009991, 42.125475], [-88.010675, 42.124267], [-88.012896, 42.124259], [-88.013471, 42.123822], [-88.014606, 42.124258], [-88.015125, 42.124653], [-88.019206, 42.124636], [-88.019208, 42.124085], [-88.023064, 42.124237], [-88.023065, 42.123467], [-88.024114, 42.123467], [-88.02414, 42.116484], [-88.034071, 42.118917]]]}}, {"type": "Feature", "properties": {"tract_fips": "17031240200"}, "geometry": {"type": "Polygon", "coordinates": [[[-87.672667, 41.91425], [-87.667802, 41.914329], [-87.667692, 41.91063], [-87.672576, 41.910561], [-87.672667, 41.91425]]]}}, {"type": "Feature", "properties": {"tract_fips": "17031824105"}, "geometry": {"type": "Polygon", "coordinates": [[[-87.854031, 41.636932], [-87.853905, 41.645013], [-87.825568, 41.645566], [-87.825522, 41.642344], [-87.824337, 41.642484], [-87.82428, 41.642025], [-87.820034, 41.642101], [-87.819674, 41.63112], [-87.853863, 41.630486], [-87.854031, 41.636932]]]}}, {"type": "Feature", "properties": {"tract_fips": "17031611800"}, "geometry": {"type": "Polygon", "coordinates": [[[-87.669645, 41.801276], [-87.664776, 41.801318], [-87.664582, 41.794024], [-87.669443, 41.793969], [-87.669645, 41.801276]]]}}, {"type": "Feature", "properties": {"tract_fips": "17031808200"}, "geometry": {"type": "Polygon", "coordinates": [[[-87.806547, 42.018965], [-87.806283, 42.040816], [-87.802268, 42.040836], [-87.800703, 42.040833], [-87.800668, 42.035561], [-87.800797, 42.033602], [-87.795986, 42.033644], [-87.795933, 42.028692], [-87.796128, 42.027272], [-87.795904, 42.026409], [-87.791736, 42.026445], [-87.792843, 42.025852], [-87.791915, 42.025241], [-87.791562, 42.025452], [-87.790413, 42.025456], [-87.790408, 42.024667], [-87.789526, 42.024646], [-87.789548, 42.023715], [-87.786476, 42.023746], [-87.786481, 42.023561], [-87.782852, 42.02343], [-87.779387, 42.023585], [-87.777132, 42.019208], [-87.787138, 42.019226], [-87.802622, 42.018948], [-87.806547, 42.018965]]]}}, {"type": "Feature", "properties": {"tract_fips": "17031030300"}, "geometry": {"type": "Polygon", "coordinates": [[[-87.675012, 41.997993], [-87.670623, 41.998075], [-87.670231, 41.996388], [-87.670028, 41.990798], [-87.674705, 41.990763], [-87.675012, 41.997993]]]}}, {"type": "Feature", "properties": {"tract_fips": "17031030400"}, "geometry": {"type": "Polygon", "coordinates": [[[-87.674705, 41.990763], [-87.670028, 41.990798], [-87.669784, 41.987924], [-87.668757, 41.98349], [-87.674609, 41.983357], [-87.674705, 41.990763]]]}}, {"type": "Feature", "properties": {"tract_fips": "17031804306"}, "geometry": {"type": "Polygon", "coordinates": [[[-88.1834, 42.013473], [-88.182925, 42.018551], [-88.182319, 42.021707], [-88.180369, 42.028077], [-88.179921, 42.031675], [-88.167784, 42.031779], [-88.167854, 42.030107], [-88.167456, 42.029254], [-88.167497, 42.028896], [-88.168859, 42.029114], [-88.169634, 42.029011], [-88.170223, 42.028598], [-88.170769, 42.027779], [-88.171326, 42.027427], [-88.16982, 42.025621], [-88.169266, 42.025231], [-88.166824, 42.024264], [-88.16451, 42.023979], [-88.160589, 42.022357], [-88.161112, 42.021416], [-88.162391, 42.020117], [-88.163224, 42.018402], [-88.163578, 42.01802], [-88.165241, 42.01716], [-88.16672, 42.016718], [-88.167444, 42.016731], [-88.168774, 42.017211], [-88.169804, 42.015684], [-88.170321, 42.015314], [-88.175123, 42.013664], [-88.17567, 42.013074], [-88.176011, 42.01217], [-88.180338, 42.013049], [-88.1834, 42.013473]]]}}, {"type": "Feature", "properties": {"tract_fips": "17031020400"}, "geometry": {"type": "Polygon", "coordinates": [[[-87.690247, 42.01228], [-87.683497, 42.012211], [-87.683086, 42.012323], [-87.681931, 42.009055], [-87.680171, 42.005206], [-87.690071, 42.005033], [-87.690247, 42.01228]]]}}, {"type": "Feature", "properties": {"tract_fips": "17031080202"}, "geometry": {"type": "Polygon", "coordinates": [[[-87.633121, 41.907696], [-87.631596, 41.907834], [-87.628785, 41.907799], [-87.628678, 41.903942], [-87.633002, 41.903877], [-87.633121, 41.907696]]]}}, {"type": "Feature", "properties": {"tract_fips": "17031060200"}, "geometry": {"type": "Polygon", "coordinates": [[[-87.673977, 41.961525], [-87.669258, 41.961592], [-87.669049, 41.95429], [-87.673794, 41.954225], [-87.673977, 41.961525]]]}}, {"type": "Feature", "properties": {"tract_fips": "17031221200"}, "geometry": {"type": "Polygon", "coordinates": [[[-87.707219, 41.924716], [-87.702318, 41.924763], [-87.702089, 41.917445], [-87.706976, 41.917402], [-87.707219, 41.924716]]]}}, {"type": "Feature", "properties": {"tract_fips": "17031826500"}, "geometry": {"type": "Polygon", "coordinates": [[[-87.636197, 41.62261], [-87.632313, 41.629838], [-87.617206, 41.629901], [-87.617227, 41.644582], [-87.614397, 41.6446], [-87.609906, 41.641243], [-87.609929, 41.640667], [-87.603298, 41.63591], [-87.6027, 41.635799], [-87.602641, 41.622575], [-87.636197, 41.62261]]]}}, {"type": "Feature", "properties": {"tract_fips": "17031825302"}, "geometry": {"type": "Polygon", "coordinates": [[[-87.784365, 41.575292], [-87.780774, 41.576843], [-87.780965, 41.578913], [-87.783288, 41.579025], [-87.783326, 41.580576], [-87.777333, 41.580697], [-87.777097, 41.581592], [-87.776318, 41.582158], [-87.775957, 41.582663], [-87.774852, 41.582579], [-87.775056, 41.587974], [-87.731762, 41.588696], [-87.729851, 41.588427], [-87.727766, 41.587558], [-87.737615, 41.580041], [-87.739198, 41.578654], [-87.740355, 41.577392], [-87.742805, 41.575968], [-87.745367, 41.574004], [-87.754126, 41.573675], [-87.78429, 41.573234], [-87.784365, 41.575292]]]}}, {"type": "Feature", "properties": {"tract_fips": "17031824107"}, "geometry": {"type": "Polygon", "coordinates": [[[-87.829939, 41.601878], [-87.828957, 41.602513], [-87.828877, 41.602719], [-87.828987, 41.602863], [-87.828883, 41.603557], [-87.829105, 41.604023], [-87.829013, 41.605135], [-87.829218, 41.605752], [-87.828888, 41.606176], [-87.829087, 41.606569], [-87.828894, 41.607511], [-87.827956, 41.608043], [-87.82725, 41.608973], [-87.827418, 41.610729], [-87.827175, 41.611156], [-87.825848, 41.612109], [-87.826078, 41.612472], [-87.825937, 41.613049], [-87.827387, 41.614046], [-87.827287, 41.61531], [-87.827783, 41.615492], [-87.827434, 41.615968], [-87.826782, 41.616066], [-87.826481, 41.616405], [-87.806347, 41.616782], [-87.806253, 41.612598], [-87.805545, 41.611321], [-87.801487, 41.611486], [-87.801403, 41.609147], [-87.794374, 41.609232], [-87.79416, 41.602284], [-87.829946, 41.601744], [-87.829939, 41.601878]]]}}, {"type": "Feature", "properties": {"tract_fips": "17031830202"}, "geometry": {"type": "Polygon", "coordinates": [[[-87.703501, 41.497134], [-87.703346, 41.497631], [-87.703355, 41.499229], [-87.698375, 41.499266], [-87.69837, 41.499031], [-87.692646, 41.499142], [-87.6743, 41.499029], [-87.674274, 41.494937], [-87.682546, 41.494943], [-87.682576, 41.490842], [-87.682835, 41.490357], [-87.68382, 41.489337], [-87.68408, 41.488706], [-87.684062, 41.484653], [-87.684852, 41.484516], [-87.687271, 41.484504], [-87.691561, 41.484738], [-87.693396, 41.484495], [-87.693381, 41.481015], [-87.693596, 41.480612], [-87.700043, 41.484005], [-87.701047, 41.484275], [-87.703234, 41.484369], [-87.703295, 41.4955], [-87.703072, 41.496141], [-87.703501, 41.497134]]]}}, {"type": "Feature", "properties": {"tract_fips": "17031061200"}, "geometry": {"type": "Polygon", "coordinates": [[[-87.664125, 41.950976], [-87.659269, 41.951048], [-87.659168, 41.947149], [-87.664015, 41.947068], [-87.664125, 41.950976]]]}}, {"type": "Feature", "properties": {"tract_fips": "17031030200"}, "geometry": {"type": "Polygon", "coordinates": [[[-87.670623, 41.998075], [-87.660553, 41.998189], [-87.660266, 41.990002], [-87.661551, 41.989977], [-87.661576, 41.990904], [-87.670028, 41.990798], [-87.670231, 41.996388], [-87.670623, 41.998075]]]}}, {"type": "Feature", "properties": {"tract_fips": "17031030900"}, "geometry": {"type": "Polygon", "coordinates": [[[-87.674609, 41.983357], [-87.668757, 41.98349], [-87.668272, 41.979732], [-87.668417, 41.976191], [-87.674408, 41.976103], [-87.674609, 41.983357]]]}}, {"type": "Feature", "properties": {"tract_fips": "17031031000"}, "geometry": {"type": "Polygon", "coordinates": [[[-87.674408, 41.976103], [-87.668417, 41.976191], [-87.667497, 41.9689], [-87.674174, 41.968822], [-87.674408, 41.976103]]]}}, {"type": "Feature", "properties": {"tract_fips": "17031823603"}, "geometry": {"type": "Polygon", "coordinates": [[[-87.738384, 41.655738], [-87.733099, 41.65378], [-87.727944, 41.652552], [-87.725445, 41.652155], [-87.725306, 41.651874], [-87.725023, 41.651804], [-87.718768, 41.651334], [-87.713849, 41.651233], [-87.704149, 41.651433], [-87.704167, 41.651948], [-87.702058, 41.65202], [-87.701626, 41.652201], [-87.700506, 41.652081], [-87.689232, 41.652521], [-87.689005, 41.65268], [-87.688925, 41.652526], [-87.679927, 41.652461], [-87.680014, 41.651452], [-87.67975, 41.648193], [-87.738082, 41.647163], [-87.738384, 41.655738]]]}}, {"type": "Feature", "properties": {"tract_fips": "17031980000"}, "geometry": {"type": "Polygon", "coordinates": [[[-87.940247, 42.007172], [-87.934844, 42.005784], [-87.921516, 42.003853], [-87.920754, 42.003968], [-87.920464, 42.005629], [-87.91884, 42.005393], [-87.915719, 42.005272], [-87.914806, 42.004953], [-87.910905, 42.004381], [-87.908271, 42.003618], [-87.9066, 42.004013], [-87.905716, 42.003721], [-87.904237, 42.003611], [-87.903803, 42.003743], [-87.902507, 42.003402], [-87.899122, 42.00177], [-87.891342, 42.001938], [-87.890658, 42.001614], [-87.889952, 42.001031], [-87.889392, 42.000932], [-87.888671, 42.000268], [-87.884541, 41.998959], [-87.88461, 41.994292], [-87.884329, 41.993205], [-87.88338, 41.991861], [-87.880893, 41.990268], [-87.879995, 41.989506], [-87.879336, 41.98849], [-87.87905, 41.987547], [-87.878824, 41.985536], [-87.879113, 41.979755], [-87.878972, 41.97715], [-87.876746, 41.969302], [-87.876512, 41.967824], [-87.876595, 41.966428], [-87.876847, 41.965388], [-87.877758, 41.963501], [-87.879393, 41.96156], [-87.883242, 41.95853], [-87.884297, 41.957526], [-87.889256, 41.957974], [-87.893087, 41.958086], [-87.893248, 41.954707], [-87.892663, 41.95213], [-87.892661, 41.950712], [-87.897162, 41.950637], [-87.905289, 41.951339], [-87.90826, 41.951851], [-87.914454, 41.953536], [-87.914451, 41.956808], [-87.916554, 41.957647], [-87.920171, 41.958165], [-87.920113, 41.964796], [-87.920476, 41.993886], [-87.939946, 41.993481], [-87.940247, 42.007172]]]}}, {"type": "Feature", "properties": {"tract_fips": "17031822400"}, "geometry": {"type": "Polygon", "coordinates": [[[-87.798757, 41.722858], [-87.798349, 41.722704], [-87.798204, 41.720944], [-87.79732, 41.72062], [-87.797396, 41.722912], [-87.789788, 41.723054], [-87.790075, 41.731335], [-87.793913, 41.731264], [-87.793998, 41.733586], [-87.779854, 41.733847], [-87.780323, 41.733179], [-87.780384, 41.732253], [-87.779939, 41.7196], [-87.785416, 41.719505], [-87.785397, 41.719041], [-87.784807, 41.719033], [-87.784665, 41.714022], [-87.785834, 41.713998], [-87.785792, 41.712822], [-87.786371, 41.712805], [-87.786366, 41.712669], [-87.789453, 41.712631], [-87.789553, 41.715756], [-87.793995, 41.715664], [-87.794038, 41.714671], [-87.793753, 41.713836], [-87.793929, 41.713834], [-87.793866, 41.712001], [-87.798374, 41.711904], [-87.798757, 41.722858]]]}}, {"type": "Feature", "properties": {"tract_fips": "17031815702"}, "geometry": {"type": "Polygon", "coordinates": [[[-87.832192, 41.831377], [-87.832159, 41.835301], [-87.822571, 41.835478], [-87.822574, 41.835022], [-87.818616, 41.835121], [-87.814657, 41.834539], [-87.812366, 41.834795], [-87.810255, 41.834292], [-87.808179, 41.833387], [-87.806737, 41.83218], [-87.80623, 41.83139], [-87.805124, 41.828914], [-87.804882, 41.827762], [-87.804988, 41.826978], [-87.805329, 41.826414], [-87.805611, 41.826399], [-87.805897, 41.825968], [-87.806614, 41.82381], [-87.805797, 41.823554], [-87.805006, 41.822747], [-87.804751, 41.822326], [-87.804699, 41.821149], [-87.810331, 41.820987], [-87.818276, 41.821075], [-87.821305, 41.820885], [-87.821683, 41.821063], [-87.831687, 41.820602], [-87.831679, 41.824155], [-87.831993, 41.826448], [-87.832192, 41.831377]]]}}, {"type": "Feature", "properties": {"tract_fips": "17031600600"}, "geometry": {"type": "Polygon", "coordinates": [[[-87.660811, 41.845927], [-87.658043, 41.847724], [-87.656693, 41.846508], [-87.649408, 41.838005], [-87.654359, 41.837937], [-87.660298, 41.844854], [-87.660811, 41.845927]]]}}, {"type": "Feature", "properties": {"tract_fips": "17031817900"}, "geometry": {"type": "Polygon", "coordinates": [[[-87.858097, 41.867731], [-87.853185, 41.867864], [-87.853333, 41.871338], [-87.848422, 41.871468], [-87.848116, 41.864183], [-87.833405, 41.864456], [-87.832835, 41.849842], [-87.852457, 41.849455], [-87.852888, 41.860404], [-87.857785, 41.86028], [-87.858097, 41.867731]]]}}, {"type": "Feature", "properties": {"tract_fips": "17031811900"}, "geometry": {"type": "Polygon", "coordinates": [[[-87.834741, 41.896516], [-87.833647, 41.901106], [-87.832905, 41.902789], [-87.832371, 41.903586], [-87.830755, 41.904799], [-87.827851, 41.905767], [-87.826024, 41.906701], [-87.824798, 41.9077], [-87.824511, 41.908562], [-87.805748, 41.908904], [-87.805239, 41.894224], [-87.82554, 41.893825], [-87.830837, 41.893931], [-87.833612, 41.893732], [-87.834536, 41.895035], [-87.834741, 41.896516]]]}}, {"type": "Feature", "properties": {"tract_fips": "17031420600"}, "geometry": {"type": "Polygon", "coordinates": [[[-87.61576, 41.785699], [-87.610918, 41.785788], [-87.610802, 41.780325], [-87.615622, 41.780239], [-87.61576, 41.785699]]]}}, {"type": "Feature", "properties": {"tract_fips": "17031110100"}, "geometry": {"type": "Polygon", "coordinates": [[[-87.78287, 41.996274], [-87.782861, 41.9974], [-87.780024, 41.997414], [-87.779829, 41.996894], [-87.779249, 41.996699], [-87.778394, 41.997078], [-87.777365, 41.996951], [-87.776771, 41.997204], [-87.775771, 41.996644], [-87.773851, 41.996984], [-87.772601, 41.996862], [-87.771701, 41.996547], [-87.771324, 41.996113], [-87.77123, 41.995649], [-87.771254, 41.99514], [-87.771502, 41.994689], [-87.772249, 41.994045], [-87.77356, 41.993538], [-87.773739, 41.99312], [-87.773422, 41.992322], [-87.772799, 41.991725], [-87.770981, 41.991356], [-87.770947, 41.991072], [-87.771481, 41.99083], [-87.771744, 41.990084], [-87.771317, 41.989389], [-87.770491, 41.988979], [-87.767894, 41.988732], [-87.767682, 41.989076], [-87.767761, 41.989448], [-87.767148, 41.989867], [-87.766367, 41.990084], [-87.76514, 41.989877], [-87.764411, 41.989406], [-87.764023, 41.9894], [-87.762931, 41.989864], [-87.76281, 41.990124], [-87.762915, 41.99055], [-87.762559, 41.99068], [-87.762151, 41.990129], [-87.761686, 41.988822], [-87.7618, 41.988466], [-87.762349, 41.988206], [-87.762366, 41.98795], [-87.762036, 41.9877], [-87.761445, 41.987652], [-87.760568, 41.98796], [-87.754954, 41.977222], [-87.761213, 41.981065], [-87.761728, 41.980683], [-87.762541, 41.981152], [-87.768377, 41.98112], [-87.768345, 41.98294], [-87.778038, 41.982905], [-87.777819, 41.993857], [-87.781349, 41.995428], [-87.78287, 41.996274]]]}}, {"type": "Feature", "properties": {"tract_fips": "17031031400"}, "geometry": {"type": "Polygon", "coordinates": [[[-87.650118, 41.969156], [-87.644201, 41.969814], [-87.634217, 41.969819], [-87.627754, 41.964632], [-87.634054, 41.956232], [-87.641078, 41.954846], [-87.6497, 41.954561], [-87.650118, 41.969156]]]}}, {"type": "Feature", "properties": {"tract_fips": "17031040900"}, "geometry": {"type": "Polygon", "coordinates": [[[-87.688791, 41.964868], [-87.679083, 41.965096], [-87.678959, 41.961458], [-87.688683, 41.961313], [-87.688791, 41.964868]]]}}, {"type": "Feature", "properties": {"tract_fips": "17031050200"}, "geometry": {"type": "Polygon", "coordinates": [[[-87.688683, 41.961313], [-87.678959, 41.961458], [-87.678754, 41.954162], [-87.688467, 41.954032], [-87.688683, 41.961313]]]}}, {"type": "Feature", "properties": {"tract_fips": "17031050300"}, "geometry": {"type": "Polygon", "coordinates": [[[-87.69476, 41.961273], [-87.688683, 41.961313], [-87.688467, 41.954032], [-87.694446, 41.953994], [-87.694356, 41.957726], [-87.69476, 41.961273]]]}}, {"type": "Feature", "properties": {"tract_fips": "17031818600"}, "geometry": {"type": "Polygon", "coordinates": [[[-87.880604, 41.847593], [-87.879413, 41.848165], [-87.878038, 41.848061], [-87.876639, 41.847193], [-87.875791, 41.845889], [-87.875071, 41.845617], [-87.872986, 41.846033], [-87.872172, 41.846571], [-87.871157, 41.846335], [-87.870194, 41.846351], [-87.869705, 41.845738], [-87.867893, 41.845411], [-87.866839, 41.845352], [-87.864702, 41.845642], [-87.864515, 41.845501], [-87.864463, 41.845057], [-87.86398, 41.844718], [-87.860251, 41.843853], [-87.858378, 41.842782], [-87.857975, 41.842881], [-87.856993, 41.843733], [-87.85433, 41.844436], [-87.854167, 41.844643], [-87.854217, 41.84516], [-87.853311, 41.845456], [-87.85312, 41.846064], [-87.852585, 41.845976], [-87.852294, 41.845801], [-87.851813, 41.834854], [-87.874229, 41.834263], [-87.875786, 41.837835], [-87.878027, 41.842276], [-87.878995, 41.84468], [-87.880604, 41.847593]]]}}, {"type": "Feature", "properties": {"tract_fips": "17031804807"}, "geometry": {"type": "Polygon", "coordinates": [[[-88.131249, 42.003374], [-88.131198, 42.005635], [-88.130139, 42.006555], [-88.129993, 42.008057], [-88.129039, 42.009227], [-88.12889, 42.012062], [-88.128259, 42.013828], [-88.128258, 42.015193], [-88.12855, 42.016136], [-88.12719, 42.016506], [-88.125445, 42.017553], [-88.124447, 42.017826], [-88.121859, 42.017776], [-88.121004, 42.017504], [-88.119925, 42.016818], [-88.119461, 42.016689], [-88.119189, 42.016691], [-88.119187, 42.017161], [-88.117202, 42.01718], [-88.114137, 42.018015], [-88.112887, 42.018059], [-88.111745, 42.017755], [-88.110211, 42.017708], [-88.110332, 42.016516], [-88.110941, 42.015366], [-88.110549, 42.014438], [-88.110522, 42.013322], [-88.111755, 42.011041], [-88.111593, 42.010521], [-88.110633, 42.009761], [-88.110163, 42.008969], [-88.110087, 42.004209], [-88.131249, 42.003374]]]}}, {"type": "Feature", "properties": {"tract_fips": "17031823903"}, "geometry": {"type": "Polygon", "coordinates": [[[-87.843779, 41.645199], [-87.821575, 41.667858], [-87.809019, 41.680289], [-87.796989, 41.677923], [-87.796887, 41.675325], [-87.806555, 41.675122], [-87.805677, 41.653293], [-87.821804, 41.652971], [-87.821787, 41.652431], [-87.822244, 41.651741], [-87.822158, 41.649302], [-87.822501, 41.649296], [-87.822347, 41.645619], [-87.843779, 41.645199]]]}}, {"type": "Feature", "properties": {"tract_fips": "17031815701"}, "geometry": {"type": "Polygon", "coordinates": [[[-87.822852, 41.84284], [-87.811698, 41.843086], [-87.80348, 41.843088], [-87.802612, 41.821153], [-87.804699, 41.821149], [-87.804751, 41.822326], [-87.805006, 41.822747], [-87.805797, 41.823554], [-87.806614, 41.82381], [-87.805897, 41.825968], [-87.805611, 41.826399], [-87.805329, 41.826414], [-87.805054, 41.826781], [-87.804882, 41.827762], [-87.805124, 41.828914], [-87.806359, 41.831638], [-87.807689, 41.833054], [-87.809032, 41.833815], [-87.810559, 41.834401], [-87.812104, 41.834776], [-87.814657, 41.834539], [-87.818616, 41.835121], [-87.822574, 41.835022], [-87.822852, 41.84284]]]}}, {"type": "Feature", "properties": {"tract_fips": "17031811600"}, "geometry": {"type": "Polygon", "coordinates": [[[-87.890763, 41.95803], [-87.884297, 41.957526], [-87.881022, 41.956805], [-87.858104, 41.953766], [-87.854904, 41.953106], [-87.847654, 41.952686], [-87.847765, 41.951676], [-87.854117, 41.951328], [-87.855078, 41.94916], [-87.855249, 41.948284], [-87.854205, 41.945988], [-87.85528, 41.94582], [-87.855359, 41.946017], [-87.85885, 41.945911], [-87.85886, 41.946801], [-87.858709, 41.946911], [-87.858799, 41.947928], [-87.86342, 41.947519], [-87.862835, 41.946047], [-87.863373, 41.94598], [-87.875651, 41.945657], [-87.875673, 41.94613], [-87.878095, 41.946086], [-87.878109, 41.946403], [-87.880545, 41.946428], [-87.880503, 41.945547], [-87.884884, 41.945386], [-87.885395, 41.945561], [-87.885679, 41.953284], [-87.890663, 41.95343], [-87.890463, 41.95463], [-87.890763, 41.95803]]]}}, {"type": "Feature", "properties": {"tract_fips": "17031802900"}, "geometry": {"type": "Polygon", "coordinates": [[[-87.98289, 42.090143], [-87.982867, 42.102806], [-87.980444, 42.102789], [-87.980436, 42.109899], [-87.965862, 42.109979], [-87.96587, 42.109126], [-87.966039, 42.108639], [-87.966025, 42.103439], [-87.96601, 42.103102], [-87.965727, 42.102715], [-87.951588, 42.093225], [-87.945266, 42.088057], [-87.95469, 42.088115], [-87.955049, 42.087862], [-87.956263, 42.088129], [-87.975625, 42.088252], [-87.975597, 42.090067], [-87.98289, 42.090143]]]}}, {"type": "Feature", "properties": {"tract_fips": "17031031700"}, "geometry": {"type": "Polygon", "coordinates": [[[-87.667497, 41.9689], [-87.65967, 41.969025], [-87.659585, 41.961716], [-87.665954, 41.961635], [-87.667497, 41.9689]]]}}, {"type": "Feature", "properties": {"tract_fips": "17031610400"}, "geometry": {"type": "Polygon", "coordinates": [[[-87.669926, 41.812197], [-87.665064, 41.812222], [-87.664973, 41.808604], [-87.669828, 41.808557], [-87.669926, 41.812197]]]}}, {"type": "Feature", "properties": {"tract_fips": "17031050600"}, "geometry": {"type": "Polygon", "coordinates": [[[-87.678754, 41.954162], [-87.673794, 41.954225], [-87.673625, 41.946928], [-87.678553, 41.946864], [-87.678754, 41.954162]]]}}, {"type": "Feature", "properties": {"tract_fips": "17031801605"}, "geometry": {"type": "Polygon", "coordinates": [[[-87.88728, 42.128748], [-87.887243, 42.137818], [-87.887121, 42.138539], [-87.848424, 42.138333], [-87.848724, 42.123832], [-87.858506, 42.123854], [-87.858504, 42.124326], [-87.863395, 42.124317], [-87.863535, 42.123758], [-87.868173, 42.123764], [-87.868334, 42.124777], [-87.870213, 42.124659], [-87.872037, 42.124888], [-87.87488, 42.124655], [-87.877697, 42.12487], [-87.879008, 42.124765], [-87.878977, 42.124312], [-87.879865, 42.12431], [-87.880039, 42.124827], [-87.879057, 42.124867], [-87.879439, 42.127513], [-87.887071, 42.127474], [-87.88728, 42.128748]]]}}, {"type": "Feature", "properties": {"tract_fips": "17031801800"}, "geometry": {"type": "Polygon", "coordinates": [[[-87.813056, 42.123195], [-87.810913, 42.123627], [-87.793804, 42.123475], [-87.79143, 42.123224], [-87.791467, 42.123851], [-87.790737, 42.124439], [-87.790987, 42.124949], [-87.791796, 42.125669], [-87.792681, 42.125812], [-87.79291, 42.126443], [-87.792777, 42.126965], [-87.7935, 42.127805], [-87.795137, 42.128145], [-87.796162, 42.127948], [-87.797194, 42.128272], [-87.797563, 42.128651], [-87.797747, 42.129326], [-87.79816, 42.129639], [-87.79819, 42.130501], [-87.798735, 42.130847], [-87.798728, 42.131391], [-87.799628, 42.132511], [-87.801611, 42.134262], [-87.802541, 42.1353], [-87.803308, 42.135613], [-87.804864, 42.135399], [-87.805189, 42.135525], [-87.805476, 42.135778], [-87.805985, 42.136881], [-87.807453, 42.137672], [-87.806826, 42.138056], [-87.779852, 42.137871], [-87.780363, 42.123527], [-87.770274, 42.123355], [-87.770801, 42.106038], [-87.770695, 42.095939], [-87.770811, 42.094972], [-87.770668, 42.094135], [-87.798082, 42.094484], [-87.799114, 42.106678], [-87.799333, 42.107267], [-87.802657, 42.111564], [-87.805662, 42.115106], [-87.811471, 42.120276], [-87.813056, 42.123195]]]}}, {"type": "Feature", "properties": {"tract_fips": "17031800400"}, "geometry": {"type": "Polygon", "coordinates": [[[-87.744382, 42.119333], [-87.74153, 42.119326], [-87.741768, 42.122661], [-87.741729, 42.124187], [-87.740935, 42.124549], [-87.741116, 42.127494], [-87.740713, 42.127091], [-87.74089, 42.127008], [-87.740691, 42.126739], [-87.73951, 42.125664], [-87.739694, 42.125581], [-87.739189, 42.125011], [-87.725967, 42.125012], [-87.703526, 42.101725], [-87.708208, 42.097838], [-87.713032, 42.093498], [-87.717479, 42.093524], [-87.717508, 42.091704], [-87.7214, 42.091837], [-87.744382, 42.119333]]]}}, {"type": "Feature", "properties": {"tract_fips": "17031071700"}, "geometry": {"type": "Polygon", "coordinates": [[[-87.64355, 41.914625], [-87.638704, 41.914676], [-87.638592, 41.911115], [-87.643431, 41.911018], [-87.64355, 41.914625]]]}}, {"type": "Feature", "properties": {"tract_fips": "17031031800"}, "geometry": {"type": "Polygon", "coordinates": [[[-87.674174, 41.968822], [-87.667497, 41.9689], [-87.666734, 41.965271], [-87.674078, 41.965169], [-87.674174, 41.968822]]]}}, {"type": "Feature", "properties": {"tract_fips": "17031819000"}, "geometry": {"type": "Polygon", "coordinates": [[[-87.918952, 41.833149], [-87.874229, 41.834263], [-87.872587, 41.826858], [-87.871879, 41.824539], [-87.870482, 41.822434], [-87.870129, 41.81978], [-87.880458, 41.819497], [-87.884066, 41.819346], [-87.884043, 41.819241], [-87.885818, 41.819344], [-87.899052, 41.818996], [-87.90735, 41.818605], [-87.909964, 41.818876], [-87.911191, 41.818608], [-87.913629, 41.818636], [-87.918245, 41.817872], [-87.918952, 41.833149]]]}}, {"type": "Feature", "properties": {"tract_fips": "17031050500"}, "geometry": {"type": "Polygon", "coordinates": [[[-87.688467, 41.954032], [-87.678754, 41.954162], [-87.678553, 41.946864], [-87.688258, 41.946731], [-87.688467, 41.954032]]]}}, {"type": "Feature", "properties": {"tract_fips": "17031823904"}, "geometry": {"type": "Polygon", "coordinates": [[[-87.822501, 41.649296], [-87.822158, 41.649302], [-87.822244, 41.651741], [-87.821787, 41.652431], [-87.821804, 41.652971], [-87.805677, 41.653293], [-87.806555, 41.675122], [-87.796887, 41.675325], [-87.795708, 41.64623], [-87.822347, 41.645619], [-87.822501, 41.649296]]]}}, {"type": "Feature", "properties": {"tract_fips": "17031820103"}, "geometry": {"type": "Polygon", "coordinates": [[[-87.888789, 41.804646], [-87.884642, 41.804742], [-87.884587, 41.803836], [-87.883991, 41.803639], [-87.88394, 41.802959], [-87.879048, 41.803044], [-87.878641, 41.793928], [-87.872599, 41.794049], [-87.872664, 41.795873], [-87.873805, 41.79585], [-87.87389, 41.797672], [-87.868972, 41.797777], [-87.869056, 41.799601], [-87.866605, 41.799651], [-87.866525, 41.797828], [-87.864082, 41.79788], [-87.864224, 41.80153], [-87.859316, 41.801612], [-87.858667, 41.785211], [-87.868466, 41.785003], [-87.868676, 41.790467], [-87.888157, 41.790048], [-87.888789, 41.804646]]]}}, {"type": "Feature", "properties": {"tract_fips": "17031805801"}, "geometry": {"type": "Polygon", "coordinates": [[[-87.874657, 42.022898], [-87.874867, 42.025043], [-87.873882, 42.025171], [-87.866219, 42.024615], [-87.85523, 42.024986], [-87.85528, 42.010454], [-87.861355, 42.010293], [-87.863566, 42.011777], [-87.864945, 42.012966], [-87.866417, 42.016273], [-87.866481, 42.017194], [-87.867109, 42.017809], [-87.867815, 42.017918], [-87.869133, 42.017202], [-87.870191, 42.016273], [-87.870931, 42.015976], [-87.871898, 42.016049], [-87.872856, 42.016491], [-87.873851, 42.017333], [-87.874062, 42.017672], [-87.874096, 42.01825], [-87.873867, 42.018676], [-87.872277, 42.019651], [-87.872043, 42.020075], [-87.872097, 42.020535], [-87.872216, 42.020806], [-87.872808, 42.021056], [-87.874218, 42.02214], [-87.874657, 42.022898]]]}}, {"type": "Feature", "properties": {"tract_fips": "17031071600"}, "geometry": {"type": "Polygon", "coordinates": [[[-87.643667, 41.918253], [-87.638816, 41.918322], [-87.638704, 41.914676], [-87.64355, 41.914625], [-87.643667, 41.918253]]]}}, {"type": "Feature", "properties": {"tract_fips": "17031828505"}, "geometry": {"type": "Polygon", "coordinates": [[[-87.583692, 41.557472], [-87.525417, 41.557543], [-87.525404, 41.547823], [-87.529618, 41.54775], [-87.529589, 41.542925], [-87.558636, 41.542825], [-87.558341, 41.521035], [-87.580109, 41.520806], [-87.581635, 41.523789], [-87.582092, 41.525233], [-87.582395, 41.527024], [-87.582676, 41.546915], [-87.583613, 41.552299], [-87.583692, 41.557472]]]}}, {"type": "Feature", "properties": {"tract_fips": "17031830004"}, "geometry": {"type": "Polygon", "coordinates": [[[-87.7518, 41.527954], [-87.713287, 41.527937], [-87.713169, 41.510273], [-87.712556, 41.510249], [-87.712089, 41.509937], [-87.711709, 41.510024], [-87.711446, 41.50975], [-87.71087, 41.509723], [-87.708462, 41.513444], [-87.69578, 41.513445], [-87.69962, 41.506161], [-87.75165, 41.506145], [-87.75165, 41.507033], [-87.75135, 41.508059], [-87.751335, 41.512327], [-87.751107, 41.512781], [-87.749656, 41.514093], [-87.74938, 41.514518], [-87.749277, 41.517444], [-87.748939, 41.518453], [-87.748916, 41.519064], [-87.749062, 41.522463], [-87.749538, 41.523195], [-87.751118, 41.524437], [-87.751556, 41.525023], [-87.751742, 41.525683], [-87.7518, 41.527954]]]}}, {"type": "Feature", "properties": {"tract_fips": "17031828503"}, "geometry": {"type": "Polygon", "coordinates": [[[-87.580109, 41.520806], [-87.558341, 41.521035], [-87.558225, 41.506482], [-87.533644, 41.506475], [-87.529554, 41.501259], [-87.529231, 41.500413], [-87.529176, 41.498896], [-87.525553, 41.498876], [-87.52554, 41.49463], [-87.536341, 41.495785], [-87.540045, 41.495932], [-87.543899, 41.494985], [-87.544496, 41.494588], [-87.545949, 41.492998], [-87.546996, 41.492534], [-87.553054, 41.491723], [-87.555972, 41.491905], [-87.567592, 41.488359], [-87.570705, 41.488171], [-87.577559, 41.487088], [-87.577879, 41.51467], [-87.578196, 41.516545], [-87.578618, 41.517874], [-87.580109, 41.520806]]]}}, {"type": "Feature", "properties": {"tract_fips": "17031802002"}, "geometry": {"type": "Polygon", "coordinates": [[[-87.846807, 42.065815], [-87.846775, 42.067813], [-87.846637, 42.068261], [-87.846298, 42.068432], [-87.844816, 42.068448], [-87.844744, 42.069411], [-87.84444, 42.069419], [-87.844402, 42.073084], [-87.83955, 42.073067], [-87.839428, 42.087547], [-87.83847, 42.087541], [-87.838447, 42.090393], [-87.838285, 42.090547], [-87.836957, 42.090559], [-87.83696, 42.090232], [-87.834854, 42.09022], [-87.834946, 42.087509], [-87.835751, 42.087519], [-87.835766, 42.0821], [-87.834569, 42.08208], [-87.834578, 42.080272], [-87.829743, 42.080237], [-87.829801, 42.077784], [-87.821127, 42.077728], [-87.819534, 42.072939], [-87.816754, 42.065666], [-87.845259, 42.065798], [-87.846807, 42.065815]]]}}, {"type": "Feature", "properties": {"tract_fips": "17031826202"}, "geometry": {"type": "Polygon", "coordinates": [[[-87.549394, 41.601018], [-87.545703, 41.600983], [-87.543092, 41.600556], [-87.532223, 41.597198], [-87.525222, 41.594335], [-87.525382, 41.593531], [-87.525428, 41.587859], [-87.525302, 41.581361], [-87.526941, 41.581762], [-87.527756, 41.582253], [-87.527843, 41.582521], [-87.527135, 41.583935], [-87.527098, 41.584885], [-87.52785, 41.585198], [-87.529334, 41.585188], [-87.530207, 41.585379], [-87.530369, 41.585555], [-87.530419, 41.58626], [-87.5308, 41.587459], [-87.531076, 41.587911], [-87.53154, 41.587959], [-87.535048, 41.587242], [-87.53563, 41.587468], [-87.536117, 41.588467], [-87.536749, 41.588725], [-87.538157, 41.587929], [-87.539081, 41.586949], [-87.539634, 41.586905], [-87.541896, 41.588872], [-87.542436, 41.58957], [-87.540633, 41.592052], [-87.540599, 41.592508], [-87.540784, 41.592784], [-87.542267, 41.593358], [-87.544116, 41.593732], [-87.547246, 41.593279], [-87.549319, 41.594082], [-87.549394, 41.601018]]]}}, {"type": "Feature", "properties": {"tract_fips": "17031671400"}, "geometry": {"type": "Polygon", "coordinates": [[[-87.678797, 41.776364], [-87.67849, 41.779247], [-87.673905, 41.779316], [-87.673625, 41.768441], [-87.67862, 41.768385], [-87.678797, 41.776364]]]}}, {"type": "Feature", "properties": {"tract_fips": "17031800700"}, "geometry": {"type": "Polygon", "coordinates": [[[-87.771379, 42.08762], [-87.76963, 42.087487], [-87.766304, 42.086503], [-87.766328, 42.085263], [-87.766107, 42.085059], [-87.751789, 42.08487], [-87.745352, 42.085441], [-87.741916, 42.085192], [-87.741774, 42.093811], [-87.736385, 42.093763], [-87.733722, 42.094825], [-87.733435, 42.093808], [-87.726685, 42.093636], [-87.72252, 42.082484], [-87.722516, 42.079057], [-87.771246, 42.079703], [-87.771348, 42.080693], [-87.771062, 42.086921], [-87.771379, 42.08762]]]}}, {"type": "Feature", "properties": {"tract_fips": "17031818401"}, "geometry": {"type": "Polygon", "coordinates": [[[-87.920462, 41.867465], [-87.918987, 41.868564], [-87.916886, 41.86962], [-87.916161, 41.870456], [-87.915339, 41.870932], [-87.91264, 41.871778], [-87.909532, 41.873036], [-87.907626, 41.873521], [-87.905619, 41.873807], [-87.902959, 41.873864], [-87.899393, 41.873315], [-87.896998, 41.872499], [-87.893517, 41.870866], [-87.890635, 41.870078], [-87.887765, 41.869802], [-87.882791, 41.869915], [-87.88208, 41.855823], [-87.883136, 41.855405], [-87.892422, 41.85517], [-87.893424, 41.855495], [-87.89464, 41.855614], [-87.90171, 41.855435], [-87.901396, 41.848149], [-87.919238, 41.847681], [-87.919395, 41.854039], [-87.920299, 41.861598], [-87.920462, 41.867465]]]}}, {"type": "Feature", "properties": {"tract_fips": "17031062300"}, "geometry": {"type": "Polygon", "coordinates": [[[-87.663917, 41.943418], [-87.659073, 41.943493], [-87.658969, 41.939838], [-87.663821, 41.939765], [-87.663917, 41.943418]]]}}, {"type": "Feature", "properties": {"tract_fips": "17031823102"}, "geometry": {"type": "Polygon", "coordinates": [[[-87.797104, 41.680813], [-87.788189, 41.681054], [-87.788822, 41.696629], [-87.787889, 41.697482], [-87.779112, 41.697682], [-87.778832, 41.690398], [-87.75921, 41.690553], [-87.758912, 41.683246], [-87.778572, 41.682971], [-87.778159, 41.674082], [-87.796989, 41.677923], [-87.797104, 41.680813]]]}}, {"type": "Feature", "properties": {"tract_fips": "17031630400"}, "geometry": {"type": "Polygon", "coordinates": [[[-87.703766, 41.800821], [-87.694, 41.800989], [-87.693798, 41.793691], [-87.703554, 41.793514], [-87.703766, 41.800821]]]}}, {"type": "Feature", "properties": {"tract_fips": "17031010100"}, "geometry": {"type": "Polygon", "coordinates": [[[-87.677199, 42.022942], [-87.665857, 42.023135], [-87.665104, 42.023019], [-87.664636, 42.02194], [-87.664754, 42.021918], [-87.664261, 42.021292], [-87.664055, 42.021347], [-87.66379, 42.02038], [-87.664077, 42.020161], [-87.66368, 42.019398], [-87.668243, 42.019214], [-87.668245, 42.019365], [-87.67331, 42.019387], [-87.677104, 42.022552], [-87.677199, 42.022942]]]}}, {"type": "Feature", "properties": {"tract_fips": "17031822802"}, "geometry": {"type": "Polygon", "coordinates": [[[-87.740133, 41.701903], [-87.720759, 41.702225], [-87.720317, 41.691271], [-87.730073, 41.691141], [-87.730313, 41.698407], [-87.740001, 41.698244], [-87.740133, 41.701903]]]}}, {"type": "Feature", "properties": {"tract_fips": "17031827902"}, "geometry": {"type": "Polygon", "coordinates": [[[-87.558896, 41.586991], [-87.558612, 41.594518], [-87.557886, 41.594694], [-87.55646, 41.594616], [-87.553149, 41.595257], [-87.552649, 41.595005], [-87.552188, 41.593532], [-87.551735, 41.593182], [-87.551194, 41.5933], [-87.550258, 41.593942], [-87.549601, 41.59414], [-87.547246, 41.593279], [-87.54445, 41.593743], [-87.542267, 41.593358], [-87.540897, 41.592851], [-87.540575, 41.592367], [-87.540811, 41.591722], [-87.542212, 41.58996], [-87.542415, 41.589464], [-87.539634, 41.586905], [-87.539081, 41.586949], [-87.538157, 41.587929], [-87.536749, 41.588725], [-87.536117, 41.588467], [-87.53563, 41.587468], [-87.535048, 41.587242], [-87.531251, 41.587968], [-87.5308, 41.587459], [-87.530419, 41.58626], [-87.530369, 41.585555], [-87.530207, 41.585379], [-87.527224, 41.585035], [-87.527047, 41.584712], [-87.527119, 41.584], [-87.527843, 41.58238], [-87.527153, 41.581846], [-87.525302, 41.581361], [-87.525281, 41.577107], [-87.527999, 41.57763], [-87.531639, 41.577886], [-87.548204, 41.577852], [-87.548264, 41.577699], [-87.550848, 41.577633], [-87.558857, 41.577619], [-87.558896, 41.586991]]]}}, {"type": "Feature", "properties": {"tract_fips": "17031829902"}, "geometry": {"type": "Polygon", "coordinates": [[[-87.771108, 41.536007], [-87.771142, 41.542648], [-87.71339, 41.542503], [-87.713348, 41.549727], [-87.713469, 41.549753], [-87.713614, 41.557132], [-87.694196, 41.557165], [-87.693889, 41.527995], [-87.751241, 41.527946], [-87.771079, 41.528128], [-87.770967, 41.534249], [-87.771108, 41.536007]]]}}, {"type": "Feature", "properties": {"tract_fips": "17031804712"}, "geometry": {"type": "Polygon", "coordinates": [[[-88.137759, 42.04679], [-88.126171, 42.047284], [-88.126121, 42.045273], [-88.126949, 42.044166], [-88.127262, 42.043034], [-88.128162, 42.041799], [-88.128287, 42.041181], [-88.12822, 42.04014], [-88.121379, 42.040389], [-88.119265, 42.039582], [-88.119094, 42.03913], [-88.119158, 42.025838], [-88.128909, 42.025438], [-88.128913, 42.02608], [-88.12929, 42.026469], [-88.131218, 42.026667], [-88.13388, 42.027574], [-88.134332, 42.027912], [-88.134514, 42.028607], [-88.134515, 42.030187], [-88.134358, 42.030603], [-88.13087, 42.032316], [-88.130448, 42.032678], [-88.130364, 42.035789], [-88.132982, 42.035955], [-88.133325, 42.036115], [-88.133438, 42.039859], [-88.136729, 42.039679], [-88.136595, 42.041028], [-88.137229, 42.042951], [-88.137066, 42.044897], [-88.137691, 42.04614], [-88.137759, 42.04679]]]}}, {"type": "Feature", "properties": {"tract_fips": "17031680600"}, "geometry": {"type": "Polygon", "coordinates": [[[-87.654684, 41.786886], [-87.649828, 41.786956], [-87.649643, 41.779674], [-87.654502, 41.779608], [-87.654684, 41.786886]]]}}, {"type": "Feature", "properties": {"tract_fips": "17031803010"}, "geometry": {"type": "Polygon", "coordinates": [[[-88.004474, 42.148058], [-88.004466, 42.153645], [-87.961974, 42.153546], [-87.958935, 42.1501], [-87.958761, 42.149582], [-87.958525, 42.147127], [-87.966139, 42.147178], [-87.968164, 42.146619], [-87.972741, 42.146655], [-87.973, 42.146677], [-87.973739, 42.147234], [-87.976024, 42.147281], [-87.978316, 42.147789], [-87.981016, 42.147801], [-87.982606, 42.147404], [-87.983648, 42.146708], [-87.984452, 42.14643], [-87.988928, 42.146375], [-87.98964, 42.146567], [-87.990857, 42.147446], [-87.991489, 42.147636], [-87.993325, 42.147568], [-87.996359, 42.14781], [-88.004474, 42.148058]]]}}, {"type": "Feature", "properties": {"tract_fips": "17031804505"}, "geometry": {"type": "Polygon", "coordinates": [[[-88.188819, 41.994752], [-88.186842, 41.994884], [-88.186665, 41.998134], [-88.184103, 42.001923], [-88.183828, 42.002848], [-88.183827, 42.003543], [-88.175542, 42.001664], [-88.173362, 42.001081], [-88.172217, 42.000614], [-88.170275, 41.999342], [-88.166215, 41.995399], [-88.158869, 41.991281], [-88.15258, 41.988444], [-88.149353, 41.988168], [-88.169102, 41.987731], [-88.18879, 41.987593], [-88.188819, 41.994752]]]}}, {"type": "Feature", "properties": {"tract_fips": "17031804606"}, "geometry": {"type": "Polygon", "coordinates": [[[-88.064061, 42.005747], [-88.064052, 42.007481], [-88.062425, 42.007181], [-88.061478, 42.007172], [-88.061271, 42.00731], [-88.061251, 42.00801], [-88.060498, 42.008008], [-88.060438, 42.018205], [-88.056885, 42.017911], [-88.054729, 42.016851], [-88.053467, 42.015193], [-88.053343, 42.01442], [-88.050738, 42.014682], [-88.04889, 42.014593], [-88.048396, 42.014799], [-88.047097, 42.016044], [-88.045734, 42.016161], [-88.045708, 42.020482], [-88.043495, 42.020888], [-88.035529, 42.021123], [-88.034365, 42.021408], [-88.031727, 42.021464], [-88.031315, 42.021595], [-88.031043, 42.017283], [-88.031247, 42.016169], [-88.030431, 42.013007], [-88.030865, 42.011319], [-88.03087, 42.009428], [-88.031304, 42.008279], [-88.031311, 42.007437], [-88.036004, 42.007304], [-88.036772, 42.006889], [-88.036981, 42.006613], [-88.036266, 42.006259], [-88.03662, 42.005761], [-88.036689, 42.000168], [-88.03692, 41.999794], [-88.037949, 41.999106], [-88.038831, 41.999464], [-88.039461, 41.999498], [-88.062427, 41.998699], [-88.062606, 42.000648], [-88.063939, 42.001598], [-88.064006, 42.002519], [-88.0639, 42.002789], [-88.061337, 42.002852], [-88.061289, 42.003683], [-88.063746, 42.003622], [-88.06359, 42.005765], [-88.064061, 42.005747]]]}}, {"type": "Feature", "properties": {"tract_fips": "17031807800"}, "geometry": {"type": "Polygon", "coordinates": [[[-87.780818, 42.026443], [-87.767083, 42.026431], [-87.766971, 42.026068], [-87.767683, 42.024946], [-87.767024, 42.023677], [-87.766993, 42.022882], [-87.767273, 42.022935], [-87.7661, 42.021596], [-87.763815, 42.01991], [-87.753616, 42.014259], [-87.752103, 42.013143], [-87.750986, 42.012018], [-87.750261, 42.011031], [-87.750406, 42.010193], [-87.750573, 42.004553], [-87.761815, 42.004653], [-87.761663, 42.008413], [-87.76741, 42.008447], [-87.767534, 42.008432], [-87.767759, 42.004735], [-87.765481, 42.003718], [-87.765795, 42.003325], [-87.767872, 42.004261], [-87.767673, 42.008423], [-87.767429, 42.009059], [-87.767142, 42.019168], [-87.777132, 42.019208], [-87.780818, 42.026443]]]}}, {"type": "Feature", "properties": {"tract_fips": "17031808400"}, "geometry": {"type": "Polygon", "coordinates": [[[-87.806283, 42.040816], [-87.806045, 42.055203], [-87.775166, 42.0553], [-87.774507, 42.054635], [-87.774706, 42.054157], [-87.775081, 42.05402], [-87.775582, 42.054251], [-87.775966, 42.053751], [-87.77571, 42.053446], [-87.775115, 42.053227], [-87.775133, 42.053007], [-87.777506, 42.052626], [-87.779465, 42.052638], [-87.780467, 42.052303], [-87.780557, 42.051017], [-87.781482, 42.047576], [-87.782023, 42.047338], [-87.78368, 42.047315], [-87.78445, 42.047054], [-87.784842, 42.046507], [-87.784668, 42.045895], [-87.784776, 42.045697], [-87.785045, 42.045671], [-87.785858, 42.046033], [-87.786361, 42.045736], [-87.786508, 42.045173], [-87.786032, 42.043684], [-87.786047, 42.043165], [-87.786712, 42.042616], [-87.787971, 42.042005], [-87.78815, 42.041563], [-87.787781, 42.040886], [-87.806283, 42.040816]]]}}, {"type": "Feature", "properties": {"tract_fips": "17031811100"}, "geometry": {"type": "Polygon", "coordinates": [[[-87.849495, 41.937288], [-87.826254, 41.93775], [-87.825457, 41.911015], [-87.826451, 41.911625], [-87.827957, 41.911965], [-87.828867, 41.911752], [-87.830096, 41.910613], [-87.831052, 41.91037], [-87.832371, 41.910492], [-87.833314, 41.911149], [-87.833651, 41.911614], [-87.833684, 41.912003], [-87.833292, 41.914216], [-87.833174, 41.916454], [-87.833709, 41.918077], [-87.834093, 41.918482], [-87.835372, 41.918916], [-87.83737, 41.920244], [-87.841118, 41.9234], [-87.842935, 41.925831], [-87.844388, 41.928202], [-87.846145, 41.930626], [-87.847802, 41.932547], [-87.847931, 41.933108], [-87.847439, 41.933866], [-87.847435, 41.93443], [-87.848608, 41.936357], [-87.849495, 41.937288]]]}}, {"type": "Feature", "properties": {"tract_fips": "17197884103"}, "geometry": {"type": "Polygon", "coordinates": [[[-88.122708, 41.595249], [-88.086223, 41.596124], [-88.08432, 41.595753], [-88.080593, 41.594349], [-88.079101, 41.594145], [-88.076369, 41.594201], [-88.074929, 41.594006], [-88.071948, 41.593209], [-88.06865, 41.59172], [-88.066272, 41.591186], [-88.066999, 41.589178], [-88.068879, 41.582698], [-88.073121, 41.578598], [-88.075784, 41.575272], [-88.077896, 41.571077], [-88.078256, 41.567233], [-88.077825, 41.555275], [-88.078536, 41.552865], [-88.088083, 41.552623], [-88.088521, 41.559849], [-88.102041, 41.559525], [-88.102102, 41.561106], [-88.101864, 41.561562], [-88.102364, 41.562164], [-88.102552, 41.56676], [-88.087329, 41.567089], [-88.08405, 41.57773], [-88.08324, 41.57976], [-88.081968, 41.581789], [-88.122188, 41.58076], [-88.122708, 41.595249]]]}}, {"type": "Feature", "properties": {"tract_fips": "17031030500"}, "geometry": {"type": "Polygon", "coordinates": [[[-87.670028, 41.990798], [-87.661576, 41.990904], [-87.661551, 41.989977], [-87.660266, 41.990002], [-87.660069, 41.983622], [-87.668757, 41.98349], [-87.669784, 41.987924], [-87.670028, 41.990798]]]}}, {"type": "Feature", "properties": {"tract_fips": "17197880119"}, "geometry": {"type": "Polygon", "coordinates": [[[-88.148194, 41.726117], [-88.117293, 41.726848], [-88.117249, 41.723573], [-88.117394, 41.723116], [-88.118278, 41.721782], [-88.119287, 41.721051], [-88.120381, 41.720751], [-88.124571, 41.720629], [-88.125742, 41.720448], [-88.127399, 41.719764], [-88.128722, 41.718561], [-88.129041, 41.717998], [-88.129331, 41.716192], [-88.129205, 41.715309], [-88.127999, 41.711108], [-88.128436, 41.71085], [-88.128584, 41.710327], [-88.128042, 41.709279], [-88.12815, 41.708925], [-88.128727, 41.708855], [-88.128984, 41.709168], [-88.129486, 41.709221], [-88.130355, 41.708871], [-88.132594, 41.708343], [-88.134871, 41.708087], [-88.13562, 41.708424], [-88.135941, 41.709023], [-88.136223, 41.709213], [-88.136856, 41.708832], [-88.140068, 41.70763], [-88.140953, 41.706799], [-88.141335, 41.706791], [-88.142128, 41.707233], [-88.142761, 41.707188], [-88.143593, 41.706768], [-88.143684, 41.705875], [-88.144524, 41.705425], [-88.144648, 41.70429], [-88.144373, 41.703509], [-88.144434, 41.703187], [-88.145841, 41.702729], [-88.146436, 41.702232], [-88.147259, 41.702129], [-88.148194, 41.726117]]]}}, {"type": "Feature", "properties": {"tract_fips": "17197880702"}, "geometry": {"type": "Polygon", "coordinates": [[[-88.077855, 41.555092], [-88.078256, 41.567233], [-88.077896, 41.571077], [-88.075784, 41.575272], [-88.073121, 41.578598], [-88.068879, 41.582698], [-88.06815, 41.58252], [-88.064404, 41.582311], [-88.06075, 41.582384], [-88.06255, 41.57863], [-88.067009, 41.572594], [-88.067622, 41.571264], [-88.061016, 41.571429], [-88.060865, 41.571376], [-88.060821, 41.571003], [-88.060052, 41.571023], [-88.060035, 41.570386], [-88.057761, 41.570439], [-88.057388, 41.570451], [-88.057432, 41.57099], [-88.056758, 41.571003], [-88.056383, 41.570724], [-88.055497, 41.570809], [-88.055157, 41.571022], [-88.055345, 41.571254], [-88.055272, 41.571618], [-88.049408, 41.571708], [-88.049258, 41.571577], [-88.044631, 41.571841], [-88.04451, 41.568212], [-88.025379, 41.568773], [-88.024932, 41.554192], [-88.078536, 41.552865], [-88.077855, 41.555092]]]}}, {"type": "Feature", "properties": {"tract_fips": "17197880411"}, "geometry": {"type": "Polygon", "coordinates": [[[-88.20306, 41.637114], [-88.158319, 41.638092], [-88.16072, 41.63602], [-88.1623, 41.63388], [-88.16316, 41.63205], [-88.16369, 41.62959], [-88.163285, 41.601766], [-88.16304, 41.601769], [-88.162937, 41.594516], [-88.20157, 41.594002], [-88.202514, 41.614801], [-88.20306, 41.637114]]]}}, {"type": "Feature", "properties": {"tract_fips": "17197880421"}, "geometry": {"type": "Polygon", "coordinates": [[[-88.257274, 41.593469], [-88.255085, 41.592669], [-88.252983, 41.592651], [-88.240852, 41.592918], [-88.239165, 41.593366], [-88.227681, 41.593671], [-88.187898, 41.59418], [-88.180683, 41.588425], [-88.18437, 41.58272], [-88.18697, 41.57751], [-88.18802, 41.57613], [-88.191071, 41.573353], [-88.19119, 41.573906], [-88.191522, 41.574104], [-88.200746, 41.574012], [-88.200696, 41.572293], [-88.201197, 41.572273], [-88.203498, 41.572258], [-88.205525, 41.573188], [-88.207264, 41.573351], [-88.208949, 41.573754], [-88.21108, 41.573744], [-88.212961, 41.573127], [-88.21446, 41.572969], [-88.21472, 41.573044], [-88.214798, 41.573324], [-88.214084, 41.574072], [-88.214047, 41.574439], [-88.214529, 41.575166], [-88.215512, 41.575888], [-88.215796, 41.576278], [-88.216411, 41.57649], [-88.217616, 41.576329], [-88.218181, 41.576554], [-88.219153, 41.576544], [-88.218912, 41.572157], [-88.229627, 41.572042], [-88.229524, 41.569329], [-88.239086, 41.569235], [-88.23946, 41.579177], [-88.256568, 41.578743], [-88.257274, 41.593469]]]}}, {"type": "Feature", "properties": {"tract_fips": "17197884101"}, "geometry": {"type": "Polygon", "coordinates": [[[-88.144006, 41.609293], [-88.123219, 41.609743], [-88.12377, 41.624238], [-88.104812, 41.624685], [-88.104195, 41.62461], [-88.102769, 41.623788], [-88.101422, 41.624447], [-88.099867, 41.624818], [-88.080217, 41.625351], [-88.080372, 41.626426], [-88.080448, 41.640102], [-88.060157, 41.640677], [-88.061222, 41.630143], [-88.061348, 41.629337], [-88.061599, 41.629036], [-88.06139, 41.628678], [-88.061431, 41.628072], [-88.064285, 41.60331], [-88.064728, 41.600288], [-88.065036, 41.600116], [-88.06511, 41.599852], [-88.064889, 41.597023], [-88.065165, 41.595118], [-88.066037, 41.591567], [-88.066272, 41.591186], [-88.06865, 41.59172], [-88.071948, 41.593209], [-88.074929, 41.594006], [-88.076369, 41.594201], [-88.079101, 41.594145], [-88.080593, 41.594349], [-88.08432, 41.595753], [-88.086223, 41.596124], [-88.143463, 41.594791], [-88.144006, 41.609293]]]}}, {"type": "Feature", "properties": {"tract_fips": "17197880901"}, "geometry": {"type": "Polygon", "coordinates": [[[-88.143463, 41.594791], [-88.122708, 41.595249], [-88.121283, 41.559159], [-88.121734, 41.558297], [-88.124795, 41.556132], [-88.125555, 41.555252], [-88.12596, 41.554234], [-88.125859, 41.55164], [-88.141807, 41.551183], [-88.143463, 41.594791]]]}}, {"type": "Feature", "properties": {"tract_fips": "17197883522"}, "geometry": {"type": "Polygon", "coordinates": [[[-87.889245, 41.52659], [-87.880523, 41.526], [-87.870998, 41.526792], [-87.867237, 41.528041], [-87.865155, 41.528162], [-87.8652, 41.528942], [-87.865578, 41.529663], [-87.86785, 41.531528], [-87.869772, 41.53397], [-87.87001, 41.538169], [-87.872221, 41.537263], [-87.872774, 41.537951], [-87.871564, 41.538507], [-87.871276, 41.538874], [-87.871281, 41.539865], [-87.871652, 41.540396], [-87.871154, 41.540668], [-87.87013, 41.540705], [-87.870472, 41.553082], [-87.870786, 41.55734], [-87.853491, 41.557654], [-87.853345, 41.553283], [-87.852884, 41.550536], [-87.850707, 41.543974], [-87.849858, 41.520838], [-87.851296, 41.52067], [-87.851719, 41.52097], [-87.852532, 41.521158], [-87.85324, 41.52154], [-87.854657, 41.521651], [-87.855743, 41.521221], [-87.85708, 41.520289], [-87.85788, 41.51897], [-87.858421, 41.519184], [-87.858543, 41.519733], [-87.859032, 41.519852], [-87.860291, 41.519161], [-87.8617, 41.517854], [-87.86293, 41.51759], [-87.86377, 41.51754], [-87.866755, 41.518443], [-87.867605, 41.518382], [-87.869022, 41.518672], [-87.871025, 41.51762], [-87.871704, 41.517902], [-87.872902, 41.517887], [-87.874178, 41.518118], [-87.874865, 41.517503], [-87.875107, 41.516756], [-87.877132, 41.51608], [-87.877519, 41.515788], [-87.877788, 41.515271], [-87.878693, 41.514767], [-87.879822, 41.514603], [-87.88134, 41.514759], [-87.881813, 41.514484], [-87.883369, 41.514305], [-87.884929, 41.514916], [-87.886187, 41.514974], [-87.886352, 41.515713], [-87.887318, 41.516575], [-87.887577, 41.517755], [-87.888446, 41.517862], [-87.888972, 41.518232], [-87.889245, 41.52659]]]}}, {"type": "Feature", "properties": {"tract_fips": "17197881604"}, "geometry": {"type": "Polygon", "coordinates": [[[-88.141807, 41.551183], [-88.125859, 41.55164], [-88.12553, 41.54439], [-88.139928, 41.544041], [-88.140846, 41.542533], [-88.141449, 41.540349], [-88.141807, 41.551183]]]}}, {"type": "Feature", "properties": {"tract_fips": "17197881112"}, "geometry": {"type": "Polygon", "coordinates": [[[-88.023596, 41.513662], [-88.004521, 41.514053], [-88.004406, 41.511458], [-87.985103, 41.511831], [-87.985085, 41.510705], [-87.985358, 41.509907], [-87.985146, 41.504495], [-87.96256, 41.504902], [-87.962545, 41.50312], [-87.960742, 41.496656], [-87.960491, 41.495155], [-87.960341, 41.489631], [-87.960054, 41.486525], [-87.959793, 41.477234], [-87.960457, 41.474508], [-87.962588, 41.468653], [-87.983519, 41.468322], [-87.984332, 41.491904], [-88.022876, 41.491408], [-88.023596, 41.513662]]]}}, {"type": "Feature", "properties": {"tract_fips": "17197883515"}, "geometry": {"type": "Polygon", "coordinates": [[[-87.908024, 41.514627], [-87.907192, 41.513996], [-87.906041, 41.513849], [-87.904408, 41.514055], [-87.903711, 41.513735], [-87.90312, 41.513203], [-87.902514, 41.513507], [-87.902148, 41.513505], [-87.901409, 41.51299], [-87.900218, 41.512478], [-87.898245, 41.51239], [-87.897798, 41.512608], [-87.896306, 41.514064], [-87.895357, 41.514137], [-87.895039, 41.514309], [-87.895132, 41.515298], [-87.894452, 41.515822], [-87.894267, 41.516433], [-87.892964, 41.517608], [-87.891884, 41.517928], [-87.891195, 41.517624], [-87.890298, 41.517762], [-87.889888, 41.518172], [-87.889461, 41.51826], [-87.888972, 41.518232], [-87.888318, 41.517821], [-87.887577, 41.517755], [-87.887318, 41.516575], [-87.886352, 41.515713], [-87.886187, 41.514974], [-87.884929, 41.514916], [-87.883369, 41.514305], [-87.881813, 41.514484], [-87.88134, 41.514759], [-87.87915, 41.514626], [-87.877788, 41.515271], [-87.877519, 41.515788], [-87.877132, 41.51608], [-87.875107, 41.516756], [-87.874865, 41.517503], [-87.874178, 41.518118], [-87.872902, 41.517887], [-87.871704, 41.517902], [-87.871025, 41.51762], [-87.869022, 41.518672], [-87.867605, 41.518382], [-87.866755, 41.518443], [-87.86377, 41.51754], [-87.86293, 41.51759], [-87.8617, 41.517854], [-87.860291, 41.519161], [-87.859032, 41.519852], [-87.858543, 41.519733], [-87.858421, 41.519184], [-87.85788, 41.51897], [-87.85736, 41.520015], [-87.855743, 41.521221], [-87.854657, 41.521651], [-87.853501, 41.521611], [-87.851719, 41.52097], [-87.851296, 41.52067], [-87.849858, 41.520838], [-87.849412, 41.506511], [-87.854014, 41.50627], [-87.86737, 41.506102], [-87.869989, 41.505664], [-87.871871, 41.505044], [-87.875177, 41.50359], [-87.878621, 41.502796], [-87.878472, 41.498366], [-87.883351, 41.498314], [-87.887552, 41.498538], [-87.907426, 41.498285], [-87.908024, 41.514627]]]}}, {"type": "Feature", "properties": {"tract_fips": "17197883514"}, "geometry": {"type": "Polygon", "coordinates": [[[-87.853491, 41.557654], [-87.792793, 41.55854], [-87.792132, 41.538309], [-87.790366, 41.53965], [-87.790402, 41.53547], [-87.792918, 41.53547], [-87.794153, 41.536109], [-87.80085, 41.536017], [-87.802266, 41.535591], [-87.80407, 41.533748], [-87.804802, 41.533411], [-87.806842, 41.533377], [-87.808179, 41.53391], [-87.811459, 41.533896], [-87.811294, 41.529061], [-87.830698, 41.528751], [-87.831232, 41.543371], [-87.850632, 41.543042], [-87.850807, 41.544492], [-87.852173, 41.548077], [-87.852884, 41.550536], [-87.853345, 41.553283], [-87.853491, 41.557654]]]}}, {"type": "Feature", "properties": {"tract_fips": "17031828801"}, "geometry": {"type": "Polygon", "coordinates": [[[-87.674534, 41.527892], [-87.674718, 41.549634], [-87.674312, 41.549945], [-87.665117, 41.549719], [-87.664837, 41.542396], [-87.664397, 41.54133], [-87.66257, 41.5388], [-87.652276, 41.538761], [-87.652254, 41.538155], [-87.651989, 41.537381], [-87.651949, 41.536261], [-87.651055, 41.534095], [-87.651032, 41.533246], [-87.648614, 41.533273], [-87.647098, 41.53359], [-87.64418, 41.52061], [-87.655028, 41.520545], [-87.655074, 41.526915], [-87.656729, 41.527843], [-87.674534, 41.527892]]]}}, {"type": "Feature", "properties": {"tract_fips": "17031820501"}, "geometry": {"type": "Polygon", "coordinates": [[[-87.845771, 41.761931], [-87.826289, 41.783222], [-87.822166, 41.780813], [-87.820285, 41.779542], [-87.820407, 41.779077], [-87.820299, 41.776866], [-87.816406, 41.776931], [-87.815826, 41.776456], [-87.814716, 41.775946], [-87.815347, 41.77508], [-87.81225, 41.774584], [-87.8115, 41.77374], [-87.810825, 41.772499], [-87.810282, 41.770534], [-87.808825, 41.733412], [-87.818537, 41.733104], [-87.81974, 41.762299], [-87.836131, 41.761907], [-87.838042, 41.761889], [-87.839458, 41.762074], [-87.845771, 41.761931]]]}}, {"type": "Feature", "properties": {"tract_fips": "17031814700"}, "geometry": {"type": "Polygon", "coordinates": [[[-87.804199, 41.86498], [-87.791313, 41.865199], [-87.791096, 41.857908], [-87.803944, 41.857735], [-87.804199, 41.86498]]]}}, {"type": "Feature", "properties": {"tract_fips": "17031819100"}, "geometry": {"type": "Polygon", "coordinates": [[[-87.831969, 41.818423], [-87.831929, 41.819098], [-87.831738, 41.819464], [-87.830275, 41.820718], [-87.824622, 41.820828], [-87.821683, 41.821063], [-87.821305, 41.820885], [-87.818276, 41.821075], [-87.810331, 41.820987], [-87.808285, 41.821136], [-87.802612, 41.821153], [-87.802042, 41.808501], [-87.804042, 41.808167], [-87.806172, 41.806959], [-87.807907, 41.806384], [-87.809235, 41.806225], [-87.816075, 41.806094], [-87.816329, 41.813374], [-87.818068, 41.813203], [-87.818148, 41.81334], [-87.820752, 41.81329], [-87.820793, 41.814482], [-87.825647, 41.814385], [-87.825749, 41.815209], [-87.826361, 41.816347], [-87.826452, 41.816845], [-87.827872, 41.81655], [-87.828806, 41.816704], [-87.830894, 41.817508], [-87.831969, 41.818423]]]}}, {"type": "Feature", "properties": {"tract_fips": "17031171100"}, "geometry": {"type": "Polygon", "coordinates": [[[-87.786031, 41.938317], [-87.786307, 41.945663], [-87.776503, 41.945771], [-87.776215, 41.938448], [-87.786031, 41.938317]]]}}, {"type": "Feature", "properties": {"tract_fips": "17031180100"}, "geometry": {"type": "Polygon", "coordinates": [[[-87.806747, 41.937996], [-87.790796, 41.938238], [-87.790638, 41.930942], [-87.806495, 41.930815], [-87.806747, 41.937996]]]}}, {"type": "Feature", "properties": {"tract_fips": "17031251900"}, "geometry": {"type": "Polygon", "coordinates": [[[-87.765106, 41.887201], [-87.757988, 41.887391], [-87.755319, 41.887202], [-87.755067, 41.880372], [-87.764864, 41.880246], [-87.765106, 41.887201]]]}}, {"type": "Feature", "properties": {"tract_fips": "17031990000"}, "geometry": {"type": "Polygon", "coordinates": [[[-87.741562, 42.153226], [-87.721762, 42.153426], [-87.625058, 42.152131], [-87.500054, 42.151994], [-87.37505, 42.151515], [-87.125043, 42.149913], [-87.111162, 42.149409], [-87.125042, 42.097098], [-87.125042, 42.095118], [-87.150009, 42.000033], [-87.148431, 42.000014], [-87.207774, 41.760956], [-87.250039, 41.760616], [-87.375042, 41.76025], [-87.500044, 41.760421], [-87.500044, 41.760139], [-87.523661, 41.759907], [-87.523688, 41.762121], [-87.543721, 41.761657], [-87.561728, 41.776259], [-87.566647, 41.795334], [-87.566948, 41.802734], [-87.583448, 41.812433], [-87.582092, 41.815075], [-87.594676, 41.834691], [-87.601408, 41.844533], [-87.604838, 41.854236], [-87.605351, 41.874433], [-87.609247, 41.882334], [-87.609113, 41.888267], [-87.595863, 41.888111], [-87.599758, 41.897721], [-87.617052, 41.900132], [-87.621952, 41.904232], [-87.613754, 41.911576], [-87.615956, 41.918831], [-87.62516, 41.926869], [-87.625461, 41.932436], [-87.62596, 41.936871], [-87.627459, 41.943021], [-87.630757, 41.94877], [-87.634054, 41.956232], [-87.627754, 41.964632], [-87.635355, 41.970732], [-87.645655, 41.978132], [-87.648855, 41.984231], [-87.648956, 41.991931], [-87.650756, 41.998331], [-87.655356, 42.013431], [-87.657457, 42.019831], [-87.658857, 42.023431], [-87.660396, 42.041808], [-87.661433, 42.051449], [-87.669758, 42.071629], [-87.670528, 42.072275], [-87.671419, 42.073454], [-87.671914, 42.076233], [-87.67183, 42.077287], [-87.671223, 42.079477], [-87.671163, 42.080899], [-87.671552, 42.081942], [-87.672388, 42.082608], [-87.673498, 42.083118], [-87.68107, 42.086209], [-87.683894, 42.087594], [-87.688002, 42.089931], [-87.6973, 42.096409], [-87.703526, 42.101725], [-87.725967, 42.125012], [-87.748454, 42.15286], [-87.741562, 42.153226]]]}}, {"type": "Feature", "properties": {"tract_fips": "17031020500"}, "geometry": {"type": "Polygon", "coordinates": [[[-87.690071, 42.005033], [-87.680171, 42.005206], [-87.676837, 41.997959], [-87.689883, 41.99773], [-87.690071, 42.005033]]]}}, {"type": "Feature", "properties": {"tract_fips": "17031081300"}, "geometry": {"type": "Polygon", "coordinates": [[[-87.624243, 41.896734], [-87.624095, 41.89785], [-87.624161, 41.900006], [-87.618525, 41.900186], [-87.616314, 41.896769], [-87.624243, 41.896734]]]}}, {"type": "Feature", "properties": {"tract_fips": "17031081000"}, "geometry": {"type": "Polygon", "coordinates": [[[-87.634478, 41.903853], [-87.629986, 41.903923], [-87.629775, 41.896656], [-87.634203, 41.896596], [-87.634478, 41.903853]]]}}, {"type": "Feature", "properties": {"tract_fips": "17031130100"}, "geometry": {"type": "Polygon", "coordinates": [[[-87.728888, 41.994117], [-87.726446, 41.99725], [-87.71068, 41.997366], [-87.710026, 41.993321], [-87.709165, 41.990384], [-87.718862, 41.990263], [-87.718655, 41.98294], [-87.728433, 41.982832], [-87.728888, 41.994117]]]}}, {"type": "Feature", "properties": {"tract_fips": "17031170200"}, "geometry": {"type": "Polygon", "coordinates": [[[-87.786559, 41.952916], [-87.776775, 41.953056], [-87.776503, 41.945771], [-87.786307, 41.945663], [-87.786559, 41.952916]]]}}, {"type": "Feature", "properties": {"tract_fips": "17031170300"}, "geometry": {"type": "Polygon", "coordinates": [[[-87.807269, 41.952765], [-87.796272, 41.952743], [-87.786559, 41.952916], [-87.786307, 41.945663], [-87.807005, 41.945265], [-87.807269, 41.952765]]]}}, {"type": "Feature", "properties": {"tract_fips": "17031170400"}, "geometry": {"type": "Polygon", "coordinates": [[[-87.818505, 41.950751], [-87.818276, 41.951559], [-87.818303, 41.952501], [-87.807269, 41.952765], [-87.807005, 41.945265], [-87.815555, 41.945098], [-87.818009, 41.945257], [-87.818291, 41.946472], [-87.818505, 41.950751]]]}}, {"type": "Feature", "properties": {"tract_fips": "17031170500"}, "geometry": {"type": "Polygon", "coordinates": [[[-87.836731, 41.949836], [-87.836699, 41.95936], [-87.832678, 41.959438], [-87.831821, 41.955701], [-87.831793, 41.952164], [-87.818303, 41.952501], [-87.818266, 41.951648], [-87.818504, 41.950704], [-87.818291, 41.946472], [-87.818009, 41.945257], [-87.836433, 41.944761], [-87.836731, 41.949836]]]}}, {"type": "Feature", "properties": {"tract_fips": "17031170600"}, "geometry": {"type": "Polygon", "coordinates": [[[-87.835178, 41.944793], [-87.826661, 41.945027], [-87.826515, 41.944582], [-87.826317, 41.937749], [-87.83481, 41.937576], [-87.835178, 41.944793]]]}}, {"type": "Feature", "properties": {"tract_fips": "17031170700"}, "geometry": {"type": "Polygon", "coordinates": [[[-87.826661, 41.945027], [-87.818009, 41.945257], [-87.81774, 41.937914], [-87.826317, 41.937749], [-87.826515, 41.944582], [-87.826661, 41.945027]]]}}, {"type": "Feature", "properties": {"tract_fips": "17031170800"}, "geometry": {"type": "Polygon", "coordinates": [[[-87.818009, 41.945257], [-87.815555, 41.945098], [-87.807005, 41.945265], [-87.806747, 41.937996], [-87.81774, 41.937914], [-87.818009, 41.945257]]]}}, {"type": "Feature", "properties": {"tract_fips": "17031251400"}, "geometry": {"type": "Polygon", "coordinates": [[[-87.775128, 41.894712], [-87.765395, 41.894854], [-87.765106, 41.887201], [-87.774881, 41.887072], [-87.775128, 41.894712]]]}}, {"type": "Feature", "properties": {"tract_fips": "17031260300"}, "geometry": {"type": "Polygon", "coordinates": [[[-87.735714, 41.887878], [-87.730786, 41.887944], [-87.730574, 41.880667], [-87.735476, 41.880611], [-87.735714, 41.887878]]]}}, {"type": "Feature", "properties": {"tract_fips": "17031260500"}, "geometry": {"type": "Polygon", "coordinates": [[[-87.74037, 41.880555], [-87.735476, 41.880611], [-87.735222, 41.87352], [-87.738171, 41.872276], [-87.740078, 41.871899], [-87.740123, 41.873251], [-87.73939, 41.873266], [-87.739417, 41.87418], [-87.739515, 41.876909], [-87.740262, 41.876907], [-87.74037, 41.880555]]]}}, {"type": "Feature", "properties": {"tract_fips": "17031260600"}, "geometry": {"type": "Polygon", "coordinates": [[[-87.735476, 41.880611], [-87.730574, 41.880667], [-87.730313, 41.873386], [-87.732769, 41.873349], [-87.732807, 41.873978], [-87.735222, 41.87352], [-87.735476, 41.880611]]]}}, {"type": "Feature", "properties": {"tract_fips": "17031260700"}, "geometry": {"type": "Polygon", "coordinates": [[[-87.730574, 41.880667], [-87.72567, 41.880727], [-87.725413, 41.873443], [-87.730313, 41.873386], [-87.730574, 41.880667]]]}}, {"type": "Feature", "properties": {"tract_fips": "17031260800"}, "geometry": {"type": "Polygon", "coordinates": [[[-87.72567, 41.880727], [-87.720829, 41.880788], [-87.720667, 41.875953], [-87.720441, 41.875025], [-87.720365, 41.873515], [-87.725413, 41.873443], [-87.72567, 41.880727]]]}}, {"type": "Feature", "properties": {"tract_fips": "17031050700"}, "geometry": {"type": "Polygon", "coordinates": [[[-87.678553, 41.946864], [-87.673625, 41.946928], [-87.67356, 41.943277], [-87.678453, 41.943216], [-87.678553, 41.946864]]]}}, {"type": "Feature", "properties": {"tract_fips": "17031050900"}, "geometry": {"type": "Polygon", "coordinates": [[[-87.688258, 41.946731], [-87.683406, 41.9468], [-87.683301, 41.943157], [-87.688153, 41.943098], [-87.688258, 41.946731]]]}}, {"type": "Feature", "properties": {"tract_fips": "17031051000"}, "geometry": {"type": "Polygon", "coordinates": [[[-87.688173, 41.939461], [-87.688153, 41.943098], [-87.683301, 41.943157], [-87.683201, 41.939513], [-87.688173, 41.939461]]]}}, {"type": "Feature", "properties": {"tract_fips": "17031051100"}, "geometry": {"type": "Polygon", "coordinates": [[[-87.683301, 41.943157], [-87.678453, 41.943216], [-87.678355, 41.939573], [-87.683201, 41.939513], [-87.683301, 41.943157]]]}}, {"type": "Feature", "properties": {"tract_fips": "17031051200"}, "geometry": {"type": "Polygon", "coordinates": [[[-87.678453, 41.943216], [-87.67356, 41.943277], [-87.67344, 41.939633], [-87.678355, 41.939573], [-87.678453, 41.943216]]]}}, {"type": "Feature", "properties": {"tract_fips": "17031170900"}, "geometry": {"type": "Polygon", "coordinates": [[[-87.816519, 41.937939], [-87.806747, 41.937996], [-87.806624, 41.934511], [-87.81639, 41.934313], [-87.816519, 41.937939]]]}}, {"type": "Feature", "properties": {"tract_fips": "17031171000"}, "geometry": {"type": "Polygon", "coordinates": [[[-87.807005, 41.945265], [-87.786307, 41.945663], [-87.786031, 41.938317], [-87.806747, 41.937996], [-87.807005, 41.945265]]]}}, {"type": "Feature", "properties": {"tract_fips": "17031190100"}, "geometry": {"type": "Polygon", "coordinates": [[[-87.746873, 41.938826], [-87.742154, 41.938891], [-87.741893, 41.931595], [-87.746595, 41.931533], [-87.746873, 41.938826]]]}}, {"type": "Feature", "properties": {"tract_fips": "17031222200"}, "geometry": {"type": "Polygon", "coordinates": [[[-87.68741, 41.917568], [-87.680096, 41.917707], [-87.680014, 41.91467], [-87.682447, 41.914619], [-87.68242, 41.913582], [-87.683155, 41.914059], [-87.687316, 41.913995], [-87.68741, 41.917568]]]}}, {"type": "Feature", "properties": {"tract_fips": "17031222500"}, "geometry": {"type": "Polygon", "coordinates": [[[-87.702089, 41.917445], [-87.697201, 41.917489], [-87.697093, 41.91388], [-87.701979, 41.913885], [-87.702089, 41.917445]]]}}, {"type": "Feature", "properties": {"tract_fips": "17031222600"}, "geometry": {"type": "Polygon", "coordinates": [[[-87.706976, 41.917402], [-87.702089, 41.917445], [-87.701979, 41.913885], [-87.706864, 41.913828], [-87.706976, 41.917402]]]}}, {"type": "Feature", "properties": {"tract_fips": "17031251500"}, "geometry": {"type": "Polygon", "coordinates": [[[-87.765395, 41.894854], [-87.755599, 41.894936], [-87.755319, 41.887202], [-87.757988, 41.887391], [-87.765106, 41.887201], [-87.765395, 41.894854]]]}}, {"type": "Feature", "properties": {"tract_fips": "17031251600"}, "geometry": {"type": "Polygon", "coordinates": [[[-87.755599, 41.894936], [-87.748258, 41.894985], [-87.748002, 41.887885], [-87.755337, 41.887809], [-87.755599, 41.894936]]]}}, {"type": "Feature", "properties": {"tract_fips": "17031251700"}, "geometry": {"type": "Polygon", "coordinates": [[[-87.748258, 41.894985], [-87.741203, 41.895093], [-87.740818, 41.891921], [-87.740613, 41.887808], [-87.74796, 41.887757], [-87.748258, 41.894985]]]}}, {"type": "Feature", "properties": {"tract_fips": "17031251800"}, "geometry": {"type": "Polygon", "coordinates": [[[-87.755337, 41.887809], [-87.740613, 41.887808], [-87.74037, 41.880555], [-87.755067, 41.880372], [-87.755337, 41.887809]]]}}, {"type": "Feature", "properties": {"tract_fips": "17031252000"}, "geometry": {"type": "Polygon", "coordinates": [[[-87.774881, 41.887072], [-87.765106, 41.887201], [-87.764864, 41.880246], [-87.774658, 41.880151], [-87.774881, 41.887072]]]}}, {"type": "Feature", "properties": {"tract_fips": "17031130300"}, "geometry": {"type": "Polygon", "coordinates": [[[-87.718862, 41.990263], [-87.709165, 41.990384], [-87.706982, 41.98308], [-87.718655, 41.98294], [-87.718862, 41.990263]]]}}, {"type": "Feature", "properties": {"tract_fips": "17031530100"}, "geometry": {"type": "Polygon", "coordinates": [[[-87.62289, 41.685322], [-87.612322, 41.685433], [-87.613911, 41.678158], [-87.622658, 41.678026], [-87.62289, 41.685322]]]}}, {"type": "Feature", "properties": {"tract_fips": "17031824601"}, "geometry": {"type": "Polygon", "coordinates": [[[-87.7571, 41.63462], [-87.747641, 41.636731], [-87.737758, 41.638373], [-87.737545, 41.63253], [-87.727783, 41.632706], [-87.727495, 41.625376], [-87.747011, 41.625063], [-87.746778, 41.617743], [-87.756484, 41.617583], [-87.7571, 41.63462]]]}}, {"type": "Feature", "properties": {"tract_fips": "17031190200"}, "geometry": {"type": "Polygon", "coordinates": [[[-87.75669, 41.9387], [-87.746873, 41.938826], [-87.746595, 41.931533], [-87.75642, 41.931399], [-87.75669, 41.9387]]]}}, {"type": "Feature", "properties": {"tract_fips": "17031190300"}, "geometry": {"type": "Polygon", "coordinates": [[[-87.7665, 41.938575], [-87.75669, 41.9387], [-87.75642, 41.931399], [-87.766246, 41.931277], [-87.7665, 41.938575]]]}}, {"type": "Feature", "properties": {"tract_fips": "17031190800"}, "geometry": {"type": "Polygon", "coordinates": [[[-87.75642, 41.931399], [-87.746595, 41.931533], [-87.746302, 41.924239], [-87.756146, 41.924107], [-87.75642, 41.931399]]]}}, {"type": "Feature", "properties": {"tract_fips": "17031260100"}, "geometry": {"type": "Polygon", "coordinates": [[[-87.725873, 41.887957], [-87.720982, 41.888018], [-87.720829, 41.880788], [-87.72567, 41.880727], [-87.725873, 41.887957]]]}}, {"type": "Feature", "properties": {"tract_fips": "17031260200"}, "geometry": {"type": "Polygon", "coordinates": [[[-87.730786, 41.887944], [-87.725873, 41.887957], [-87.72567, 41.880727], [-87.730574, 41.880667], [-87.730786, 41.887944]]]}}, {"type": "Feature", "properties": {"tract_fips": "17091010602"}, "geometry": {"type": "Polygon", "coordinates": [[[-87.876868, 41.206641], [-87.848795, 41.206726], [-87.849949, 41.200294], [-87.849958, 41.198884], [-87.849574, 41.19514], [-87.849736, 41.192446], [-87.850218, 41.190415], [-87.851418, 41.187034], [-87.851763, 41.184705], [-87.851241, 41.172018], [-87.851166, 41.162661], [-87.875311, 41.162603], [-87.875718, 41.184617], [-87.876868, 41.206641]]]}}, {"type": "Feature", "properties": {"tract_fips": "17091010702"}, "geometry": {"type": "Polygon", "coordinates": [[[-87.866408, 41.15873], [-87.866376, 41.159465], [-87.865711, 41.159472], [-87.865714, 41.160958], [-87.866296, 41.161831], [-87.866285, 41.162608], [-87.769166, 41.163332], [-87.768731, 41.148945], [-87.768592, 41.137742], [-87.781449, 41.137713], [-87.782172, 41.137233], [-87.782806, 41.136149], [-87.783147, 41.135381], [-87.783158, 41.134078], [-87.830745, 41.133593], [-87.833918, 41.13322], [-87.837087, 41.133249], [-87.839052, 41.133532], [-87.849856, 41.133429], [-87.850274, 41.135087], [-87.858378, 41.135062], [-87.862868, 41.135526], [-87.860476, 41.148016], [-87.866009, 41.148003], [-87.86639, 41.153748], [-87.866198, 41.155141], [-87.866177, 41.158248], [-87.866408, 41.15873]]]}}, {"type": "Feature", "properties": {"tract_fips": "17091010201"}, "geometry": {"type": "Polygon", "coordinates": [[[-88.013919, 41.292447], [-87.879753, 41.294617], [-87.830848, 41.295234], [-87.866526, 41.221084], [-87.867011, 41.219605], [-87.867426, 41.217177], [-87.867096, 41.206664], [-87.955554, 41.205933], [-87.955695, 41.214209], [-87.955852, 41.214325], [-87.957319, 41.214302], [-87.957581, 41.214509], [-87.95714, 41.219873], [-87.961173, 41.219816], [-87.961397, 41.219967], [-87.961464, 41.220423], [-87.961699, 41.220524], [-87.973489, 41.220396], [-87.973062, 41.201613], [-87.992538, 41.209566], [-87.994109, 41.209888], [-87.996882, 41.210008], [-87.998602, 41.21028], [-88.000479, 41.210901], [-88.003212, 41.212307], [-88.004533, 41.212702], [-88.012009, 41.212808], [-88.013919, 41.292447]]]}}, {"type": "Feature", "properties": {"tract_fips": "17091010601"}, "geometry": {"type": "Polygon", "coordinates": [[[-87.973489, 41.220396], [-87.961699, 41.220524], [-87.961464, 41.220423], [-87.961397, 41.219967], [-87.961173, 41.219816], [-87.95714, 41.219873], [-87.957581, 41.214509], [-87.957319, 41.214302], [-87.955852, 41.214325], [-87.955695, 41.214209], [-87.955554, 41.205933], [-87.876868, 41.206641], [-87.875718, 41.184617], [-87.875413, 41.170001], [-87.89489, 41.169871], [-87.894821, 41.163202], [-87.89897, 41.164556], [-87.900566, 41.165236], [-87.912045, 41.170511], [-87.931079, 41.179705], [-87.936125, 41.182569], [-87.943373, 41.187151], [-87.948007, 41.190569], [-87.95285, 41.193417], [-87.973062, 41.201613], [-87.973489, 41.220396]]]}}, {"type": "Feature", "properties": {"tract_fips": "17031061800"}, "geometry": {"type": "Polygon", "coordinates": [[[-87.649486, 41.947315], [-87.64738, 41.947325], [-87.645549, 41.947929], [-87.644426, 41.946081], [-87.646264, 41.94547], [-87.64943, 41.945461], [-87.649486, 41.947315]]]}}, {"type": "Feature", "properties": {"tract_fips": "17031828201"}, "geometry": {"type": "Polygon", "coordinates": [[[-87.583764, 41.571219], [-87.583488, 41.57326], [-87.582321, 41.576267], [-87.581954, 41.577821], [-87.558857, 41.577886], [-87.558834, 41.571951], [-87.549089, 41.571975], [-87.549005, 41.56473], [-87.583701, 41.564728], [-87.583764, 41.571219]]]}}, {"type": "Feature", "properties": {"tract_fips": "17031825000"}, "geometry": {"type": "Polygon", "coordinates": [[[-87.756247, 41.610265], [-87.732568, 41.610639], [-87.731153, 41.610539], [-87.71756, 41.621812], [-87.716865, 41.603647], [-87.736491, 41.603253], [-87.735988, 41.588653], [-87.755497, 41.588337], [-87.756247, 41.610265]]]}}, {"type": "Feature", "properties": {"tract_fips": "17031824300"}, "geometry": {"type": "Polygon", "coordinates": [[[-87.716249, 41.64566], [-87.713673, 41.645753], [-87.713753, 41.647584], [-87.67975, 41.648193], [-87.679505, 41.640868], [-87.689207, 41.640702], [-87.688944, 41.634504], [-87.696948, 41.634633], [-87.69687, 41.633872], [-87.69776, 41.633859], [-87.697774, 41.633299], [-87.698609, 41.633285], [-87.698565, 41.632245], [-87.701637, 41.63274], [-87.708477, 41.632783], [-87.709325, 41.632914], [-87.707206, 41.633215], [-87.709619, 41.633326], [-87.711804, 41.633963], [-87.712098, 41.634254], [-87.713116, 41.633486], [-87.713397, 41.638446], [-87.715646, 41.638396], [-87.715813, 41.638509], [-87.715963, 41.643608], [-87.716083, 41.645512], [-87.716249, 41.64566]]]}}, {"type": "Feature", "properties": {"tract_fips": "17031818500"}, "geometry": {"type": "Polygon", "coordinates": [[[-87.919793, 41.84055], [-87.91923, 41.846043], [-87.919238, 41.847681], [-87.881228, 41.848658], [-87.878995, 41.84468], [-87.878027, 41.842276], [-87.875786, 41.837835], [-87.874229, 41.834263], [-87.918952, 41.833149], [-87.919081, 41.836014], [-87.919587, 41.838466], [-87.919793, 41.84055]]]}}, {"type": "Feature", "properties": {"tract_fips": "17031823400"}, "geometry": {"type": "Polygon", "coordinates": [[[-87.710178, 41.675057], [-87.709901, 41.676837], [-87.685602, 41.677214], [-87.685098, 41.66264], [-87.687525, 41.662596], [-87.687354, 41.658886], [-87.687796, 41.658869], [-87.687752, 41.658569], [-87.687357, 41.65705], [-87.684886, 41.65709], [-87.684806, 41.655365], [-87.680072, 41.655443], [-87.680026, 41.653663], [-87.679852, 41.653268], [-87.679927, 41.652461], [-87.688925, 41.652526], [-87.689005, 41.65268], [-87.689232, 41.652521], [-87.700506, 41.652081], [-87.701626, 41.652201], [-87.702058, 41.65202], [-87.704167, 41.651948], [-87.704528, 41.660707], [-87.708094, 41.662257], [-87.709528, 41.662236], [-87.709538, 41.665558], [-87.710178, 41.675057]]]}}, {"type": "Feature", "properties": {"tract_fips": "17031821500"}, "geometry": {"type": "Polygon", "coordinates": [[[-87.66958, 41.648259], [-87.669049, 41.648973], [-87.667808, 41.649579], [-87.66389, 41.650381], [-87.659898, 41.652043], [-87.656738, 41.652533], [-87.654697, 41.653177], [-87.654095, 41.653472], [-87.651559, 41.655433], [-87.646847, 41.657034], [-87.641224, 41.657434], [-87.630969, 41.657496], [-87.624709, 41.661293], [-87.621746, 41.661734], [-87.619846, 41.661134], [-87.619346, 41.659134], [-87.618314, 41.659097], [-87.619374, 41.654674], [-87.620303, 41.652412], [-87.621334, 41.65042], [-87.620238, 41.650101], [-87.617229, 41.650019], [-87.617227, 41.644582], [-87.652446, 41.644475], [-87.647194, 41.648675], [-87.66958, 41.648259]]]}}, {"type": "Feature", "properties": {"tract_fips": "17031825400"}, "geometry": {"type": "Polygon", "coordinates": [[[-87.812409, 41.563195], [-87.784365, 41.575292], [-87.78429, 41.573234], [-87.754126, 41.573675], [-87.745367, 41.574004], [-87.750374, 41.570217], [-87.754197, 41.570039], [-87.75473, 41.569895], [-87.754364, 41.569454], [-87.753084, 41.568533], [-87.752584, 41.567673], [-87.752394, 41.557042], [-87.762672, 41.557038], [-87.762361, 41.557178], [-87.764276, 41.557613], [-87.767213, 41.558699], [-87.768729, 41.558909], [-87.812262, 41.558291], [-87.812409, 41.563195]]]}}, {"type": "Feature", "properties": {"tract_fips": "17031410200"}, "geometry": {"type": "Polygon", "coordinates": [[[-87.596707, 41.802366], [-87.591852, 41.802421], [-87.591821, 41.800976], [-87.596677, 41.800923], [-87.596707, 41.802366]]]}}, {"type": "Feature", "properties": {"tract_fips": "17031222900"}, "geometry": {"type": "Polygon", "coordinates": [[[-87.724217, 41.917196], [-87.716772, 41.917283], [-87.71666, 41.913687], [-87.722109, 41.913651], [-87.723004, 41.915388], [-87.724059, 41.915373], [-87.724217, 41.917196]]]}}, {"type": "Feature", "properties": {"tract_fips": "17031241000"}, "geometry": {"type": "Polygon", "coordinates": [[[-87.696947, 41.905664], [-87.697034, 41.910227], [-87.69211, 41.910277], [-87.692022, 41.905712], [-87.696947, 41.905664]]]}}, {"type": "Feature", "properties": {"tract_fips": "17031830005"}, "geometry": {"type": "Polygon", "coordinates": [[[-87.713287, 41.527937], [-87.677678, 41.528033], [-87.674534, 41.527892], [-87.674329, 41.50407], [-87.679205, 41.503976], [-87.679199, 41.506176], [-87.69962, 41.506161], [-87.69578, 41.513445], [-87.708462, 41.513444], [-87.71087, 41.509723], [-87.711446, 41.50975], [-87.711709, 41.510024], [-87.712089, 41.509937], [-87.712556, 41.510249], [-87.713169, 41.510273], [-87.713287, 41.527937]]]}}, {"type": "Feature", "properties": {"tract_fips": "17031824505"}, "geometry": {"type": "Polygon", "coordinates": [[[-87.785535, 41.609957], [-87.783851, 41.609762], [-87.773533, 41.609955], [-87.773444, 41.610892], [-87.772862, 41.611644], [-87.772052, 41.612063], [-87.76997, 41.612436], [-87.769458, 41.612835], [-87.769201, 41.613374], [-87.766652, 41.613355], [-87.766628, 41.612587], [-87.763152, 41.612647], [-87.763217, 41.614724], [-87.762836, 41.615462], [-87.763078, 41.615788], [-87.763556, 41.615929], [-87.763565, 41.617452], [-87.756484, 41.617583], [-87.755999, 41.602902], [-87.785288, 41.602392], [-87.785535, 41.609957]]]}}, {"type": "Feature", "properties": {"tract_fips": "17031824800"}, "geometry": {"type": "Polygon", "coordinates": [[[-87.698609, 41.633285], [-87.697774, 41.633299], [-87.69776, 41.633859], [-87.69687, 41.633872], [-87.696948, 41.634633], [-87.688944, 41.634504], [-87.689207, 41.640702], [-87.679505, 41.640868], [-87.679248, 41.637714], [-87.67915, 41.633835], [-87.679283, 41.633579], [-87.679134, 41.633472], [-87.678896, 41.624945], [-87.675302, 41.627696], [-87.675419, 41.618997], [-87.675238, 41.601204], [-87.67998, 41.60144], [-87.680153, 41.604064], [-87.677694, 41.602933], [-87.677698, 41.603635], [-87.679006, 41.603746], [-87.679012, 41.604556], [-87.680183, 41.60458], [-87.679865, 41.608722], [-87.680221, 41.615495], [-87.683847, 41.615434], [-87.685075, 41.615726], [-87.691202, 41.615531], [-87.693203, 41.613999], [-87.6931, 41.616129], [-87.693321, 41.62236], [-87.698184, 41.622255], [-87.698609, 41.633285]]]}}, {"type": "Feature", "properties": {"tract_fips": "17031230300"}, "geometry": {"type": "Polygon", "coordinates": [[[-87.716685, 41.910056], [-87.71657, 41.910762], [-87.716656, 41.913549], [-87.713417, 41.913589], [-87.713305, 41.910037], [-87.716685, 41.910056]]]}}, {"type": "Feature", "properties": {"tract_fips": "17031803608"}, "geometry": {"type": "Polygon", "coordinates": [[[-88.121848, 42.147034], [-88.12162, 42.147742], [-88.121545, 42.154193], [-88.02375, 42.153735], [-88.024008, 42.149492], [-88.023991, 42.144048], [-88.024195, 42.143652], [-88.02555, 42.142585], [-88.023496, 42.14056], [-88.021795, 42.139152], [-88.054533, 42.139265], [-88.064154, 42.137078], [-88.074757, 42.136071], [-88.092675, 42.133777], [-88.094914, 42.133378], [-88.097118, 42.132653], [-88.098598, 42.132388], [-88.11379, 42.132386], [-88.116399, 42.13219], [-88.118853, 42.131524], [-88.121654, 42.130147], [-88.121576, 42.138198], [-88.121695, 42.146794], [-88.121848, 42.147034]]]}}, {"type": "Feature", "properties": {"tract_fips": "17031190900"}, "geometry": {"type": "Polygon", "coordinates": [[[-87.746595, 41.931533], [-87.741893, 41.931595], [-87.741631, 41.924303], [-87.746302, 41.924239], [-87.746595, 41.931533]]]}}, {"type": "Feature", "properties": {"tract_fips": "17031191200"}, "geometry": {"type": "Polygon", "coordinates": [[[-87.765991, 41.923981], [-87.756146, 41.924107], [-87.755895, 41.915709], [-87.763076, 41.916512], [-87.765745, 41.916624], [-87.765991, 41.923981]]]}}, {"type": "Feature", "properties": {"tract_fips": "17031200100"}, "geometry": {"type": "Polygon", "coordinates": [[[-87.742154, 41.938891], [-87.735212, 41.938986], [-87.731461, 41.931734], [-87.741893, 41.931595], [-87.742154, 41.938891]]]}}, {"type": "Feature", "properties": {"tract_fips": "17031200200"}, "geometry": {"type": "Polygon", "coordinates": [[[-87.741893, 41.931595], [-87.731461, 41.931734], [-87.727702, 41.924473], [-87.741631, 41.924303], [-87.741893, 41.931595]]]}}, {"type": "Feature", "properties": {"tract_fips": "17031200300"}, "geometry": {"type": "Polygon", "coordinates": [[[-87.741631, 41.924303], [-87.726769, 41.924484], [-87.726738, 41.92331], [-87.726441, 41.922654], [-87.741578, 41.922532], [-87.741631, 41.924303]]]}}, {"type": "Feature", "properties": {"tract_fips": "17031222700"}, "geometry": {"type": "Polygon", "coordinates": [[[-87.713536, 41.917254], [-87.706976, 41.917402], [-87.70686, 41.913716], [-87.713417, 41.913589], [-87.713536, 41.917254]]]}}, {"type": "Feature", "properties": {"tract_fips": "17031230100"}, "geometry": {"type": "Polygon", "coordinates": [[[-87.706858, 41.910176], [-87.706864, 41.913828], [-87.701979, 41.913885], [-87.701866, 41.910172], [-87.706858, 41.910176]]]}}, {"type": "Feature", "properties": {"tract_fips": "17031230200"}, "geometry": {"type": "Polygon", "coordinates": [[[-87.713417, 41.913589], [-87.70686, 41.913716], [-87.706858, 41.910176], [-87.713305, 41.910037], [-87.713417, 41.913589]]]}}, {"type": "Feature", "properties": {"tract_fips": "17031230400"}, "geometry": {"type": "Polygon", "coordinates": [[[-87.726454, 41.91378], [-87.724246, 41.9138], [-87.724003, 41.913638], [-87.71666, 41.913687], [-87.71657, 41.910762], [-87.7167, 41.909997], [-87.72633, 41.909879], [-87.726454, 41.91378]]]}}, {"type": "Feature", "properties": {"tract_fips": "17031823001"}, "geometry": {"type": "Polygon", "coordinates": [[[-87.798374, 41.711904], [-87.793866, 41.712001], [-87.793929, 41.713834], [-87.793753, 41.713836], [-87.794038, 41.714671], [-87.793995, 41.715664], [-87.789553, 41.715756], [-87.789453, 41.712631], [-87.786366, 41.712669], [-87.786371, 41.712805], [-87.785792, 41.712822], [-87.785834, 41.713998], [-87.784665, 41.714022], [-87.784807, 41.719033], [-87.785397, 41.719041], [-87.785416, 41.719505], [-87.779939, 41.7196], [-87.779634, 41.711413], [-87.777595, 41.711437], [-87.779553, 41.709718], [-87.779512, 41.708652], [-87.774152, 41.708698], [-87.770982, 41.710653], [-87.767408, 41.71227], [-87.767055, 41.705091], [-87.769591, 41.705057], [-87.769348, 41.698898], [-87.779062, 41.704163], [-87.77937, 41.704009], [-87.779112, 41.697682], [-87.788864, 41.697462], [-87.789094, 41.702627], [-87.789485, 41.703175], [-87.794183, 41.700135], [-87.797784, 41.6983], [-87.798374, 41.711904]]]}}, {"type": "Feature", "properties": {"tract_fips": "17031230500"}, "geometry": {"type": "Polygon", "coordinates": [[[-87.741381, 41.909676], [-87.741301, 41.913906], [-87.736224, 41.913522], [-87.72645, 41.913645], [-87.72633, 41.909879], [-87.741381, 41.909676]]]}}, {"type": "Feature", "properties": {"tract_fips": "17031351100"}, "geometry": {"type": "Polygon", "coordinates": [[[-87.616967, 41.8311], [-87.610613, 41.831186], [-87.612624, 41.823891], [-87.616732, 41.823838], [-87.616967, 41.8311]]]}}, {"type": "Feature", "properties": {"tract_fips": "17031827500"}, "geometry": {"type": "Polygon", "coordinates": [[[-87.655942, 41.597266], [-87.655955, 41.604468], [-87.646202, 41.604496], [-87.646071, 41.604746], [-87.645035, 41.604466], [-87.63645, 41.604529], [-87.636417, 41.600913], [-87.617027, 41.600879], [-87.616982, 41.586397], [-87.636407, 41.586391], [-87.636384, 41.582342], [-87.636876, 41.582246], [-87.636921, 41.581161], [-87.637384, 41.580259], [-87.637971, 41.579738], [-87.638809, 41.579335], [-87.640138, 41.579128], [-87.655949, 41.579063], [-87.655883, 41.58634], [-87.650211, 41.596939], [-87.652288, 41.597278], [-87.655942, 41.597266]]]}}, {"type": "Feature", "properties": {"tract_fips": "17031807600"}, "geometry": {"type": "Polygon", "coordinates": [[[-87.746983, 42.022043], [-87.746111, 42.023136], [-87.745781, 42.024093], [-87.744817, 42.023439], [-87.743593, 42.022886], [-87.741174, 42.022395], [-87.723441, 42.022413], [-87.723154, 42.03356], [-87.708661, 42.033676], [-87.709027, 42.019134], [-87.708662, 42.019144], [-87.708771, 42.014512], [-87.709021, 42.013401], [-87.709057, 42.011861], [-87.723731, 42.011758], [-87.723638, 42.015409], [-87.744879, 42.015288], [-87.745368, 42.01644], [-87.746983, 42.022043]]]}}, {"type": "Feature", "properties": {"tract_fips": "17031826201"}, "geometry": {"type": "Polygon", "coordinates": [[[-87.58369, 41.60091], [-87.583535, 41.603313], [-87.582938, 41.60515], [-87.580104, 41.610202], [-87.579482, 41.611697], [-87.579098, 41.613412], [-87.579021, 41.615474], [-87.54912, 41.615452], [-87.549345, 41.613353], [-87.549319, 41.594082], [-87.550016, 41.59405], [-87.551362, 41.593229], [-87.551735, 41.593182], [-87.552075, 41.593375], [-87.552649, 41.595005], [-87.553341, 41.595249], [-87.55646, 41.594616], [-87.557886, 41.594694], [-87.558612, 41.594518], [-87.558937, 41.593982], [-87.559041, 41.592522], [-87.559589, 41.592197], [-87.560124, 41.592203], [-87.56155, 41.592759], [-87.563658, 41.594588], [-87.564508, 41.594634], [-87.566054, 41.594086], [-87.56669, 41.5942], [-87.567073, 41.594557], [-87.567883, 41.596298], [-87.568635, 41.596633], [-87.569551, 41.596145], [-87.569927, 41.595273], [-87.569667, 41.594666], [-87.56883, 41.593684], [-87.568809, 41.593227], [-87.569056, 41.593016], [-87.569725, 41.592933], [-87.570713, 41.593095], [-87.573015, 41.594222], [-87.573539, 41.594196], [-87.574425, 41.593847], [-87.576129, 41.59404], [-87.576751, 41.594364], [-87.577228, 41.595095], [-87.577485, 41.600951], [-87.58369, 41.60091]]]}}, {"type": "Feature", "properties": {"tract_fips": "17031081900"}, "geometry": {"type": "Polygon", "coordinates": [[[-87.643092, 41.900413], [-87.640044, 41.900468], [-87.63989, 41.896515], [-87.64004, 41.896513], [-87.640028, 41.895517], [-87.642949, 41.895505], [-87.643092, 41.900413]]]}}, {"type": "Feature", "properties": {"tract_fips": "17031770500"}, "geometry": {"type": "Polygon", "coordinates": [[[-87.959935, 42.02516], [-87.955263, 42.021735], [-87.952292, 42.020484], [-87.94585, 42.019154], [-87.94051, 42.018256], [-87.940516, 42.01806], [-87.933218, 42.016559], [-87.920723, 42.013253], [-87.920443, 42.005355], [-87.920754, 42.003968], [-87.921516, 42.003853], [-87.934552, 42.005733], [-87.940247, 42.007172], [-87.939946, 41.993481], [-87.959231, 41.99317], [-87.959369, 41.99413], [-87.959935, 42.02516]]]}}, {"type": "Feature", "properties": {"tract_fips": "17031820202"}, "geometry": {"type": "Polygon", "coordinates": [[[-87.886932, 41.760886], [-87.875525, 41.760991], [-87.872941, 41.761175], [-87.867543, 41.76188], [-87.86816, 41.778548], [-87.858572, 41.782856], [-87.859459, 41.805281], [-87.809235, 41.806225], [-87.807907, 41.806384], [-87.806527, 41.806803], [-87.803675, 41.808291], [-87.802042, 41.808501], [-87.801764, 41.800777], [-87.804408, 41.799599], [-87.805392, 41.79928], [-87.806656, 41.799231], [-87.808678, 41.798414], [-87.811974, 41.796488], [-87.816806, 41.793095], [-87.826289, 41.783222], [-87.84865, 41.758787], [-87.852665, 41.754578], [-87.858256, 41.750034], [-87.860822, 41.748209], [-87.859039, 41.747377], [-87.857352, 41.746822], [-87.855421, 41.746486], [-87.854136, 41.746431], [-87.852847, 41.745049], [-87.852415, 41.744101], [-87.852359, 41.743711], [-87.856095, 41.742942], [-87.860505, 41.74099], [-87.859023, 41.739567], [-87.86024, 41.739562], [-87.861027, 41.739151], [-87.862008, 41.740233], [-87.870513, 41.735961], [-87.871613, 41.737199], [-87.870452, 41.737799], [-87.871281, 41.73853], [-87.875725, 41.735627], [-87.878554, 41.733209], [-87.885178, 41.738343], [-87.886002, 41.739237], [-87.886932, 41.760886]]]}}, {"type": "Feature", "properties": {"tract_fips": "17031611700"}, "geometry": {"type": "Polygon", "coordinates": [[[-87.674507, 41.801233], [-87.669645, 41.801276], [-87.669443, 41.793969], [-87.674301, 41.793916], [-87.674507, 41.801233]]]}}, {"type": "Feature", "properties": {"tract_fips": "17031819700"}, "geometry": {"type": "Polygon", "coordinates": [[[-87.889429, 41.81923], [-87.885818, 41.819344], [-87.884043, 41.819241], [-87.884066, 41.819346], [-87.872494, 41.81972], [-87.872376, 41.816876], [-87.879669, 41.816668], [-87.879474, 41.812194], [-87.874519, 41.812283], [-87.873805, 41.79585], [-87.872664, 41.795873], [-87.872599, 41.794049], [-87.878641, 41.793928], [-87.879048, 41.803044], [-87.88394, 41.802959], [-87.883991, 41.803639], [-87.884587, 41.803836], [-87.884642, 41.804742], [-87.888789, 41.804646], [-87.889429, 41.81923]]]}}, {"type": "Feature", "properties": {"tract_fips": "17031300500"}, "geometry": {"type": "Polygon", "coordinates": [[[-87.724685, 41.848774], [-87.722261, 41.849309], [-87.722152, 41.849447], [-87.72228, 41.851545], [-87.719872, 41.851607], [-87.719674, 41.844317], [-87.724553, 41.844255], [-87.724685, 41.848774]]]}}, {"type": "Feature", "properties": {"tract_fips": "17031816100"}, "geometry": {"type": "Polygon", "coordinates": [[[-87.833695, 41.87171], [-87.827366, 41.872091], [-87.820249, 41.8723], [-87.817554, 41.872786], [-87.813742, 41.873867], [-87.811753, 41.874157], [-87.809193, 41.874201], [-87.80451, 41.873801], [-87.803792, 41.850369], [-87.82945, 41.849911], [-87.832873, 41.850911], [-87.833695, 41.87171]]]}}, {"type": "Feature", "properties": {"tract_fips": "17031818700"}, "geometry": {"type": "Polygon", "coordinates": [[[-87.851813, 41.834854], [-87.852294, 41.845801], [-87.850389, 41.843714], [-87.848094, 41.842572], [-87.846373, 41.84221], [-87.842344, 41.842527], [-87.841465, 41.820495], [-87.84658, 41.820373], [-87.846616, 41.82116], [-87.843954, 41.821737], [-87.843981, 41.822251], [-87.846414, 41.822202], [-87.846632, 41.82768], [-87.849073, 41.827618], [-87.849357, 41.834921], [-87.851813, 41.834854]]]}}, {"type": "Feature", "properties": {"tract_fips": "17031817300"}, "geometry": {"type": "Polygon", "coordinates": [[[-87.851751, 41.889416], [-87.851615, 41.889786], [-87.844236, 41.888954], [-87.843811, 41.878873], [-87.851334, 41.878693], [-87.851751, 41.889416]]]}}, {"type": "Feature", "properties": {"tract_fips": "17031381500"}, "geometry": {"type": "Polygon", "coordinates": [[[-87.62613, 41.811054], [-87.619642, 41.811151], [-87.619593, 41.809336], [-87.626085, 41.809236], [-87.62613, 41.811054]]]}}, {"type": "Feature", "properties": {"tract_fips": "17031420500"}, "geometry": {"type": "Polygon", "coordinates": [[[-87.610802, 41.780325], [-87.610918, 41.785788], [-87.606037, 41.785874], [-87.60593, 41.78041], [-87.610802, 41.780325]]]}}, {"type": "Feature", "properties": {"tract_fips": "17031811500"}, "geometry": {"type": "Polygon", "coordinates": [[[-87.885395, 41.945561], [-87.884884, 41.945386], [-87.880503, 41.945547], [-87.880545, 41.946428], [-87.878109, 41.946403], [-87.878095, 41.946086], [-87.875673, 41.94613], [-87.875651, 41.945657], [-87.863373, 41.94598], [-87.862835, 41.946047], [-87.86342, 41.947519], [-87.858799, 41.947928], [-87.858709, 41.946911], [-87.85886, 41.946801], [-87.85885, 41.945911], [-87.855359, 41.946017], [-87.85528, 41.94582], [-87.854205, 41.945988], [-87.852209, 41.941114], [-87.851884, 41.939424], [-87.851084, 41.938416], [-87.849889, 41.937645], [-87.849588, 41.937286], [-87.854114, 41.937007], [-87.8646, 41.936805], [-87.867953, 41.936942], [-87.870369, 41.936691], [-87.884947, 41.936419], [-87.885395, 41.945561]]]}}, {"type": "Feature", "properties": {"tract_fips": "17031081500"}, "geometry": {"type": "Polygon", "coordinates": [[[-87.628199, 41.896677], [-87.624243, 41.896734], [-87.624194, 41.889914], [-87.624355, 41.88893], [-87.625243, 41.888856], [-87.628004, 41.887506], [-87.628199, 41.896677]]]}}, {"type": "Feature", "properties": {"tract_fips": "17031081600"}, "geometry": {"type": "Polygon", "coordinates": [[[-87.629775, 41.896656], [-87.628199, 41.896677], [-87.628004, 41.887506], [-87.629537, 41.887508], [-87.629775, 41.896656]]]}}, {"type": "Feature", "properties": {"tract_fips": "17031081700"}, "geometry": {"type": "Polygon", "coordinates": [[[-87.634203, 41.896596], [-87.629775, 41.896656], [-87.629537, 41.887508], [-87.633971, 41.887513], [-87.634203, 41.896596]]]}}, {"type": "Feature", "properties": {"tract_fips": "17031081800"}, "geometry": {"type": "Polygon", "coordinates": [[[-87.644139, 41.896456], [-87.642929, 41.896476], [-87.642949, 41.895505], [-87.640028, 41.895517], [-87.64004, 41.896513], [-87.63989, 41.896515], [-87.639984, 41.898905], [-87.634291, 41.898982], [-87.633971, 41.887513], [-87.635813, 41.887378], [-87.636777, 41.887048], [-87.637685, 41.886456], [-87.638484, 41.886952], [-87.63871, 41.887241], [-87.639206, 41.888856], [-87.641138, 41.891585], [-87.641942, 41.892524], [-87.643886, 41.894], [-87.644139, 41.896456]]]}}, {"type": "Feature", "properties": {"tract_fips": "17031222800"}, "geometry": {"type": "Polygon", "coordinates": [[[-87.716772, 41.917283], [-87.713521, 41.917323], [-87.713417, 41.913589], [-87.716656, 41.913549], [-87.716772, 41.917283]]]}}, {"type": "Feature", "properties": {"tract_fips": "17031050800"}, "geometry": {"type": "Polygon", "coordinates": [[[-87.683406, 41.9468], [-87.678553, 41.946864], [-87.678453, 41.943216], [-87.683301, 41.943157], [-87.683406, 41.9468]]]}}, {"type": "Feature", "properties": {"tract_fips": "17031210100"}, "geometry": {"type": "Polygon", "coordinates": [[[-87.707822, 41.946631], [-87.696208, 41.946696], [-87.695199, 41.942369], [-87.693508, 41.940196], [-87.692462, 41.939427], [-87.707698, 41.939331], [-87.707822, 41.946631]]]}}, {"type": "Feature", "properties": {"tract_fips": "17031210400"}, "geometry": {"type": "Polygon", "coordinates": [[[-87.735186, 41.938987], [-87.727185, 41.939095], [-87.726979, 41.93179], [-87.731461, 41.931734], [-87.735186, 41.938987]]]}}, {"type": "Feature", "properties": {"tract_fips": "17031230700"}, "geometry": {"type": "Polygon", "coordinates": [[[-87.726487, 41.909384], [-87.72633, 41.909879], [-87.7167, 41.909997], [-87.71673, 41.905345], [-87.716562, 41.902754], [-87.726303, 41.902671], [-87.726487, 41.909384]]]}}, {"type": "Feature", "properties": {"tract_fips": "17031230800"}, "geometry": {"type": "Polygon", "coordinates": [[[-87.716562, 41.902754], [-87.7167, 41.909997], [-87.71436, 41.910026], [-87.714178, 41.904586], [-87.711734, 41.904611], [-87.711675, 41.902788], [-87.716562, 41.902754]]]}}, {"type": "Feature", "properties": {"tract_fips": "17031230900"}, "geometry": {"type": "Polygon", "coordinates": [[[-87.71436, 41.910026], [-87.706877, 41.910147], [-87.707005, 41.909571], [-87.70679, 41.90285], [-87.711675, 41.902788], [-87.711734, 41.904611], [-87.714178, 41.904586], [-87.71436, 41.910026]]]}}, {"type": "Feature", "properties": {"tract_fips": "17031820502"}, "geometry": {"type": "Polygon", "coordinates": [[[-87.812039, 41.774378], [-87.805692, 41.774432], [-87.805849, 41.772387], [-87.804527, 41.772506], [-87.804362, 41.772386], [-87.801016, 41.776265], [-87.800865, 41.775807], [-87.800496, 41.767982], [-87.800655, 41.766232], [-87.800334, 41.763955], [-87.799102, 41.7335], [-87.808825, 41.733412], [-87.810203, 41.769502], [-87.810574, 41.771799], [-87.811135, 41.773125], [-87.812039, 41.774378]]]}}, {"type": "Feature", "properties": {"tract_fips": "17031820901"}, "geometry": {"type": "Polygon", "coordinates": [[[-87.800806, 41.773709], [-87.742165, 41.77478], [-87.741793, 41.767001], [-87.741899, 41.764299], [-87.741758, 41.76015], [-87.761073, 41.759881], [-87.760893, 41.752488], [-87.769405, 41.752327], [-87.769308, 41.748656], [-87.799744, 41.748134], [-87.800334, 41.763955], [-87.800655, 41.766232], [-87.800496, 41.767982], [-87.800806, 41.773709]]]}}, {"type": "Feature", "properties": {"tract_fips": "17031550200"}, "geometry": {"type": "Polygon", "coordinates": [[[-87.589278, 41.660388], [-87.586295, 41.660295], [-87.582795, 41.659357], [-87.581387, 41.659212], [-87.559286, 41.659189], [-87.559221, 41.660277], [-87.558896, 41.661172], [-87.558864, 41.662263], [-87.55888, 41.666574], [-87.559212, 41.667447], [-87.559257, 41.66897], [-87.557968, 41.669109], [-87.557316, 41.669812], [-87.556452, 41.670114], [-87.556408, 41.670347], [-87.55441, 41.667091], [-87.554465, 41.666845], [-87.552713, 41.664196], [-87.551772, 41.663292], [-87.549542, 41.661933], [-87.549585, 41.651325], [-87.540509, 41.644286], [-87.54282, 41.644611], [-87.548001, 41.644491], [-87.559316, 41.644548], [-87.562382, 41.644749], [-87.564072, 41.644635], [-87.578588, 41.64473], [-87.578758, 41.646155], [-87.57916, 41.647614], [-87.580325, 41.649859], [-87.589278, 41.660388]]]}}, {"type": "Feature", "properties": {"tract_fips": "17031823200"}, "geometry": {"type": "Polygon", "coordinates": [[[-87.778572, 41.682971], [-87.758912, 41.683246], [-87.75921, 41.690553], [-87.755409, 41.690631], [-87.752835, 41.690947], [-87.750266, 41.690833], [-87.749469, 41.690932], [-87.749252, 41.690678], [-87.73973, 41.690891], [-87.739393, 41.682381], [-87.738937, 41.680361], [-87.738834, 41.679128], [-87.738804, 41.677184], [-87.73911, 41.675127], [-87.738498, 41.661739], [-87.738375, 41.655462], [-87.748336, 41.660622], [-87.749734, 41.661541], [-87.762154, 41.668524], [-87.766551, 41.670733], [-87.778159, 41.674082], [-87.778572, 41.682971]]]}}, {"type": "Feature", "properties": {"tract_fips": "17031823304"}, "geometry": {"type": "Polygon", "coordinates": [[[-87.720065, 41.683967], [-87.711516, 41.684093], [-87.711326, 41.681808], [-87.711599, 41.681803], [-87.711576, 41.681356], [-87.71139, 41.681268], [-87.71136, 41.680438], [-87.705285, 41.680579], [-87.705417, 41.684187], [-87.700553, 41.684263], [-87.700624, 41.686134], [-87.699398, 41.686149], [-87.699473, 41.687933], [-87.695717, 41.688032], [-87.696152, 41.69896], [-87.6912, 41.698986], [-87.690823, 41.684402], [-87.685864, 41.684475], [-87.685663, 41.679491], [-87.68576, 41.678619], [-87.686363, 41.677205], [-87.709901, 41.676837], [-87.710178, 41.675057], [-87.710065, 41.672125], [-87.709762, 41.669507], [-87.719414, 41.669416], [-87.720065, 41.683967]]]}}, {"type": "Feature", "properties": {"tract_fips": "17031822602"}, "geometry": {"type": "Polygon", "coordinates": [[[-87.769591, 41.705057], [-87.74027, 41.70557], [-87.740133, 41.701903], [-87.745013, 41.701819], [-87.744719, 41.694487], [-87.744851, 41.693665], [-87.744526, 41.693365], [-87.744523, 41.692751], [-87.744672, 41.692563], [-87.744584, 41.690765], [-87.749252, 41.690678], [-87.749469, 41.690932], [-87.750266, 41.690833], [-87.752835, 41.690947], [-87.755409, 41.690631], [-87.75921, 41.690553], [-87.759648, 41.701571], [-87.769186, 41.701456], [-87.769463, 41.701758], [-87.769591, 41.705057]]]}}, {"type": "Feature", "properties": {"tract_fips": "17031670500"}, "geometry": {"type": "Polygon", "coordinates": [[[-87.67849, 41.779247], [-87.678815, 41.793868], [-87.674301, 41.793916], [-87.673905, 41.779316], [-87.67849, 41.779247]]]}}, {"type": "Feature", "properties": {"tract_fips": "17031820104"}, "geometry": {"type": "Polygon", "coordinates": [[[-87.888157, 41.790048], [-87.868676, 41.790467], [-87.868466, 41.785003], [-87.858667, 41.785211], [-87.858572, 41.782856], [-87.887291, 41.769976], [-87.888157, 41.790048]]]}}, {"type": "Feature", "properties": {"tract_fips": "17031820700"}, "geometry": {"type": "Polygon", "coordinates": [[[-87.802612, 41.821153], [-87.753386, 41.821879], [-87.753508, 41.829174], [-87.743605, 41.829316], [-87.74354, 41.822167], [-87.744949, 41.821981], [-87.744949, 41.815998], [-87.748942, 41.814736], [-87.75296, 41.814677], [-87.753855, 41.814932], [-87.762928, 41.814636], [-87.782504, 41.814341], [-87.782375, 41.810799], [-87.802112, 41.810321], [-87.802612, 41.821153]]]}}, {"type": "Feature", "properties": {"tract_fips": "17031580800"}, "geometry": {"type": "Polygon", "coordinates": [[[-87.689427, 41.811992], [-87.683965, 41.812111], [-87.683874, 41.808417], [-87.689324, 41.80836], [-87.689427, 41.811992]]]}}, {"type": "Feature", "properties": {"tract_fips": "17031804603"}, "geometry": {"type": "Polygon", "coordinates": [[[-88.079731, 42.045111], [-88.079453, 42.065398], [-88.079248, 42.066257], [-88.078711, 42.067001], [-88.053637, 42.067032], [-88.040259, 42.066747], [-88.030334, 42.066729], [-88.030479, 42.062639], [-88.03035, 42.048487], [-88.030689, 42.042943], [-88.031028, 42.040297], [-88.031073, 42.036965], [-88.036077, 42.03798], [-88.060617, 42.041099], [-88.065228, 42.041815], [-88.071316, 42.043108], [-88.079267, 42.044985], [-88.079731, 42.045111]]]}}, {"type": "Feature", "properties": {"tract_fips": "17031811800"}, "geometry": {"type": "Polygon", "coordinates": [[[-87.920423, 41.906843], [-87.920342, 41.921566], [-87.919329, 41.921225], [-87.913727, 41.921335], [-87.913125, 41.921658], [-87.911156, 41.921703], [-87.909037, 41.921467], [-87.894085, 41.921773], [-87.893823, 41.916073], [-87.892995, 41.914511], [-87.893671, 41.91281], [-87.893641, 41.9114], [-87.891595, 41.91144], [-87.891082, 41.91126], [-87.890912, 41.910969], [-87.889627, 41.911039], [-87.889471, 41.907444], [-87.920423, 41.906843]]]}}, {"type": "Feature", "properties": {"tract_fips": "17031770300"}, "geometry": {"type": "Polygon", "coordinates": [[[-88.016785, 42.038138], [-88.016495, 42.039292], [-88.008877, 42.052127], [-87.983854, 42.040517], [-87.985106, 42.034406], [-87.986078, 42.031332], [-87.98785, 42.027207], [-87.988321, 42.02526], [-87.988454, 42.022277], [-87.98865, 42.021429], [-87.989142, 42.020505], [-87.991603, 42.017723], [-87.975016, 42.014316], [-87.966697, 42.011429], [-87.95964, 42.011433], [-87.959369, 41.99413], [-87.959231, 41.99317], [-87.995425, 41.992715], [-87.995712, 41.993954], [-87.995186, 41.996548], [-87.995424, 41.997046], [-87.996554, 41.998367], [-87.996753, 41.99931], [-87.996511, 42.000236], [-87.995162, 42.000897], [-87.994898, 42.001575], [-87.995984, 42.005877], [-87.996199, 42.006224], [-87.997053, 42.006729], [-87.999871, 42.007683], [-88.000068, 42.007958], [-88.000885, 42.008414], [-88.001149, 42.008996], [-88.000588, 42.010577], [-88.000661, 42.011318], [-88.00099, 42.012233], [-88.000168, 42.019334], [-88.008371, 42.022962], [-88.009827, 42.024388], [-88.013215, 42.025331], [-88.012134, 42.027202], [-88.012588, 42.027524], [-88.012844, 42.028174], [-88.012625, 42.029825], [-88.01279, 42.03012], [-88.011566, 42.030784], [-88.011065, 42.031858], [-88.011038, 42.033162], [-88.011475, 42.033385], [-88.011917, 42.034131], [-88.012541, 42.034616], [-88.013065, 42.034555], [-88.013935, 42.034766], [-88.014573, 42.035566], [-88.014831, 42.036716], [-88.01527, 42.037098], [-88.016656, 42.037419], [-88.016785, 42.038138]]]}}, {"type": "Feature", "properties": {"tract_fips": "17031805109"}, "geometry": {"type": "Polygon", "coordinates": [[[-87.992961, 42.054339], [-87.992967, 42.060468], [-87.979906, 42.060578], [-87.980011, 42.059411], [-87.980403, 42.058281], [-87.977942, 42.057822], [-87.974953, 42.057883], [-87.974948, 42.058824], [-87.960396, 42.05902], [-87.960265, 42.048254], [-87.966888, 42.049207], [-87.968533, 42.049741], [-87.971045, 42.050958], [-87.972904, 42.051398], [-87.991141, 42.051474], [-87.991155, 42.052393], [-87.991767, 42.05336], [-87.991863, 42.054323], [-87.992961, 42.054339]]]}}, {"type": "Feature", "properties": {"tract_fips": "17031828300"}, "geometry": {"type": "Polygon", "coordinates": [[[-87.636079, 41.557399], [-87.636407, 41.586391], [-87.616982, 41.586397], [-87.616686, 41.585456], [-87.615136, 41.583668], [-87.614982, 41.581389], [-87.61212, 41.58137], [-87.612057, 41.579375], [-87.604556, 41.57929], [-87.595017, 41.578032], [-87.594965, 41.578215], [-87.591602, 41.577834], [-87.587911, 41.577714], [-87.581954, 41.577821], [-87.582321, 41.576267], [-87.583306, 41.573923], [-87.583754, 41.571492], [-87.583692, 41.557472], [-87.592571, 41.557465], [-87.595192, 41.557618], [-87.612251, 41.55744], [-87.621805, 41.557534], [-87.625766, 41.557335], [-87.636079, 41.557399]]]}}, {"type": "Feature", "properties": {"tract_fips": "17031824900"}, "geometry": {"type": "Polygon", "coordinates": [[[-87.717123, 41.610946], [-87.707445, 41.611121], [-87.707871, 41.622058], [-87.693321, 41.62236], [-87.6931, 41.616129], [-87.693203, 41.613999], [-87.691202, 41.615531], [-87.685075, 41.615726], [-87.683847, 41.615434], [-87.680221, 41.615495], [-87.679865, 41.608722], [-87.680183, 41.60458], [-87.679012, 41.604556], [-87.679006, 41.603746], [-87.677698, 41.603635], [-87.677694, 41.602933], [-87.680153, 41.604064], [-87.67998, 41.60144], [-87.675238, 41.601204], [-87.675235, 41.600866], [-87.704264, 41.600727], [-87.706671, 41.600893], [-87.71068, 41.60054], [-87.714574, 41.600995], [-87.716801, 41.601816], [-87.717123, 41.610946]]]}}, {"type": "Feature", "properties": {"tract_fips": "17031820800"}, "geometry": {"type": "Polygon", "coordinates": [[[-87.802112, 41.810321], [-87.782375, 41.810799], [-87.782504, 41.814341], [-87.762928, 41.814636], [-87.753855, 41.814932], [-87.75296, 41.814677], [-87.748942, 41.814736], [-87.753119, 41.813442], [-87.752961, 41.812974], [-87.752736, 41.800187], [-87.792824, 41.799465], [-87.796042, 41.79943], [-87.796626, 41.799576], [-87.802094, 41.797847], [-87.802093, 41.798141], [-87.801729, 41.798436], [-87.802112, 41.810321]]]}}, {"type": "Feature", "properties": {"tract_fips": "17031300800"}, "geometry": {"type": "Polygon", "coordinates": [[[-87.710128, 41.851706], [-87.705255, 41.851765], [-87.70504, 41.844518], [-87.70991, 41.84445], [-87.710128, 41.851706]]]}}, {"type": "Feature", "properties": {"tract_fips": "17031191100"}, "geometry": {"type": "Polygon", "coordinates": [[[-87.756146, 41.924107], [-87.746302, 41.924239], [-87.74601, 41.914493], [-87.755895, 41.915709], [-87.756146, 41.924107]]]}}, {"type": "Feature", "properties": {"tract_fips": "17031230600"}, "geometry": {"type": "Polygon", "coordinates": [[[-87.741657, 41.907754], [-87.741381, 41.909676], [-87.72633, 41.909879], [-87.726491, 41.909354], [-87.726303, 41.902671], [-87.741518, 41.902427], [-87.741657, 41.907754]]]}}, {"type": "Feature", "properties": {"tract_fips": "17031242300"}, "geometry": {"type": "Polygon", "coordinates": [[[-87.68214, 41.903107], [-87.677258, 41.903191], [-87.677052, 41.895912], [-87.681949, 41.895827], [-87.68214, 41.903107]]]}}, {"type": "Feature", "properties": {"tract_fips": "17031242200"}, "geometry": {"type": "Polygon", "coordinates": [[[-87.677258, 41.903191], [-87.672381, 41.903267], [-87.672173, 41.895992], [-87.677052, 41.895912], [-87.677258, 41.903191]]]}}, {"type": "Feature", "properties": {"tract_fips": "17031032100"}, "geometry": {"type": "Polygon", "coordinates": [[[-87.656343, 41.961756], [-87.649912, 41.961843], [-87.6497, 41.954561], [-87.656136, 41.954462], [-87.656234, 41.958144], [-87.655975, 41.958424], [-87.656246, 41.95862], [-87.656343, 41.961756]]]}}, {"type": "Feature", "properties": {"tract_fips": "17031827801"}, "geometry": {"type": "Polygon", "coordinates": [[[-87.617074, 41.616719], [-87.61568, 41.616224], [-87.614508, 41.615441], [-87.613508, 41.614465], [-87.612934, 41.613606], [-87.61273, 41.612805], [-87.612847, 41.611967], [-87.613926, 41.61047], [-87.614266, 41.609203], [-87.613842, 41.608289], [-87.613124, 41.607642], [-87.610349, 41.607089], [-87.608722, 41.607227], [-87.604535, 41.607163], [-87.602758, 41.607524], [-87.600067, 41.607044], [-87.597672, 41.607237], [-87.597642, 41.593544], [-87.607327, 41.593595], [-87.607324, 41.589394], [-87.610191, 41.5911], [-87.617016, 41.595614], [-87.617074, 41.616719]]]}}, {"type": "Feature", "properties": {"tract_fips": "17031801500"}, "geometry": {"type": "Polygon", "coordinates": [[[-87.848188, 42.152608], [-87.848183, 42.152811], [-87.844398, 42.152817], [-87.824664, 42.152693], [-87.818386, 42.152518], [-87.789522, 42.152473], [-87.789819, 42.148832], [-87.790067, 42.141096], [-87.79005, 42.139247], [-87.789725, 42.137933], [-87.806826, 42.138056], [-87.807459, 42.13769], [-87.805985, 42.136881], [-87.805476, 42.135778], [-87.805049, 42.135454], [-87.803308, 42.135613], [-87.802541, 42.1353], [-87.801611, 42.134262], [-87.799628, 42.132511], [-87.798728, 42.131391], [-87.798735, 42.130847], [-87.798168, 42.130446], [-87.79816, 42.129639], [-87.797747, 42.129326], [-87.797563, 42.128651], [-87.797194, 42.128272], [-87.796162, 42.127948], [-87.795137, 42.128145], [-87.7935, 42.127805], [-87.792777, 42.126965], [-87.79291, 42.126443], [-87.792681, 42.125812], [-87.791796, 42.125669], [-87.790987, 42.124949], [-87.790737, 42.124439], [-87.791467, 42.123851], [-87.79143, 42.123224], [-87.793804, 42.123475], [-87.810913, 42.123627], [-87.813056, 42.123195], [-87.814339, 42.125384], [-87.816033, 42.127291], [-87.82372, 42.127329], [-87.825516, 42.129485], [-87.825973, 42.129738], [-87.82913, 42.129754], [-87.829418, 42.130391], [-87.830495, 42.130874], [-87.830591, 42.132856], [-87.831411, 42.135035], [-87.831816, 42.135419], [-87.832783, 42.135836], [-87.834716, 42.13801], [-87.834725, 42.140936], [-87.83485, 42.141232], [-87.839006, 42.147874], [-87.841486, 42.148884], [-87.843338, 42.149295], [-87.843722, 42.150146], [-87.847554, 42.152472], [-87.848188, 42.152608]]]}}, {"type": "Feature", "properties": {"tract_fips": "17031806002"}, "geometry": {"type": "Polygon", "coordinates": [[[-87.887496, 42.054459], [-87.880995, 42.054619], [-87.879281, 42.054368], [-87.87637, 42.053573], [-87.874299, 42.05338], [-87.855007, 42.054099], [-87.855152, 42.039516], [-87.860009, 42.039338], [-87.860003, 42.043239], [-87.867993, 42.043105], [-87.870686, 42.043953], [-87.872097, 42.044076], [-87.875774, 42.04398], [-87.876736, 42.043597], [-87.877569, 42.044218], [-87.878491, 42.044614], [-87.878022, 42.04561], [-87.876976, 42.046804], [-87.875158, 42.047609], [-87.873368, 42.048786], [-87.872942, 42.049375], [-87.873074, 42.04992], [-87.873441, 42.050064], [-87.874102, 42.049965], [-87.875427, 42.049468], [-87.876044, 42.048932], [-87.876991, 42.048674], [-87.877902, 42.048592], [-87.87922, 42.04882], [-87.879943, 42.049162], [-87.881093, 42.05034], [-87.881147, 42.050835], [-87.881786, 42.052442], [-87.881865, 42.053105], [-87.882502, 42.054017], [-87.882862, 42.054257], [-87.8832, 42.05425], [-87.884644, 42.053541], [-87.885801, 42.053527], [-87.887157, 42.053989], [-87.887496, 42.054459]]]}}, {"type": "Feature", "properties": {"tract_fips": "17031811701"}, "geometry": {"type": "Polygon", "coordinates": [[[-87.920288, 41.931317], [-87.920171, 41.958165], [-87.916554, 41.957647], [-87.914451, 41.956808], [-87.914454, 41.953536], [-87.90826, 41.951851], [-87.905289, 41.951339], [-87.897162, 41.950637], [-87.892661, 41.950712], [-87.892663, 41.95213], [-87.893248, 41.954707], [-87.893087, 41.958086], [-87.890763, 41.95803], [-87.890463, 41.95463], [-87.890663, 41.95343], [-87.885679, 41.953284], [-87.884681, 41.93028], [-87.920288, 41.931317]]]}}, {"type": "Feature", "properties": {"tract_fips": "17031823803"}, "geometry": {"type": "Polygon", "coordinates": [[[-87.846381, 41.685302], [-87.845549, 41.688877], [-87.845497, 41.691645], [-87.845919, 41.693555], [-87.846305, 41.703423], [-87.798053, 41.70441], [-87.797857, 41.699926], [-87.810184, 41.694749], [-87.813653, 41.693819], [-87.8158, 41.693621], [-87.818813, 41.694023], [-87.823431, 41.693184], [-87.826322, 41.691932], [-87.829578, 41.689614], [-87.830217, 41.688947], [-87.832565, 41.687109], [-87.834788, 41.686423], [-87.838107, 41.686025], [-87.838839, 41.685587], [-87.839389, 41.684618], [-87.846381, 41.685302]]]}}, {"type": "Feature", "properties": {"tract_fips": "17031060900"}, "geometry": {"type": "Polygon", "coordinates": [[[-87.649486, 41.947315], [-87.64962, 41.951198], [-87.644807, 41.95235], [-87.644352, 41.952727], [-87.640738, 41.953851], [-87.633709, 41.955326], [-87.631205, 41.949765], [-87.640743, 41.947618], [-87.640986, 41.94737], [-87.64206, 41.947026], [-87.642379, 41.946775], [-87.644426, 41.946081], [-87.645549, 41.947929], [-87.64738, 41.947325], [-87.649486, 41.947315]]]}}, {"type": "Feature", "properties": {"tract_fips": "17031061000"}, "geometry": {"type": "Polygon", "coordinates": [[[-87.654444, 41.951124], [-87.64962, 41.951198], [-87.649486, 41.947315], [-87.65433, 41.947245], [-87.654444, 41.951124]]]}}, {"type": "Feature", "properties": {"tract_fips": "17031210700"}, "geometry": {"type": "Polygon", "coordinates": [[[-87.707698, 41.939331], [-87.700277, 41.939377], [-87.700175, 41.935867], [-87.699909, 41.934313], [-87.700133, 41.934174], [-87.700073, 41.932079], [-87.707427, 41.932029], [-87.707698, 41.939331]]]}}, {"type": "Feature", "properties": {"tract_fips": "17031817500"}, "geometry": {"type": "Polygon", "coordinates": [[[-87.844236, 41.888954], [-87.833102, 41.887701], [-87.833485, 41.887019], [-87.833694, 41.886218], [-87.833409, 41.885356], [-87.833013, 41.884749], [-87.828946, 41.881588], [-87.827311, 41.88054], [-87.827025, 41.880132], [-87.827063, 41.879537], [-87.828739, 41.87602], [-87.828455, 41.8758], [-87.826187, 41.875493], [-87.824994, 41.874579], [-87.824854, 41.873913], [-87.825461, 41.872129], [-87.833694, 41.871772], [-87.833888, 41.87631], [-87.837536, 41.876269], [-87.838763, 41.876404], [-87.838716, 41.875326], [-87.842776, 41.875245], [-87.843672, 41.875494], [-87.844236, 41.888954]]]}}, {"type": "Feature", "properties": {"tract_fips": "17031818300"}, "geometry": {"type": "Polygon", "coordinates": [[[-87.918243, 41.873662], [-87.913008, 41.874967], [-87.913004, 41.882086], [-87.911416, 41.881955], [-87.911417, 41.882308], [-87.910759, 41.882347], [-87.910647, 41.885418], [-87.903269, 41.885382], [-87.903268, 41.884835], [-87.897994, 41.88488], [-87.897891, 41.880869], [-87.891759, 41.880378], [-87.883277, 41.882523], [-87.882791, 41.869915], [-87.887765, 41.869802], [-87.890635, 41.870078], [-87.89364, 41.870912], [-87.896998, 41.872499], [-87.898948, 41.873192], [-87.901401, 41.87371], [-87.90351, 41.873898], [-87.906539, 41.873708], [-87.909532, 41.873036], [-87.91264, 41.871778], [-87.915556, 41.870834], [-87.916161, 41.870456], [-87.917102, 41.869522], [-87.916762, 41.870483], [-87.91682, 41.871266], [-87.917493, 41.872625], [-87.918243, 41.873662]]]}}, {"type": "Feature", "properties": {"tract_fips": "17031291600"}, "geometry": {"type": "Polygon", "coordinates": [[[-87.695692, 41.859221], [-87.688217, 41.859337], [-87.688171, 41.856915], [-87.695558, 41.85524], [-87.695692, 41.859221]]]}}, {"type": "Feature", "properties": {"tract_fips": "17031400400"}, "geometry": {"type": "Polygon", "coordinates": [[[-87.620846, 41.794723], [-87.615981, 41.794801], [-87.615802, 41.787523], [-87.620658, 41.787445], [-87.620846, 41.794723]]]}}, {"type": "Feature", "properties": {"tract_fips": "17031816500"}, "geometry": {"type": "Polygon", "coordinates": [[[-87.903399, 41.896794], [-87.903362, 41.89983], [-87.898402, 41.89999], [-87.898386, 41.901776], [-87.893564, 41.901872], [-87.893512, 41.902763], [-87.888682, 41.902808], [-87.888697, 41.90114], [-87.887282, 41.900164], [-87.887608, 41.900176], [-87.887471, 41.89994], [-87.887453, 41.898408], [-87.885073, 41.897886], [-87.885056, 41.897402], [-87.884414, 41.897276], [-87.881797, 41.896963], [-87.879933, 41.897112], [-87.879883, 41.899997], [-87.878765, 41.901126], [-87.878805, 41.903445], [-87.875772, 41.90351], [-87.873973, 41.904922], [-87.873375, 41.905658], [-87.870425, 41.907804], [-87.864442, 41.907903], [-87.864013, 41.892923], [-87.878485, 41.892744], [-87.883518, 41.892407], [-87.89304, 41.89248], [-87.895511, 41.892651], [-87.903115, 41.893425], [-87.903399, 41.896794]]]}}, {"type": "Feature", "properties": {"tract_fips": "17031805701"}, "geometry": {"type": "Polygon", "coordinates": [[[-87.864438, 42.004305], [-87.864285, 42.004933], [-87.864005, 42.005222], [-87.860848, 42.006586], [-87.860036, 42.007455], [-87.859853, 42.008367], [-87.860054, 42.009097], [-87.861355, 42.010293], [-87.845568, 42.010779], [-87.845598, 42.007139], [-87.839125, 42.007348], [-87.8392, 41.99939], [-87.839594, 41.998788], [-87.839608, 41.996377], [-87.859437, 41.995847], [-87.860769, 41.996665], [-87.861341, 41.997148], [-87.861493, 41.997554], [-87.861347, 41.997847], [-87.860577, 41.998327], [-87.859818, 41.999066], [-87.859579, 41.999566], [-87.859717, 41.99987], [-87.863708, 42.002865], [-87.864303, 42.003639], [-87.864438, 42.004305]]]}}, {"type": "Feature", "properties": {"tract_fips": "17031804803"}, "geometry": {"type": "Polygon", "coordinates": [[[-88.110087, 42.004209], [-88.080077, 42.005315], [-88.080031, 42.012215], [-88.07824, 42.012217], [-88.076912, 42.011869], [-88.076225, 42.012384], [-88.072507, 42.012547], [-88.071949, 42.012353], [-88.071439, 42.011852], [-88.071362, 42.011546], [-88.070425, 42.011587], [-88.070451, 42.009226], [-88.070049, 42.007914], [-88.070321, 42.006873], [-88.070353, 42.005703], [-88.06549, 42.005898], [-88.06359, 42.005765], [-88.063746, 42.003622], [-88.061289, 42.003683], [-88.061296, 42.003085], [-88.061431, 42.002821], [-88.0639, 42.002789], [-88.064006, 42.002519], [-88.063939, 42.001598], [-88.062606, 42.000648], [-88.062427, 41.998699], [-88.080156, 41.997999], [-88.080223, 41.990752], [-88.109855, 41.989585], [-88.109568, 41.990445], [-88.109475, 42.002905], [-88.110087, 42.004209]]]}}, {"type": "Feature", "properties": {"tract_fips": "17031804105"}, "geometry": {"type": "Polygon", "coordinates": [[[-88.121869, 42.096002], [-88.121265, 42.096205], [-88.115371, 42.096235], [-88.114912, 42.09643], [-88.113797, 42.097707], [-88.1133, 42.097995], [-88.103818, 42.100744], [-88.102889, 42.10078], [-88.100396, 42.10049], [-88.096059, 42.103302], [-88.092443, 42.103321], [-88.092404, 42.084606], [-88.088367, 42.083623], [-88.08513, 42.082499], [-88.082606, 42.081376], [-88.079197, 42.079458], [-88.075267, 42.077806], [-88.057026, 42.072626], [-88.043198, 42.068137], [-88.03967, 42.066767], [-88.053637, 42.067032], [-88.121676, 42.067109], [-88.121698, 42.09562], [-88.121869, 42.096002]]]}}, {"type": "Feature", "properties": {"tract_fips": "17031120100"}, "geometry": {"type": "Polygon", "coordinates": [[[-87.790147, 42.000783], [-87.786909, 42.002488], [-87.782714, 42.00423], [-87.782215, 42.004637], [-87.783208, 42.005542], [-87.788723, 42.011997], [-87.77906, 42.011991], [-87.779118, 42.015539], [-87.776922, 42.015457], [-87.776944, 42.011982], [-87.773345, 42.011949], [-87.770436, 42.006341], [-87.770157, 42.006451], [-87.760568, 41.98796], [-87.761445, 41.987652], [-87.762036, 41.9877], [-87.762366, 41.98795], [-87.762349, 41.988206], [-87.7618, 41.988466], [-87.761686, 41.988822], [-87.762151, 41.990129], [-87.762559, 41.99068], [-87.762915, 41.99055], [-87.76281, 41.990124], [-87.762931, 41.989864], [-87.764236, 41.989356], [-87.76514, 41.989877], [-87.766367, 41.990084], [-87.767148, 41.989867], [-87.767761, 41.989448], [-87.767682, 41.989076], [-87.767894, 41.988732], [-87.770491, 41.988979], [-87.771037, 41.989181], [-87.771579, 41.98964], [-87.771745, 41.990246], [-87.771481, 41.99083], [-87.770947, 41.991072], [-87.770981, 41.991356], [-87.772799, 41.991725], [-87.773422, 41.992322], [-87.773739, 41.99312], [-87.77356, 41.993538], [-87.772249, 41.994045], [-87.771502, 41.994689], [-87.771254, 41.99514], [-87.77123, 41.995649], [-87.771509, 41.99642], [-87.772279, 41.996789], [-87.773851, 41.996984], [-87.775771, 41.996644], [-87.776771, 41.997204], [-87.777365, 41.996951], [-87.778394, 41.997078], [-87.779106, 41.996705], [-87.779829, 41.996894], [-87.779965, 41.997174], [-87.77995, 41.99908], [-87.780176, 42.001455], [-87.780529, 42.002531], [-87.780804, 42.00284], [-87.781629, 42.002883], [-87.782094, 42.002402], [-87.782823, 42.000398], [-87.783119, 42.000084], [-87.784262, 42.000233], [-87.785518, 41.999698], [-87.786704, 41.999816], [-87.788086, 41.999694], [-87.790061, 42.000621], [-87.790147, 42.000783]]]}}, {"type": "Feature", "properties": {"tract_fips": "17031804705"}, "geometry": {"type": "Polygon", "coordinates": [[[-88.128122, 42.054875], [-88.127868, 42.055925], [-88.126522, 42.0559], [-88.126152, 42.056269], [-88.126439, 42.056986], [-88.12609, 42.058025], [-88.12626, 42.059467], [-88.127197, 42.060226], [-88.1269, 42.060579], [-88.126893, 42.062267], [-88.122625, 42.063055], [-88.12138, 42.063073], [-88.11498, 42.062478], [-88.107547, 42.062879], [-88.107308, 42.060543], [-88.106909, 42.060028], [-88.105639, 42.059013], [-88.106883, 42.058268], [-88.109658, 42.057872], [-88.11053, 42.057346], [-88.110957, 42.056885], [-88.111418, 42.057025], [-88.112708, 42.056957], [-88.113412, 42.056625], [-88.113567, 42.056292], [-88.113611, 42.055032], [-88.114558, 42.05195], [-88.115709, 42.049484], [-88.115594, 42.047702], [-88.126171, 42.047284], [-88.126216, 42.048013], [-88.125945, 42.049046], [-88.12616, 42.049468], [-88.126608, 42.049812], [-88.124791, 42.050689], [-88.124349, 42.051095], [-88.124057, 42.051645], [-88.124102, 42.052389], [-88.124659, 42.053529], [-88.12453, 42.054382], [-88.128122, 42.054875]]]}}, {"type": "Feature", "properties": {"tract_fips": "17031803603"}, "geometry": {"type": "Polygon", "coordinates": [[[-88.121679, 42.117634], [-88.121571, 42.119185], [-88.121654, 42.130147], [-88.118853, 42.131524], [-88.117246, 42.132016], [-88.115458, 42.132315], [-88.098598, 42.132388], [-88.093292, 42.133667], [-88.091288, 42.132403], [-88.089846, 42.131704], [-88.063111, 42.119833], [-88.063105, 42.110385], [-88.121552, 42.110599], [-88.121679, 42.117634]]]}}, {"type": "Feature", "properties": {"tract_fips": "17031820101"}, "geometry": {"type": "Polygon", "coordinates": [[[-87.917016, 41.789428], [-87.888157, 41.790048], [-87.887291, 41.769976], [-87.891387, 41.768289], [-87.894443, 41.767271], [-87.902259, 41.762955], [-87.905987, 41.761317], [-87.910019, 41.759307], [-87.915811, 41.756835], [-87.917016, 41.789428]]]}}, {"type": "Feature", "properties": {"tract_fips": "17031062000"}, "geometry": {"type": "Polygon", "coordinates": [[[-87.64943, 41.945461], [-87.646148, 41.945502], [-87.644485, 41.942728], [-87.6444, 41.940045], [-87.649267, 41.939981], [-87.64943, 41.945461]]]}}, {"type": "Feature", "properties": {"tract_fips": "17031611200"}, "geometry": {"type": "Polygon", "coordinates": [[[-87.664973, 41.808604], [-87.660106, 41.808669], [-87.659918, 41.801382], [-87.664776, 41.801318], [-87.664973, 41.808604]]]}}, {"type": "Feature", "properties": {"tract_fips": "17031300900"}, "geometry": {"type": "Polygon", "coordinates": [[[-87.705255, 41.851765], [-87.700364, 41.851838], [-87.700148, 41.844613], [-87.70504, 41.844518], [-87.705255, 41.851765]]]}}, {"type": "Feature", "properties": {"tract_fips": "17031061100"}, "geometry": {"type": "Polygon", "coordinates": [[[-87.659269, 41.951048], [-87.654444, 41.951124], [-87.65433, 41.947245], [-87.659168, 41.947149], [-87.659269, 41.951048]]]}}, {"type": "Feature", "properties": {"tract_fips": "17031061500"}, "geometry": {"type": "Polygon", "coordinates": [[[-87.664015, 41.947068], [-87.659168, 41.947149], [-87.659073, 41.943493], [-87.663917, 41.943418], [-87.664015, 41.947068]]]}}, {"type": "Feature", "properties": {"tract_fips": "17031062100"}, "geometry": {"type": "Polygon", "coordinates": [[[-87.654272, 41.945396], [-87.64943, 41.945461], [-87.649267, 41.939981], [-87.654106, 41.939912], [-87.654272, 41.945396]]]}}, {"type": "Feature", "properties": {"tract_fips": "17031062200"}, "geometry": {"type": "Polygon", "coordinates": [[[-87.659122, 41.945316], [-87.655825, 41.945361], [-87.65523, 41.945605], [-87.654245, 41.944466], [-87.654106, 41.939912], [-87.658969, 41.939838], [-87.659122, 41.945316]]]}}, {"type": "Feature", "properties": {"tract_fips": "17031823801"}, "geometry": {"type": "Polygon", "coordinates": [[[-87.914343, 41.711853], [-87.914264, 41.716598], [-87.90264, 41.722627], [-87.893428, 41.727045], [-87.889553, 41.729353], [-87.888563, 41.730669], [-87.887469, 41.731037], [-87.886524, 41.731633], [-87.880854, 41.731731], [-87.879279, 41.732017], [-87.876672, 41.731998], [-87.876478, 41.731863], [-87.87178, 41.732079], [-87.847466, 41.732564], [-87.845919, 41.693555], [-87.845497, 41.691645], [-87.845549, 41.688877], [-87.846381, 41.685302], [-87.855532, 41.686222], [-87.855478, 41.683717], [-87.856704, 41.680488], [-87.856797, 41.679872], [-87.856455, 41.678485], [-87.855123, 41.676008], [-87.854874, 41.674771], [-87.854506, 41.65949], [-87.85414, 41.654024], [-87.853905, 41.645013], [-87.871686, 41.644829], [-87.883063, 41.644486], [-87.884589, 41.644289], [-87.91193, 41.643933], [-87.912567, 41.661985], [-87.912746, 41.662139], [-87.912607, 41.663159], [-87.912922, 41.672541], [-87.912798, 41.672547], [-87.912821, 41.673032], [-87.912946, 41.67304], [-87.913169, 41.679677], [-87.913302, 41.680118], [-87.913771, 41.693776], [-87.913734, 41.696531], [-87.914343, 41.711853]]]}}, {"type": "Feature", "properties": {"tract_fips": "17031827901"}, "geometry": {"type": "Polygon", "coordinates": [[[-87.583748, 41.584702], [-87.58369, 41.60091], [-87.577485, 41.600951], [-87.577228, 41.595095], [-87.576751, 41.594364], [-87.576129, 41.59404], [-87.574425, 41.593847], [-87.573539, 41.594196], [-87.573015, 41.594222], [-87.570713, 41.593095], [-87.569725, 41.592933], [-87.569056, 41.593016], [-87.568809, 41.593227], [-87.56883, 41.593684], [-87.569667, 41.594666], [-87.569927, 41.595273], [-87.569551, 41.596145], [-87.568635, 41.596633], [-87.567883, 41.596298], [-87.567073, 41.594557], [-87.56669, 41.5942], [-87.566054, 41.594086], [-87.564508, 41.594634], [-87.563658, 41.594588], [-87.56155, 41.592759], [-87.560124, 41.592203], [-87.559589, 41.592197], [-87.559041, 41.592522], [-87.558937, 41.593982], [-87.558687, 41.594456], [-87.558641, 41.592312], [-87.558887, 41.587958], [-87.558857, 41.577886], [-87.581954, 41.577821], [-87.582157, 41.579582], [-87.583363, 41.582078], [-87.583614, 41.582931], [-87.583748, 41.584702]]]}}, {"type": "Feature", "properties": {"tract_fips": "17031829500"}, "geometry": {"type": "Polygon", "coordinates": [[[-87.655073, 41.491525], [-87.616141, 41.491656], [-87.616037, 41.477098], [-87.644944, 41.476972], [-87.649907, 41.477105], [-87.654731, 41.476927], [-87.654755, 41.480678], [-87.654583, 41.481577], [-87.654734, 41.486071], [-87.654464, 41.486388], [-87.655073, 41.491525]]]}}, {"type": "Feature", "properties": {"tract_fips": "17031090200"}, "geometry": {"type": "Polygon", "coordinates": [[[-87.821553, 42.006845], [-87.821116, 42.007225], [-87.821318, 42.007354], [-87.821253, 42.011357], [-87.806638, 42.011713], [-87.806809, 41.996039], [-87.821325, 42.004254], [-87.821321, 42.006049], [-87.821495, 42.006159], [-87.82132, 42.006319], [-87.821319, 42.006697], [-87.821553, 42.006845]]]}}, {"type": "Feature", "properties": {"tract_fips": "17031090100"}, "geometry": {"type": "Polygon", "coordinates": [[[-87.821224, 42.015521], [-87.821213, 42.01864], [-87.806547, 42.018965], [-87.806638, 42.011713], [-87.819731, 42.011384], [-87.819741, 42.011934], [-87.820017, 42.011935], [-87.820078, 42.012294], [-87.820066, 42.015546], [-87.821224, 42.015521]]]}}, {"type": "Feature", "properties": {"tract_fips": "17031829100"}, "geometry": {"type": "Polygon", "coordinates": [[[-87.645177, 41.498945], [-87.635293, 41.498981], [-87.63513, 41.502505], [-87.616177, 41.502564], [-87.616141, 41.491656], [-87.645139, 41.491561], [-87.645177, 41.498945]]]}}, {"type": "Feature", "properties": {"tract_fips": "17031824503"}, "geometry": {"type": "Polygon", "coordinates": [[[-87.825522, 41.642344], [-87.825568, 41.645566], [-87.791745, 41.646315], [-87.738082, 41.647163], [-87.737758, 41.638373], [-87.747641, 41.636731], [-87.7571, 41.63462], [-87.756764, 41.624907], [-87.784871, 41.624394], [-87.785019, 41.63171], [-87.819674, 41.63112], [-87.820034, 41.642101], [-87.82428, 41.642025], [-87.824337, 41.642484], [-87.825522, 41.642344]]]}}, {"type": "Feature", "properties": {"tract_fips": "17031824106"}, "geometry": {"type": "Polygon", "coordinates": [[[-87.853452, 41.61595], [-87.834318, 41.616273], [-87.83439, 41.618369], [-87.834777, 41.618969], [-87.834433, 41.619535], [-87.834487, 41.621035], [-87.835874, 41.621011], [-87.836263, 41.621241], [-87.83639, 41.622657], [-87.837486, 41.622641], [-87.837517, 41.623541], [-87.837989, 41.623533], [-87.838039, 41.624639], [-87.838202, 41.625053], [-87.83726, 41.625246], [-87.834145, 41.625308], [-87.834049, 41.625974], [-87.83177, 41.626014], [-87.831829, 41.627753], [-87.82743, 41.62783], [-87.827545, 41.63097], [-87.79518, 41.631595], [-87.795199, 41.629662], [-87.796098, 41.625326], [-87.795891, 41.624134], [-87.795055, 41.622339], [-87.794815, 41.621416], [-87.794642, 41.617053], [-87.826481, 41.616405], [-87.826782, 41.616066], [-87.827434, 41.615968], [-87.827783, 41.615492], [-87.827287, 41.61531], [-87.827387, 41.614046], [-87.825937, 41.613049], [-87.826078, 41.612472], [-87.825848, 41.612109], [-87.827175, 41.611156], [-87.827418, 41.610729], [-87.82725, 41.608973], [-87.827956, 41.608043], [-87.828894, 41.607511], [-87.829087, 41.606569], [-87.828888, 41.606176], [-87.829218, 41.605752], [-87.829013, 41.605135], [-87.829105, 41.604023], [-87.828883, 41.603557], [-87.828987, 41.602863], [-87.828877, 41.602719], [-87.829946, 41.601744], [-87.852951, 41.60136], [-87.853452, 41.61595]]]}}, {"type": "Feature", "properties": {"tract_fips": "17031801608"}, "geometry": {"type": "Polygon", "coordinates": [[[-87.849306, 42.087695], [-87.84917, 42.088448], [-87.84886, 42.116596], [-87.807083, 42.116418], [-87.805662, 42.115106], [-87.803896, 42.113084], [-87.800151, 42.108433], [-87.799165, 42.106911], [-87.798994, 42.105376], [-87.827322, 42.105597], [-87.844365, 42.087577], [-87.849306, 42.087695]]]}}, {"type": "Feature", "properties": {"tract_fips": "17031805901"}, "geometry": {"type": "Polygon", "coordinates": [[[-87.885769, 42.047514], [-87.884613, 42.046852], [-87.878079, 42.04446], [-87.876736, 42.043597], [-87.875774, 42.04398], [-87.872097, 42.044076], [-87.870686, 42.043953], [-87.867993, 42.043105], [-87.860003, 42.043239], [-87.860019, 42.030616], [-87.857239, 42.028658], [-87.851576, 42.02511], [-87.865987, 42.024614], [-87.873436, 42.025177], [-87.874867, 42.025043], [-87.874492, 42.027168], [-87.874771, 42.028319], [-87.875682, 42.029365], [-87.877115, 42.030327], [-87.87788, 42.031144], [-87.878274, 42.032134], [-87.879032, 42.033037], [-87.880991, 42.034459], [-87.881653, 42.035403], [-87.881949, 42.036194], [-87.882, 42.036871], [-87.882616, 42.037986], [-87.882763, 42.038798], [-87.882577, 42.039317], [-87.883496, 42.039679], [-87.885769, 42.047514]]]}}, {"type": "Feature", "properties": {"tract_fips": "17031826401"}, "geometry": {"type": "Polygon", "coordinates": [[[-87.614397, 41.6446], [-87.578483, 41.644729], [-87.578386, 41.634363], [-87.581216, 41.634813], [-87.582095, 41.635153], [-87.582097, 41.633555], [-87.596609, 41.633432], [-87.596752, 41.632861], [-87.597442, 41.63338], [-87.597856, 41.633432], [-87.597873, 41.632413], [-87.594544, 41.629952], [-87.595506, 41.629774], [-87.599353, 41.62748], [-87.6027, 41.63068], [-87.6027, 41.635799], [-87.603298, 41.63591], [-87.609929, 41.640667], [-87.609906, 41.641243], [-87.614397, 41.6446]]]}}, {"type": "Feature", "properties": {"tract_fips": "17031260400"}, "geometry": {"type": "Polygon", "coordinates": [[[-87.740613, 41.887808], [-87.735714, 41.887878], [-87.735476, 41.880611], [-87.74037, 41.880555], [-87.740613, 41.887808]]]}}, {"type": "Feature", "properties": {"tract_fips": "17031804102"}, "geometry": {"type": "Polygon", "coordinates": [[[-88.094246, 42.110555], [-88.063105, 42.110385], [-88.063185, 42.088101], [-88.063038, 42.087481], [-88.062287, 42.08612], [-88.062232, 42.084057], [-88.062308, 42.077039], [-88.063321, 42.074451], [-88.075267, 42.077806], [-88.079197, 42.079458], [-88.082606, 42.081376], [-88.08513, 42.082499], [-88.088367, 42.083623], [-88.092404, 42.084606], [-88.092453, 42.105401], [-88.092588, 42.105989], [-88.0934, 42.107003], [-88.093558, 42.107426], [-88.094246, 42.110555]]]}}, {"type": "Feature", "properties": {"tract_fips": "17031351500"}, "geometry": {"type": "Polygon", "coordinates": [[[-87.629094, 41.82733], [-87.6289, 41.82767], [-87.628864, 41.828668], [-87.628996, 41.830975], [-87.626644, 41.831014], [-87.626422, 41.823714], [-87.628968, 41.823681], [-87.629094, 41.82733]]]}}, {"type": "Feature", "properties": {"tract_fips": "17031811200"}, "geometry": {"type": "Polygon", "coordinates": [[[-87.859719, 41.936898], [-87.854114, 41.937007], [-87.849588, 41.937286], [-87.848608, 41.936357], [-87.847435, 41.93443], [-87.847439, 41.933866], [-87.847931, 41.933108], [-87.847802, 41.932547], [-87.846145, 41.930626], [-87.844388, 41.928202], [-87.842935, 41.925831], [-87.841118, 41.9234], [-87.83737, 41.920244], [-87.835372, 41.918916], [-87.834093, 41.918482], [-87.833709, 41.918077], [-87.833284, 41.916983], [-87.833163, 41.916098], [-87.833292, 41.914216], [-87.833684, 41.912003], [-87.833528, 41.911384], [-87.832371, 41.910492], [-87.831485, 41.910338], [-87.830096, 41.910613], [-87.829198, 41.911545], [-87.828432, 41.911906], [-87.827571, 41.911944], [-87.826451, 41.911625], [-87.825457, 41.911015], [-87.825454, 41.908545], [-87.837736, 41.908392], [-87.852368, 41.919199], [-87.853599, 41.920531], [-87.854523, 41.92221], [-87.857486, 41.930195], [-87.857414, 41.930318], [-87.859719, 41.936898]]]}}, {"type": "Feature", "properties": {"tract_fips": "17031770800"}, "geometry": {"type": "Polygon", "coordinates": [[[-87.884297, 41.957526], [-87.883242, 41.95853], [-87.879393, 41.96156], [-87.877758, 41.963501], [-87.877004, 41.964957], [-87.876595, 41.966428], [-87.876554, 41.968332], [-87.877874, 41.973039], [-87.861854, 41.973359], [-87.861659, 41.97299], [-87.860924, 41.972332], [-87.859529, 41.971571], [-87.859021, 41.971467], [-87.858076, 41.971578], [-87.856315, 41.972417], [-87.85542, 41.972536], [-87.854891, 41.972296], [-87.854384, 41.971823], [-87.854102, 41.971224], [-87.854257, 41.970489], [-87.855062, 41.968669], [-87.855117, 41.968102], [-87.854778, 41.9667], [-87.854871, 41.965993], [-87.855762, 41.964497], [-87.855694, 41.96262], [-87.858801, 41.957444], [-87.858802, 41.956495], [-87.858399, 41.955772], [-87.857954, 41.955338], [-87.847392, 41.955758], [-87.847654, 41.952686], [-87.854904, 41.953106], [-87.858104, 41.953766], [-87.881022, 41.956805], [-87.884297, 41.957526]]]}}, {"type": "Feature", "properties": {"tract_fips": "17031802605"}, "geometry": {"type": "Polygon", "coordinates": [[[-87.927144, 42.087846], [-87.927097, 42.109742], [-87.914837, 42.109705], [-87.907653, 42.109523], [-87.907714, 42.097612], [-87.903821, 42.097581], [-87.901759, 42.098059], [-87.8972, 42.098024], [-87.897219, 42.095068], [-87.890819, 42.09501], [-87.891968, 42.087546], [-87.893922, 42.087757], [-87.907704, 42.087926], [-87.927144, 42.087846]]]}}, {"type": "Feature", "properties": {"tract_fips": "17031081100"}, "geometry": {"type": "Polygon", "coordinates": [[[-87.629986, 41.903923], [-87.628678, 41.903942], [-87.628661, 41.903264], [-87.628341, 41.90238], [-87.628199, 41.896677], [-87.629775, 41.896656], [-87.629986, 41.903923]]]}}, {"type": "Feature", "properties": {"tract_fips": "17031803800"}, "geometry": {"type": "Polygon", "coordinates": [[[-88.04379, 42.095813], [-88.043722, 42.121162], [-88.036278, 42.119387], [-88.035217, 42.118956], [-88.034477, 42.118395], [-88.034109, 42.118839], [-88.02414, 42.116484], [-88.024208, 42.1025], [-88.033003, 42.106369], [-88.033533, 42.106746], [-88.033881, 42.107296], [-88.034083, 42.106392], [-88.034118, 42.095687], [-88.04379, 42.095813]]]}}, {"type": "Feature", "properties": {"tract_fips": "17031210800"}, "geometry": {"type": "Polygon", "coordinates": [[[-87.700277, 41.939377], [-87.697823, 41.939393], [-87.697618, 41.932096], [-87.700073, 41.932079], [-87.700133, 41.934174], [-87.699909, 41.934313], [-87.700175, 41.935867], [-87.700277, 41.939377]]]}}, {"type": "Feature", "properties": {"tract_fips": "17031210900"}, "geometry": {"type": "Polygon", "coordinates": [[[-87.697823, 41.939393], [-87.692462, 41.939427], [-87.691444, 41.93868], [-87.689974, 41.936659], [-87.687986, 41.936062], [-87.687904, 41.93217], [-87.697618, 41.932096], [-87.697823, 41.939393]]]}}, {"type": "Feature", "properties": {"tract_fips": "17031803901"}, "geometry": {"type": "Polygon", "coordinates": [[[-88.034087, 42.087882], [-88.034083, 42.106392], [-88.033881, 42.107296], [-88.033533, 42.106746], [-88.033003, 42.106369], [-88.024208, 42.1025], [-88.024161, 42.11022], [-88.004374, 42.110158], [-88.004617, 42.107279], [-88.004732, 42.088314], [-88.026722, 42.088454], [-88.026782, 42.084579], [-88.02783, 42.083657], [-88.028998, 42.08168], [-88.032688, 42.083274], [-88.032733, 42.084432], [-88.033628, 42.086235], [-88.034087, 42.087882]]]}}, {"type": "Feature", "properties": {"tract_fips": "17031801601"}, "geometry": {"type": "Polygon", "coordinates": [[[-87.887685, 42.138586], [-87.887584, 42.145725], [-87.887268, 42.152953], [-87.848183, 42.152811], [-87.848191, 42.152519], [-87.847554, 42.152472], [-87.843722, 42.150146], [-87.843338, 42.149295], [-87.841486, 42.148884], [-87.839006, 42.147874], [-87.834725, 42.140936], [-87.834795, 42.138255], [-87.868463, 42.138365], [-87.887685, 42.138586]]]}}, {"type": "Feature", "properties": {"tract_fips": "17031800900"}, "geometry": {"type": "Polygon", "coordinates": [[[-87.764629, 42.079582], [-87.742023, 42.079295], [-87.742137, 42.072058], [-87.749142, 42.072155], [-87.747433, 42.069485], [-87.746842, 42.068187], [-87.746592, 42.067024], [-87.746616, 42.06473], [-87.747762, 42.06491], [-87.755741, 42.064959], [-87.755505, 42.065543], [-87.755687, 42.066198], [-87.756467, 42.06676], [-87.757586, 42.068198], [-87.75867, 42.068359], [-87.758663, 42.069057], [-87.759261, 42.069064], [-87.759219, 42.072292], [-87.762362, 42.072228], [-87.764629, 42.079582]]]}}, {"type": "Feature", "properties": {"tract_fips": "17031804305"}, "geometry": {"type": "Polygon", "coordinates": [[[-88.179921, 42.031675], [-88.179062, 42.035881], [-88.178996, 42.03902], [-88.144659, 42.039239], [-88.144647, 42.031946], [-88.156473, 42.031869], [-88.156665, 42.03153], [-88.157846, 42.031828], [-88.15976, 42.031832], [-88.159737, 42.02801], [-88.160519, 42.02702], [-88.160629, 42.026587], [-88.160477, 42.026128], [-88.159777, 42.025519], [-88.159755, 42.024367], [-88.160336, 42.023611], [-88.160589, 42.022357], [-88.16451, 42.023979], [-88.166824, 42.024264], [-88.169266, 42.025231], [-88.16982, 42.025621], [-88.171326, 42.027427], [-88.170769, 42.027779], [-88.170223, 42.028598], [-88.169634, 42.029011], [-88.168859, 42.029114], [-88.167497, 42.028896], [-88.167456, 42.029254], [-88.167854, 42.030107], [-88.167784, 42.031779], [-88.179921, 42.031675]]]}}, {"type": "Feature", "properties": {"tract_fips": "17031241200"}, "geometry": {"type": "Polygon", "coordinates": [[[-87.687221, 41.910321], [-87.682347, 41.910393], [-87.68214, 41.903107], [-87.687027, 41.903016], [-87.687221, 41.910321]]]}}, {"type": "Feature", "properties": {"tract_fips": "17031031200"}, "geometry": {"type": "Polygon", "coordinates": [[[-87.659866, 41.976323], [-87.654993, 41.976396], [-87.654822, 41.96909], [-87.65967, 41.969025], [-87.659866, 41.976323]]]}}, {"type": "Feature", "properties": {"tract_fips": "17031063000"}, "geometry": {"type": "Polygon", "coordinates": [[[-87.654106, 41.939912], [-87.649267, 41.939981], [-87.649012, 41.93272], [-87.653859, 41.932638], [-87.654106, 41.939912]]]}}, {"type": "Feature", "properties": {"tract_fips": "17031062500"}, "geometry": {"type": "Polygon", "coordinates": [[[-87.67356, 41.943277], [-87.668763, 41.943343], [-87.668662, 41.939697], [-87.67344, 41.939633], [-87.67356, 41.943277]]]}}, {"type": "Feature", "properties": {"tract_fips": "17031062600"}, "geometry": {"type": "Polygon", "coordinates": [[[-87.673541, 41.935985], [-87.673352, 41.935987], [-87.67344, 41.939633], [-87.668662, 41.939697], [-87.668394, 41.932404], [-87.673426, 41.932342], [-87.673541, 41.935985]]]}}, {"type": "Feature", "properties": {"tract_fips": "17031062700"}, "geometry": {"type": "Polygon", "coordinates": [[[-87.668662, 41.939697], [-87.663821, 41.939765], [-87.663568, 41.93248], [-87.668394, 41.932404], [-87.668662, 41.939697]]]}}, {"type": "Feature", "properties": {"tract_fips": "17031062800"}, "geometry": {"type": "Polygon", "coordinates": [[[-87.663821, 41.939765], [-87.658969, 41.939838], [-87.65871, 41.932556], [-87.663568, 41.93248], [-87.663821, 41.939765]]]}}, {"type": "Feature", "properties": {"tract_fips": "17031062900"}, "geometry": {"type": "Polygon", "coordinates": [[[-87.658969, 41.939838], [-87.654106, 41.939912], [-87.653859, 41.932638], [-87.65871, 41.932556], [-87.658969, 41.939838]]]}}, {"type": "Feature", "properties": {"tract_fips": "17031062400"}, "geometry": {"type": "Polygon", "coordinates": [[[-87.668763, 41.943343], [-87.663917, 41.943418], [-87.663821, 41.939765], [-87.668662, 41.939697], [-87.668763, 41.943343]]]}}, {"type": "Feature", "properties": {"tract_fips": "17031090300"}, "geometry": {"type": "Polygon", "coordinates": [[[-87.821404, 41.996922], [-87.821325, 42.004254], [-87.806809, 41.996039], [-87.806818, 41.995392], [-87.810333, 41.99542], [-87.810312, 41.997074], [-87.810423, 41.997137], [-87.821404, 41.996922]]]}}, {"type": "Feature", "properties": {"tract_fips": "17031063100"}, "geometry": {"type": "Polygon", "coordinates": [[[-87.649267, 41.939981], [-87.6444, 41.940045], [-87.644279, 41.936513], [-87.649141, 41.936379], [-87.649267, 41.939981]]]}}, {"type": "Feature", "properties": {"tract_fips": "17031063200"}, "geometry": {"type": "Polygon", "coordinates": [[[-87.6444, 41.940045], [-87.638938, 41.940211], [-87.638118, 41.940553], [-87.638118, 41.940934], [-87.634017, 41.942478], [-87.633542, 41.94216], [-87.633299, 41.942292], [-87.62734, 41.942535], [-87.626019, 41.937117], [-87.636851, 41.936618], [-87.644279, 41.936513], [-87.6444, 41.940045]]]}}, {"type": "Feature", "properties": {"tract_fips": "17031063400"}, "geometry": {"type": "Polygon", "coordinates": [[[-87.649141, 41.936379], [-87.644279, 41.936513], [-87.64422, 41.934363], [-87.64468, 41.933576], [-87.644886, 41.932801], [-87.649012, 41.93272], [-87.649141, 41.936379]]]}}, {"type": "Feature", "properties": {"tract_fips": "17031800800"}, "geometry": {"type": "Polygon", "coordinates": [[[-87.771346, 42.087664], [-87.771158, 42.087991], [-87.770966, 42.092944], [-87.770762, 42.093536], [-87.770888, 42.093876], [-87.770668, 42.094135], [-87.770811, 42.094972], [-87.770695, 42.095939], [-87.770828, 42.099917], [-87.770709, 42.108632], [-87.765962, 42.108727], [-87.761693, 42.108513], [-87.761041, 42.108634], [-87.761074, 42.105032], [-87.756362, 42.104827], [-87.756362, 42.097528], [-87.752895, 42.097429], [-87.752643, 42.099429], [-87.751521, 42.099429], [-87.751555, 42.093948], [-87.741774, 42.093811], [-87.741916, 42.085192], [-87.745352, 42.085441], [-87.751789, 42.08487], [-87.766107, 42.085059], [-87.766328, 42.085263], [-87.766304, 42.086503], [-87.76963, 42.087487], [-87.771346, 42.087664]]]}}, {"type": "Feature", "properties": {"tract_fips": "17031242700"}, "geometry": {"type": "Polygon", "coordinates": [[[-87.702234, 41.896559], [-87.701881, 41.896418], [-87.701951, 41.899238], [-87.696791, 41.899283], [-87.696703, 41.895654], [-87.702204, 41.895595], [-87.702234, 41.896559]]]}}, {"type": "Feature", "properties": {"tract_fips": "17031070400"}, "geometry": {"type": "Polygon", "coordinates": [[[-87.65871, 41.932556], [-87.653859, 41.932638], [-87.653613, 41.925376], [-87.658453, 41.925292], [-87.65871, 41.932556]]]}}, {"type": "Feature", "properties": {"tract_fips": "17031100100"}, "geometry": {"type": "Polygon", "coordinates": [[[-87.787735, 41.982899], [-87.787443, 41.997356], [-87.782861, 41.9974], [-87.78287, 41.996274], [-87.78116, 41.99533], [-87.777819, 41.993857], [-87.778038, 41.982905], [-87.787735, 41.982899]]]}}, {"type": "Feature", "properties": {"tract_fips": "17031100300"}, "geometry": {"type": "Polygon", "coordinates": [[[-87.816741, 41.990618], [-87.816694, 41.996977], [-87.810423, 41.997137], [-87.810312, 41.997074], [-87.810333, 41.99542], [-87.806818, 41.995392], [-87.806809, 41.996039], [-87.787693, 41.985266], [-87.787735, 41.982899], [-87.811886, 41.982632], [-87.811836, 41.988142], [-87.816741, 41.990618]]]}}, {"type": "Feature", "properties": {"tract_fips": "17031140100"}, "geometry": {"type": "Polygon", "coordinates": [[[-87.708647, 41.974523], [-87.707371, 41.974433], [-87.70411, 41.973651], [-87.703818, 41.972449], [-87.70311, 41.970888], [-87.701093, 41.968514], [-87.708472, 41.968452], [-87.708647, 41.974523]]]}}, {"type": "Feature", "properties": {"tract_fips": "17031140200"}, "geometry": {"type": "Polygon", "coordinates": [[[-87.718384, 41.973092], [-87.716048, 41.971911], [-87.714927, 41.971796], [-87.713645, 41.971899], [-87.712227, 41.972404], [-87.711245, 41.9736], [-87.710794, 41.973909], [-87.709967, 41.974271], [-87.708647, 41.974523], [-87.708472, 41.968452], [-87.718255, 41.968348], [-87.718384, 41.973092]]]}}, {"type": "Feature", "properties": {"tract_fips": "17031140400"}, "geometry": {"type": "Polygon", "coordinates": [[[-87.747993, 41.975341], [-87.733171, 41.97548], [-87.733117, 41.973651], [-87.731888, 41.973612], [-87.731831, 41.971845], [-87.728132, 41.971884], [-87.728028, 41.968242], [-87.747722, 41.968029], [-87.747559, 41.968535], [-87.74785, 41.969711], [-87.747993, 41.975341]]]}}, {"type": "Feature", "properties": {"tract_fips": "17031140500"}, "geometry": {"type": "Polygon", "coordinates": [[[-87.737902, 41.968134], [-87.728028, 41.968242], [-87.727828, 41.960947], [-87.729693, 41.960927], [-87.737851, 41.96654], [-87.737902, 41.968134]]]}}, {"type": "Feature", "properties": {"tract_fips": "17031070200"}, "geometry": {"type": "Polygon", "coordinates": [[[-87.649012, 41.93272], [-87.644886, 41.932801], [-87.644686, 41.932041], [-87.643578, 41.930165], [-87.642866, 41.929621], [-87.642232, 41.928533], [-87.644217, 41.92805], [-87.644026, 41.927326], [-87.643927, 41.925532], [-87.648761, 41.925454], [-87.649012, 41.93272]]]}}, {"type": "Feature", "properties": {"tract_fips": "17031070300"}, "geometry": {"type": "Polygon", "coordinates": [[[-87.653859, 41.932638], [-87.649012, 41.93272], [-87.648761, 41.925454], [-87.653613, 41.925376], [-87.653859, 41.932638]]]}}, {"type": "Feature", "properties": {"tract_fips": "17031070500"}, "geometry": {"type": "Polygon", "coordinates": [[[-87.663568, 41.93248], [-87.65871, 41.932556], [-87.658453, 41.925292], [-87.663327, 41.925218], [-87.663383, 41.927032], [-87.662169, 41.927052], [-87.662216, 41.928504], [-87.66223, 41.928868], [-87.663443, 41.928848], [-87.663568, 41.93248]]]}}, {"type": "Feature", "properties": {"tract_fips": "17031070700"}, "geometry": {"type": "Polygon", "coordinates": [[[-87.682661, 41.932231], [-87.668394, 41.932404], [-87.668146, 41.925152], [-87.674403, 41.925069], [-87.674462, 41.925882], [-87.675094, 41.926748], [-87.677023, 41.927816], [-87.679559, 41.928344], [-87.679884, 41.928593], [-87.680867, 41.930616], [-87.682404, 41.931774], [-87.682661, 41.932231]]]}}, {"type": "Feature", "properties": {"tract_fips": "17031070600"}, "geometry": {"type": "Polygon", "coordinates": [[[-87.668394, 41.932404], [-87.663568, 41.93248], [-87.663443, 41.928848], [-87.66223, 41.928868], [-87.662216, 41.928504], [-87.662169, 41.927052], [-87.663383, 41.927032], [-87.663327, 41.925218], [-87.668146, 41.925152], [-87.668394, 41.932404]]]}}, {"type": "Feature", "properties": {"tract_fips": "17031100400"}, "geometry": {"type": "Polygon", "coordinates": [[[-87.823327, 41.984509], [-87.822152, 41.993211], [-87.821414, 41.996851], [-87.816694, 41.996977], [-87.816741, 41.990618], [-87.811836, 41.988142], [-87.811886, 41.982632], [-87.813432, 41.982675], [-87.818056, 41.983797], [-87.823327, 41.984509]]]}}, {"type": "Feature", "properties": {"tract_fips": "17031100600"}, "geometry": {"type": "Polygon", "coordinates": [[[-87.80706, 41.975494], [-87.806942, 41.982771], [-87.787735, 41.982899], [-87.787874, 41.975653], [-87.80706, 41.975494]]]}}, {"type": "Feature", "properties": {"tract_fips": "17031100700"}, "geometry": {"type": "Polygon", "coordinates": [[[-87.807156, 41.96827], [-87.80706, 41.975494], [-87.787874, 41.975653], [-87.78801, 41.968867], [-87.802525, 41.968751], [-87.802542, 41.968297], [-87.807156, 41.96827]]]}}, {"type": "Feature", "properties": {"tract_fips": "17031110200"}, "geometry": {"type": "Polygon", "coordinates": [[[-87.783527, 41.982912], [-87.768345, 41.98294], [-87.768506, 41.974384], [-87.783527, 41.982912]]]}}, {"type": "Feature", "properties": {"tract_fips": "17031150200"}, "geometry": {"type": "Polygon", "coordinates": [[[-87.758051, 41.964757], [-87.757611, 41.964983], [-87.757701, 41.967902], [-87.747722, 41.968029], [-87.747613, 41.964296], [-87.746963, 41.9629], [-87.747588, 41.962235], [-87.747305, 41.953418], [-87.757148, 41.9533], [-87.75745, 41.96247], [-87.756085, 41.962486], [-87.758051, 41.964757]]]}}, {"type": "Feature", "properties": {"tract_fips": "17031150300"}, "geometry": {"type": "Polygon", "coordinates": [[[-87.767477, 41.967783], [-87.761355, 41.967595], [-87.76075, 41.967877], [-87.757701, 41.967902], [-87.757611, 41.964983], [-87.758051, 41.964757], [-87.756085, 41.962486], [-87.75745, 41.96247], [-87.757148, 41.9533], [-87.767, 41.953185], [-87.767477, 41.967783]]]}}, {"type": "Feature", "properties": {"tract_fips": "17111870302"}, "geometry": {"type": "Polygon", "coordinates": [[[-88.636888, 42.419855], [-88.637203, 42.422118], [-88.613517, 42.422071], [-88.613482, 42.432239], [-88.612914, 42.433063], [-88.609699, 42.434963], [-88.608859, 42.435981], [-88.608732, 42.43728], [-88.608788, 42.439852], [-88.608656, 42.440566], [-88.605773, 42.445226], [-88.604727, 42.447818], [-88.602947, 42.457753], [-88.600844, 42.465093], [-88.599187, 42.469443], [-88.599165, 42.479645], [-88.599412, 42.495057], [-88.589872, 42.495027], [-88.589388, 42.487355], [-88.58904, 42.414816], [-88.636876, 42.414864], [-88.636888, 42.419855]]]}}, {"type": "Feature", "properties": {"tract_fips": "17111871109"}, "geometry": {"type": "Polygon", "coordinates": [[[-88.403101, 42.18282], [-88.403038, 42.196246], [-88.40158, 42.197358], [-88.398288, 42.197398], [-88.398299, 42.200545], [-88.396175, 42.200511], [-88.39497, 42.200057], [-88.393945, 42.199019], [-88.393771, 42.198465], [-88.393753, 42.197392], [-88.383682, 42.197386], [-88.383701, 42.182926], [-88.403101, 42.18282]]]}}, {"type": "Feature", "properties": {"tract_fips": "17111871209"}, "geometry": {"type": "Polygon", "coordinates": [[[-88.349837, 42.204457], [-88.336513, 42.204498], [-88.336546, 42.205567], [-88.335758, 42.206776], [-88.337035, 42.207335], [-88.33762, 42.207916], [-88.338393, 42.211782], [-88.336053, 42.212103], [-88.326388, 42.212096], [-88.322786, 42.21293], [-88.320021, 42.21251], [-88.315727, 42.212663], [-88.315634, 42.205736], [-88.315323, 42.204202], [-88.307492, 42.190911], [-88.308646, 42.190473], [-88.311613, 42.18782], [-88.31231, 42.187526], [-88.316266, 42.18751], [-88.316231, 42.189574], [-88.323735, 42.189713], [-88.323768, 42.187624], [-88.33029, 42.187564], [-88.330397, 42.19023], [-88.335532, 42.19035], [-88.335541, 42.194358], [-88.337701, 42.194153], [-88.33952, 42.196429], [-88.339394, 42.196604], [-88.339483, 42.197082], [-88.33986, 42.197148], [-88.339963, 42.197581], [-88.340605, 42.197554], [-88.341735, 42.198909], [-88.342275, 42.199173], [-88.342312, 42.199551], [-88.342895, 42.200572], [-88.345066, 42.200676], [-88.345908, 42.201159], [-88.346278, 42.2019], [-88.345828, 42.202921], [-88.346751, 42.203892], [-88.346951, 42.20404], [-88.349836, 42.204056], [-88.349837, 42.204457]]]}}, {"type": "Feature", "properties": {"tract_fips": "17111871310"}, "geometry": {"type": "Polygon", "coordinates": [[[-88.316265, 42.153842], [-88.315903, 42.171825], [-88.312088, 42.171737], [-88.310705, 42.171394], [-88.309479, 42.170798], [-88.308981, 42.170386], [-88.308656, 42.16983], [-88.308588, 42.168581], [-88.306181, 42.168507], [-88.305346, 42.168257], [-88.304595, 42.167818], [-88.303631, 42.166901], [-88.301897, 42.164267], [-88.300133, 42.162951], [-88.299407, 42.162124], [-88.298791, 42.161872], [-88.297989, 42.161901], [-88.297506, 42.162132], [-88.296743, 42.163602], [-88.296214, 42.163846], [-88.295589, 42.163781], [-88.295159, 42.16439], [-88.292023, 42.167227], [-88.289037, 42.165424], [-88.290635, 42.163511], [-88.287839, 42.162334], [-88.286349, 42.161399], [-88.281933, 42.16133], [-88.281973, 42.159035], [-88.279694, 42.158947], [-88.27793, 42.159239], [-88.277951, 42.157022], [-88.277251, 42.157035], [-88.277284, 42.153971], [-88.28649, 42.153723], [-88.297016, 42.153937], [-88.308938, 42.153753], [-88.316265, 42.153842]]]}}, {"type": "Feature", "properties": {"tract_fips": "17111871600"}, "geometry": {"type": "Polygon", "coordinates": [[[-88.289891, 42.165937], [-88.288439, 42.167616], [-88.286047, 42.169188], [-88.283582, 42.170197], [-88.281836, 42.170654], [-88.281043, 42.171174], [-88.278756, 42.172174], [-88.278626, 42.172946], [-88.27804, 42.173448], [-88.277893, 42.1738], [-88.277268, 42.173976], [-88.277371, 42.174635], [-88.273343, 42.176483], [-88.270072, 42.178648], [-88.27225, 42.179249], [-88.273183, 42.180257], [-88.272941, 42.180848], [-88.275235, 42.18246], [-88.271755, 42.185022], [-88.270884, 42.185907], [-88.270438, 42.186945], [-88.270148, 42.190407], [-88.269674, 42.191722], [-88.267343, 42.194667], [-88.259742, 42.202242], [-88.258815, 42.203619], [-88.255328, 42.210417], [-88.251427, 42.214556], [-88.240225, 42.208793], [-88.235079, 42.208788], [-88.233471, 42.20833], [-88.232554, 42.207584], [-88.229156, 42.203291], [-88.22797, 42.20251], [-88.224897, 42.200912], [-88.225766, 42.199356], [-88.226896, 42.198711], [-88.229023, 42.197942], [-88.231755, 42.197299], [-88.235317, 42.195158], [-88.238366, 42.194455], [-88.241265, 42.192811], [-88.241377, 42.192331], [-88.241184, 42.191706], [-88.241427, 42.191214], [-88.241302, 42.189061], [-88.241049, 42.188297], [-88.241503, 42.186928], [-88.252319, 42.186654], [-88.253123, 42.18636], [-88.258097, 42.183732], [-88.257459, 42.182894], [-88.257538, 42.168586], [-88.279014, 42.168595], [-88.287173, 42.164433], [-88.288282, 42.164962], [-88.289891, 42.165937]]]}}, {"type": "Feature", "properties": {"tract_fips": "17031140800"}, "geometry": {"type": "Polygon", "coordinates": [[[-87.708472, 41.968452], [-87.701093, 41.968514], [-87.695585, 41.963074], [-87.694794, 41.961273], [-87.708248, 41.961187], [-87.708472, 41.968452]]]}}, {"type": "Feature", "properties": {"tract_fips": "17031231200"}, "geometry": {"type": "Polygon", "coordinates": [[[-87.726303, 41.902671], [-87.716562, 41.902754], [-87.716314, 41.895461], [-87.72608, 41.895368], [-87.726303, 41.902671]]]}}, {"type": "Feature", "properties": {"tract_fips": "17031231100"}, "geometry": {"type": "Polygon", "coordinates": [[[-87.716562, 41.902754], [-87.714583, 41.90277], [-87.711551, 41.900148], [-87.711884, 41.900053], [-87.71269, 41.900691], [-87.713455, 41.901015], [-87.714057, 41.90095], [-87.713873, 41.895483], [-87.716314, 41.895461], [-87.716562, 41.902754]]]}}, {"type": "Feature", "properties": {"tract_fips": "17031242400"}, "geometry": {"type": "Polygon", "coordinates": [[[-87.687027, 41.903016], [-87.68214, 41.903107], [-87.681949, 41.895827], [-87.686843, 41.895743], [-87.687027, 41.903016]]]}}, {"type": "Feature", "properties": {"tract_fips": "17031242500"}, "geometry": {"type": "Polygon", "coordinates": [[[-87.691952, 41.902968], [-87.687027, 41.903016], [-87.686843, 41.895743], [-87.691773, 41.895702], [-87.691818, 41.897513], [-87.689351, 41.897535], [-87.689368, 41.898262], [-87.689373, 41.898444], [-87.691839, 41.898422], [-87.691952, 41.902968]]]}}, {"type": "Feature", "properties": {"tract_fips": "17089854700"}, "geometry": {"type": "Polygon", "coordinates": [[[-88.337081, 41.749982], [-88.332797, 41.758159], [-88.326812, 41.757546], [-88.326593, 41.75863], [-88.322476, 41.758153], [-88.321401, 41.758798], [-88.320447, 41.758054], [-88.317367, 41.760529], [-88.316603, 41.761352], [-88.315167, 41.760666], [-88.315583, 41.760147], [-88.314352, 41.7596], [-88.31362, 41.760342], [-88.312494, 41.759816], [-88.313268, 41.758644], [-88.312051, 41.758059], [-88.311105, 41.759109], [-88.308778, 41.757933], [-88.312662, 41.753781], [-88.313945, 41.754444], [-88.314739, 41.753529], [-88.318775, 41.755703], [-88.324157, 41.752295], [-88.325476, 41.751204], [-88.326475, 41.749831], [-88.326522, 41.748287], [-88.32752, 41.744397], [-88.329486, 41.745229], [-88.329665, 41.744286], [-88.330066, 41.743793], [-88.33565, 41.746163], [-88.335916, 41.746344], [-88.334022, 41.747875], [-88.337081, 41.749982]]]}}, {"type": "Feature", "properties": {"tract_fips": "17111871311"}, "geometry": {"type": "Polygon", "coordinates": [[[-88.316541, 42.216148], [-88.316305, 42.216758], [-88.28984, 42.193557], [-88.288495, 42.192598], [-88.286532, 42.191687], [-88.286488, 42.190121], [-88.270172, 42.190193], [-88.270438, 42.186945], [-88.270769, 42.186076], [-88.271755, 42.185022], [-88.275235, 42.18246], [-88.272941, 42.180848], [-88.273183, 42.180257], [-88.27225, 42.179249], [-88.270072, 42.178648], [-88.273343, 42.176483], [-88.277371, 42.174635], [-88.277268, 42.173976], [-88.277893, 42.1738], [-88.27804, 42.173448], [-88.278626, 42.172946], [-88.278756, 42.172174], [-88.281043, 42.171174], [-88.281836, 42.170654], [-88.283582, 42.170197], [-88.286047, 42.169188], [-88.288439, 42.167616], [-88.289891, 42.165937], [-88.292023, 42.167227], [-88.295159, 42.16439], [-88.295589, 42.163781], [-88.296214, 42.163846], [-88.296743, 42.163602], [-88.297306, 42.162344], [-88.297627, 42.162048], [-88.298164, 42.161867], [-88.299294, 42.162048], [-88.300133, 42.162951], [-88.301725, 42.164094], [-88.302462, 42.164957], [-88.303631, 42.166901], [-88.304843, 42.167985], [-88.306181, 42.168507], [-88.308588, 42.168581], [-88.308724, 42.169996], [-88.309116, 42.170528], [-88.30966, 42.170901], [-88.310705, 42.171394], [-88.312088, 42.171737], [-88.315903, 42.171825], [-88.315901, 42.174566], [-88.316329, 42.176647], [-88.314616, 42.176639], [-88.307221, 42.17594], [-88.30579, 42.175559], [-88.305791, 42.175676], [-88.305974, 42.176518], [-88.306957, 42.177772], [-88.307197, 42.178504], [-88.306114, 42.181227], [-88.306028, 42.186977], [-88.306135, 42.187826], [-88.307318, 42.190621], [-88.314866, 42.20328], [-88.315417, 42.204456], [-88.315634, 42.205736], [-88.315743, 42.213611], [-88.316541, 42.216148]]]}}, {"type": "Feature", "properties": {"tract_fips": "17031671600"}, "geometry": {"type": "Polygon", "coordinates": [[[-87.66407, 41.774013], [-87.659216, 41.774078], [-87.658967, 41.764981], [-87.663796, 41.764909], [-87.66407, 41.774013]]]}}, {"type": "Feature", "properties": {"tract_fips": "17031120200"}, "geometry": {"type": "Polygon", "coordinates": [[[-87.769393, 42.004954], [-87.765795, 42.003325], [-87.765481, 42.003718], [-87.767759, 42.004735], [-87.767534, 42.008432], [-87.761663, 42.008413], [-87.761863, 42.003485], [-87.76227, 42.001687], [-87.75291, 41.997303], [-87.748343, 41.997288], [-87.748257, 41.983567], [-87.750591, 41.983706], [-87.751535, 41.983175], [-87.752082, 41.983043], [-87.753071, 41.983479], [-87.753851, 41.983514], [-87.754145, 41.983442], [-87.754552, 41.982853], [-87.755354, 41.982371], [-87.755847, 41.982312], [-87.756242, 41.98248], [-87.756532, 41.983676], [-87.757315, 41.984451], [-87.757293, 41.984774], [-87.756763, 41.98515], [-87.75683, 41.985407], [-87.757576, 41.985731], [-87.758256, 41.987186], [-87.759397, 41.988141], [-87.759963, 41.988187], [-87.760568, 41.98796], [-87.769393, 42.004954]]]}}, {"type": "Feature", "properties": {"tract_fips": "17031120300"}, "geometry": {"type": "Polygon", "coordinates": [[[-87.748257, 41.983567], [-87.748343, 41.997288], [-87.726446, 41.99725], [-87.731862, 41.990094], [-87.732895, 41.99008], [-87.734178, 41.988292], [-87.738406, 41.98632], [-87.738306, 41.982713], [-87.742613, 41.982614], [-87.74711, 41.982629], [-87.747364, 41.983175], [-87.748257, 41.983567]]]}}, {"type": "Feature", "properties": {"tract_fips": "17031120400"}, "geometry": {"type": "Polygon", "coordinates": [[[-87.760568, 41.98796], [-87.759584, 41.98821], [-87.758391, 41.987362], [-87.757576, 41.985731], [-87.756928, 41.985504], [-87.756746, 41.985287], [-87.756875, 41.985024], [-87.757293, 41.984774], [-87.757315, 41.984451], [-87.756532, 41.983676], [-87.756242, 41.98248], [-87.756074, 41.982364], [-87.755354, 41.982371], [-87.754552, 41.982853], [-87.754145, 41.983442], [-87.753851, 41.983514], [-87.753071, 41.983479], [-87.752082, 41.983043], [-87.751535, 41.983175], [-87.750591, 41.983706], [-87.748257, 41.983567], [-87.747858, 41.969851], [-87.747559, 41.968535], [-87.747722, 41.968029], [-87.752635, 41.967967], [-87.752809, 41.972475], [-87.755194, 41.972505], [-87.75533, 41.977453], [-87.754954, 41.977222], [-87.760568, 41.98796]]]}}, {"type": "Feature", "properties": {"tract_fips": "17031231500"}, "geometry": {"type": "Polygon", "coordinates": [[[-87.72608, 41.895368], [-87.711436, 41.895507], [-87.711219, 41.888113], [-87.725873, 41.887957], [-87.72608, 41.895368]]]}}, {"type": "Feature", "properties": {"tract_fips": "17031071100"}, "geometry": {"type": "Polygon", "coordinates": [[[-87.653613, 41.925376], [-87.648761, 41.925454], [-87.648509, 41.91818], [-87.653367, 41.918105], [-87.653613, 41.925376]]]}}, {"type": "Feature", "properties": {"tract_fips": "17031071000"}, "geometry": {"type": "Polygon", "coordinates": [[[-87.658453, 41.925292], [-87.653613, 41.925376], [-87.653367, 41.918105], [-87.658219, 41.918034], [-87.658453, 41.925292]]]}}, {"type": "Feature", "properties": {"tract_fips": "17031071200"}, "geometry": {"type": "Polygon", "coordinates": [[[-87.648761, 41.925454], [-87.643927, 41.925532], [-87.643667, 41.918253], [-87.648509, 41.91818], [-87.648761, 41.925454]]]}}, {"type": "Feature", "properties": {"tract_fips": "17031071300"}, "geometry": {"type": "Polygon", "coordinates": [[[-87.643927, 41.925532], [-87.640479, 41.925585], [-87.638838, 41.922893], [-87.639058, 41.92288], [-87.638816, 41.918322], [-87.643667, 41.918253], [-87.643927, 41.925532]]]}}, {"type": "Feature", "properties": {"tract_fips": "17031110300"}, "geometry": {"type": "Polygon", "coordinates": [[[-87.788013, 41.968411], [-87.787735, 41.982899], [-87.783527, 41.982912], [-87.778085, 41.979829], [-87.778234, 41.968533], [-87.788013, 41.968411]]]}}, {"type": "Feature", "properties": {"tract_fips": "17031220300"}, "geometry": {"type": "Polygon", "coordinates": [[[-87.697618, 41.932096], [-87.692773, 41.93213], [-87.692528, 41.924855], [-87.697413, 41.924807], [-87.697618, 41.932096]]]}}, {"type": "Feature", "properties": {"tract_fips": "17031220400"}, "geometry": {"type": "Polygon", "coordinates": [[[-87.702522, 41.932059], [-87.697618, 41.932096], [-87.697413, 41.924807], [-87.702318, 41.924763], [-87.702522, 41.932059]]]}}, {"type": "Feature", "properties": {"tract_fips": "17031220500"}, "geometry": {"type": "Polygon", "coordinates": [[[-87.707895, 41.928365], [-87.70745, 41.929225], [-87.707427, 41.932029], [-87.702522, 41.932059], [-87.702318, 41.924763], [-87.707568, 41.924714], [-87.707662, 41.928049], [-87.707895, 41.928365]]]}}, {"type": "Feature", "properties": {"tract_fips": "17031240300"}, "geometry": {"type": "Polygon", "coordinates": [[[-87.677547, 41.914249], [-87.672667, 41.91425], [-87.672576, 41.910561], [-87.677463, 41.91047], [-87.677547, 41.914249]]]}}, {"type": "Feature", "properties": {"tract_fips": "17031240500"}, "geometry": {"type": "Polygon", "coordinates": [[[-87.687316, 41.913995], [-87.683155, 41.914059], [-87.677463, 41.91047], [-87.687221, 41.910321], [-87.687316, 41.913995]]]}}, {"type": "Feature", "properties": {"tract_fips": "17031060400"}, "geometry": {"type": "Polygon", "coordinates": [[[-87.669049, 41.95429], [-87.664215, 41.954355], [-87.664015, 41.947068], [-87.668858, 41.94699], [-87.669049, 41.95429]]]}}, {"type": "Feature", "properties": {"tract_fips": "17031060500"}, "geometry": {"type": "Polygon", "coordinates": [[[-87.664215, 41.954355], [-87.656792, 41.954452], [-87.656806, 41.951087], [-87.664125, 41.950976], [-87.664215, 41.954355]]]}}, {"type": "Feature", "properties": {"tract_fips": "17031240800"}, "geometry": {"type": "Polygon", "coordinates": [[[-87.701979, 41.913885], [-87.697093, 41.91388], [-87.697034, 41.910227], [-87.701866, 41.910172], [-87.701979, 41.913885]]]}}, {"type": "Feature", "properties": {"tract_fips": "17031240600"}, "geometry": {"type": "Polygon", "coordinates": [[[-87.692203, 41.91395], [-87.687316, 41.913995], [-87.687221, 41.910321], [-87.69211, 41.910277], [-87.692203, 41.91395]]]}}, {"type": "Feature", "properties": {"tract_fips": "17031240700"}, "geometry": {"type": "Polygon", "coordinates": [[[-87.697094, 41.913907], [-87.692203, 41.91395], [-87.69211, 41.910277], [-87.697034, 41.910227], [-87.697094, 41.913907]]]}}, {"type": "Feature", "properties": {"tract_fips": "17031240900"}, "geometry": {"type": "Polygon", "coordinates": [[[-87.707, 41.909855], [-87.706877, 41.910147], [-87.697034, 41.910227], [-87.696791, 41.899283], [-87.706674, 41.899195], [-87.707, 41.909855]]]}}, {"type": "Feature", "properties": {"tract_fips": "17031242600"}, "geometry": {"type": "Polygon", "coordinates": [[[-87.696947, 41.905664], [-87.692022, 41.905712], [-87.691839, 41.898422], [-87.689373, 41.898444], [-87.689368, 41.898262], [-87.689351, 41.897535], [-87.691818, 41.897513], [-87.691773, 41.895702], [-87.696703, 41.895654], [-87.696947, 41.905664]]]}}, {"type": "Feature", "properties": {"tract_fips": "17089853008"}, "geometry": {"type": "Polygon", "coordinates": [[[-88.34979, 41.781109], [-88.349792, 41.795366], [-88.330567, 41.795656], [-88.330439, 41.79522], [-88.330222, 41.781395], [-88.34979, 41.781109]]]}}, {"type": "Feature", "properties": {"tract_fips": "17089852906"}, "geometry": {"type": "Polygon", "coordinates": [[[-88.323997, 41.80974], [-88.323853, 41.810878], [-88.323456, 41.810899], [-88.30834, 41.81115], [-88.293674, 41.81165], [-88.283743, 41.81163], [-88.27958, 41.811801], [-88.279593, 41.81108], [-88.279886, 41.80995], [-88.281708, 41.806596], [-88.282065, 41.805208], [-88.282143, 41.802086], [-88.28194, 41.78863], [-88.288364, 41.787565], [-88.291752, 41.786632], [-88.29467, 41.785369], [-88.300193, 41.782394], [-88.301605, 41.782329], [-88.301654, 41.782153], [-88.314247, 41.782096], [-88.316476, 41.785442], [-88.317557, 41.788855], [-88.31889, 41.790927], [-88.320745, 41.796027], [-88.321507, 41.797321], [-88.322235, 41.799459], [-88.323263, 41.801797], [-88.323969, 41.80451], [-88.323997, 41.80974]]]}}, {"type": "Feature", "properties": {"tract_fips": "17031803100"}, "geometry": {"type": "Polygon", "coordinates": [[[-87.992396, 42.105165], [-87.992513, 42.110088], [-87.985237, 42.110082], [-87.980436, 42.109899], [-87.980444, 42.102789], [-87.982867, 42.102806], [-87.982873, 42.088289], [-87.990196, 42.088319], [-87.990176, 42.103603], [-87.990638, 42.104235], [-87.992396, 42.105165]]]}}, {"type": "Feature", "properties": {"tract_fips": "17031310600"}, "geometry": {"type": "Polygon", "coordinates": [[[-87.663808, 41.859647], [-87.653434, 41.859812], [-87.653388, 41.857997], [-87.656429, 41.857953], [-87.656276, 41.852483], [-87.663614, 41.85238], [-87.663808, 41.859647]]]}}, {"type": "Feature", "properties": {"tract_fips": "17031310700"}, "geometry": {"type": "Polygon", "coordinates": [[[-87.666198, 41.859607], [-87.663808, 41.859647], [-87.663614, 41.85238], [-87.666024, 41.852331], [-87.666198, 41.859607]]]}}, {"type": "Feature", "properties": {"tract_fips": "17031310800"}, "geometry": {"type": "Polygon", "coordinates": [[[-87.671143, 41.859542], [-87.666198, 41.859607], [-87.666024, 41.852331], [-87.670938, 41.852248], [-87.671143, 41.859542]]]}}, {"type": "Feature", "properties": {"tract_fips": "17031020602"}, "geometry": {"type": "Polygon", "coordinates": [[[-87.697384, 42.004893], [-87.690071, 42.005033], [-87.689883, 41.99773], [-87.697205, 41.997602], [-87.697384, 42.004893]]]}}, {"type": "Feature", "properties": {"tract_fips": "17031310900"}, "geometry": {"type": "Polygon", "coordinates": [[[-87.678491, 41.858942], [-87.673599, 41.859517], [-87.671143, 41.859542], [-87.670938, 41.852248], [-87.678293, 41.852137], [-87.678491, 41.858942]]]}}, {"type": "Feature", "properties": {"tract_fips": "17031510100"}, "geometry": {"type": "Polygon", "coordinates": [[[-87.558709, 41.706392], [-87.554968, 41.706396], [-87.55509, 41.713366], [-87.556345, 41.713361], [-87.556604, 41.722701], [-87.542919, 41.72286], [-87.542966, 41.721033], [-87.543268, 41.719826], [-87.543511, 41.719727], [-87.542715, 41.71756], [-87.542915, 41.7172], [-87.542539, 41.716002], [-87.542196, 41.713824], [-87.542212, 41.711056], [-87.541979, 41.711201], [-87.543008, 41.709803], [-87.545454, 41.707327], [-87.54546, 41.703728], [-87.545867, 41.702767], [-87.558206, 41.702772], [-87.557839, 41.70335], [-87.557821, 41.703815], [-87.558538, 41.705508], [-87.558709, 41.706392]]]}}, {"type": "Feature", "properties": {"tract_fips": "17031510200"}, "geometry": {"type": "Polygon", "coordinates": [[[-87.564717, 41.7226], [-87.556604, 41.722701], [-87.556345, 41.713361], [-87.55509, 41.713366], [-87.554968, 41.706396], [-87.558709, 41.706392], [-87.558538, 41.705508], [-87.557821, 41.703815], [-87.557839, 41.70335], [-87.558206, 41.702772], [-87.559603, 41.702777], [-87.559662, 41.708168], [-87.564511, 41.708103], [-87.564717, 41.7226]]]}}, {"type": "Feature", "properties": {"tract_fips": "17031561100"}, "geometry": {"type": "Polygon", "coordinates": [[[-87.781806, 41.792349], [-87.762302, 41.792736], [-87.762007, 41.785019], [-87.763887, 41.785555], [-87.765742, 41.785324], [-87.781539, 41.785011], [-87.781806, 41.792349]]]}}, {"type": "Feature", "properties": {"tract_fips": "17031190701"}, "geometry": {"type": "Polygon", "coordinates": [[[-87.766246, 41.931277], [-87.75642, 41.931399], [-87.756314, 41.928683], [-87.758776, 41.928652], [-87.758759, 41.928199], [-87.766131, 41.928085], [-87.766246, 41.931277]]]}}, {"type": "Feature", "properties": {"tract_fips": "17031020901"}, "geometry": {"type": "Polygon", "coordinates": [[[-87.689883, 41.99773], [-87.682573, 41.997854], [-87.682389, 41.994219], [-87.681705, 41.994231], [-87.681678, 41.993404], [-87.682364, 41.993383], [-87.682354, 41.993044], [-87.681736, 41.993056], [-87.681699, 41.991855], [-87.683529, 41.991834], [-87.683524, 41.990609], [-87.689673, 41.9905], [-87.689883, 41.99773]]]}}, {"type": "Feature", "properties": {"tract_fips": "17031010202"}, "geometry": {"type": "Polygon", "coordinates": [[[-87.67683, 42.019411], [-87.67133, 42.019374], [-87.671294, 42.018268], [-87.671054, 42.018026], [-87.670356, 42.018134], [-87.670198, 42.012714], [-87.675678, 42.012617], [-87.676018, 42.015679], [-87.67683, 42.019411]]]}}, {"type": "Feature", "properties": {"tract_fips": "17031570100"}, "geometry": {"type": "Polygon", "coordinates": [[[-87.724054, 41.823135], [-87.714319, 41.826189], [-87.714318, 41.821451], [-87.713872, 41.807992], [-87.722361, 41.807889], [-87.722304, 41.806055], [-87.723529, 41.806039], [-87.724054, 41.823135]]]}}, {"type": "Feature", "properties": {"tract_fips": "17031570200"}, "geometry": {"type": "Polygon", "coordinates": [[[-87.738535, 41.818574], [-87.724054, 41.823135], [-87.723587, 41.807884], [-87.738207, 41.807684], [-87.738535, 41.818574]]]}}, {"type": "Feature", "properties": {"tract_fips": "17031570300"}, "geometry": {"type": "Polygon", "coordinates": [[[-87.738207, 41.807684], [-87.723587, 41.807884], [-87.723373, 41.800546], [-87.728271, 41.800491], [-87.728282, 41.800947], [-87.731335, 41.800478], [-87.738013, 41.800382], [-87.738207, 41.807684]]]}}, {"type": "Feature", "properties": {"tract_fips": "17031570400"}, "geometry": {"type": "Polygon", "coordinates": [[[-87.723529, 41.806039], [-87.722304, 41.806055], [-87.722361, 41.807889], [-87.713872, 41.807992], [-87.713762, 41.805851], [-87.714534, 41.804529], [-87.715106, 41.804041], [-87.716082, 41.803482], [-87.72315, 41.800551], [-87.723373, 41.800546], [-87.723529, 41.806039]]]}}, {"type": "Feature", "properties": {"tract_fips": "17031570500"}, "geometry": {"type": "Polygon", "coordinates": [[[-87.737857, 41.795292], [-87.738013, 41.800382], [-87.731335, 41.800478], [-87.728282, 41.800947], [-87.728271, 41.800491], [-87.723373, 41.800546], [-87.723369, 41.800362], [-87.728208, 41.79831], [-87.728168, 41.796831], [-87.731841, 41.796874], [-87.733062, 41.796612], [-87.733677, 41.796774], [-87.735512, 41.796755], [-87.735493, 41.795599], [-87.736161, 41.795344], [-87.737857, 41.795292]]]}}, {"type": "Feature", "properties": {"tract_fips": "17031690400"}, "geometry": {"type": "Polygon", "coordinates": [[[-87.625142, 41.7695], [-87.625223, 41.772774], [-87.61545, 41.77297], [-87.615262, 41.765711], [-87.624907, 41.765514], [-87.624944, 41.769157], [-87.625111, 41.769154], [-87.625142, 41.7695]]]}}, {"type": "Feature", "properties": {"tract_fips": "17031691300"}, "geometry": {"type": "Polygon", "coordinates": [[[-87.624759, 41.758237], [-87.61512, 41.758408], [-87.614958, 41.751114], [-87.624546, 41.75096], [-87.624759, 41.758237]]]}}, {"type": "Feature", "properties": {"tract_fips": "17031691400"}, "geometry": {"type": "Polygon", "coordinates": [[[-87.61512, 41.758408], [-87.605391, 41.75858], [-87.605215, 41.751286], [-87.614958, 41.751114], [-87.61512, 41.758408]]]}}, {"type": "Feature", "properties": {"tract_fips": "17031691500"}, "geometry": {"type": "Polygon", "coordinates": [[[-87.605391, 41.75858], [-87.595614, 41.758696], [-87.593075, 41.756893], [-87.595942, 41.756857], [-87.59634, 41.755066], [-87.594908, 41.755039], [-87.595531, 41.753144], [-87.595491, 41.751387], [-87.605215, 41.751286], [-87.605391, 41.75858]]]}}, {"type": "Feature", "properties": {"tract_fips": "17031320400"}, "geometry": {"type": "Polygon", "coordinates": [[[-87.627806, 41.882042], [-87.624477, 41.882109], [-87.624438, 41.880825], [-87.615752, 41.880907], [-87.615768, 41.881437], [-87.616489, 41.881442], [-87.616424, 41.88189], [-87.616099, 41.882261], [-87.609247, 41.882334], [-87.605351, 41.874433], [-87.616176, 41.87443], [-87.616187, 41.87328], [-87.624135, 41.873162], [-87.62416, 41.874524], [-87.627541, 41.874373], [-87.627806, 41.882042]]]}}, {"type": "Feature", "properties": {"tract_fips": "17031580100"}, "geometry": {"type": "Polygon", "coordinates": [[[-87.694967, 41.832279], [-87.687449, 41.834632], [-87.687286, 41.827671], [-87.687038, 41.826837], [-87.686191, 41.825178], [-87.686668, 41.824886], [-87.68613, 41.824314], [-87.68608, 41.822956], [-87.694627, 41.822786], [-87.694967, 41.832279]]]}}, {"type": "Feature", "properties": {"tract_fips": "17031580200"}, "geometry": {"type": "Polygon", "coordinates": [[[-87.704646, 41.829233], [-87.694967, 41.832279], [-87.694627, 41.822786], [-87.70444, 41.82259], [-87.704646, 41.829233]]]}}, {"type": "Feature", "properties": {"tract_fips": "17031580300"}, "geometry": {"type": "Polygon", "coordinates": [[[-87.714329, 41.822435], [-87.714319, 41.826189], [-87.704646, 41.829233], [-87.70444, 41.82259], [-87.714329, 41.822435]]]}}, {"type": "Feature", "properties": {"tract_fips": "17031580400"}, "geometry": {"type": "Polygon", "coordinates": [[[-87.714329, 41.822435], [-87.70444, 41.82259], [-87.703975, 41.808115], [-87.713872, 41.807992], [-87.714329, 41.822435]]]}}, {"type": "Feature", "properties": {"tract_fips": "17031580600"}, "geometry": {"type": "Polygon", "coordinates": [[[-87.694315, 41.811913], [-87.694627, 41.822786], [-87.689727, 41.822882], [-87.689427, 41.811992], [-87.694315, 41.811913]]]}}, {"type": "Feature", "properties": {"tract_fips": "17031580700"}, "geometry": {"type": "Polygon", "coordinates": [[[-87.689427, 41.811992], [-87.689727, 41.822882], [-87.68424, 41.823], [-87.683965, 41.812111], [-87.689427, 41.811992]]]}}, {"type": "Feature", "properties": {"tract_fips": "17031681300"}, "geometry": {"type": "Polygon", "coordinates": [[[-87.644413, 41.765203], [-87.634666, 41.765356], [-87.634643, 41.76428], [-87.634843, 41.763603], [-87.634432, 41.763421], [-87.63461, 41.762996], [-87.63453, 41.7599], [-87.635747, 41.75988], [-87.635702, 41.758058], [-87.639236, 41.757997], [-87.639405, 41.756156], [-87.644184, 41.756088], [-87.644413, 41.765203]]]}}, {"type": "Feature", "properties": {"tract_fips": "17031681400"}, "geometry": {"type": "Polygon", "coordinates": [[[-87.654116, 41.765057], [-87.644413, 41.765203], [-87.644232, 41.757994], [-87.653929, 41.757846], [-87.654116, 41.765057]]]}}, {"type": "Feature", "properties": {"tract_fips": "17031690300"}, "geometry": {"type": "Polygon", "coordinates": [[[-87.634712, 41.767171], [-87.633537, 41.767194], [-87.633546, 41.769015], [-87.631362, 41.769057], [-87.631045, 41.772694], [-87.625223, 41.772774], [-87.625142, 41.7695], [-87.625111, 41.769154], [-87.624944, 41.769157], [-87.624907, 41.765514], [-87.634666, 41.765356], [-87.634712, 41.767171]]]}}, {"type": "Feature", "properties": {"tract_fips": "17031690500"}, "geometry": {"type": "Polygon", "coordinates": [[[-87.61545, 41.77297], [-87.612181, 41.770582], [-87.605586, 41.765881], [-87.615262, 41.765711], [-87.61545, 41.77297]]]}}, {"type": "Feature", "properties": {"tract_fips": "17031690900"}, "geometry": {"type": "Polygon", "coordinates": [[[-87.615262, 41.765711], [-87.605574, 41.765873], [-87.605391, 41.75858], [-87.61512, 41.758408], [-87.615262, 41.765711]]]}}, {"type": "Feature", "properties": {"tract_fips": "17031691000"}, "geometry": {"type": "Polygon", "coordinates": [[[-87.624907, 41.765514], [-87.615262, 41.765711], [-87.61512, 41.758408], [-87.624759, 41.758237], [-87.624907, 41.765514]]]}}, {"type": "Feature", "properties": {"tract_fips": "17031700100"}, "geometry": {"type": "Polygon", "coordinates": [[[-87.71233, 41.757192], [-87.711084, 41.757036], [-87.684332, 41.757541], [-87.683047, 41.757379], [-87.678466, 41.757452], [-87.678239, 41.750167], [-87.712075, 41.749653], [-87.71233, 41.757192]]]}}, {"type": "Feature", "properties": {"tract_fips": "17031700200"}, "geometry": {"type": "Polygon", "coordinates": [[[-87.741358, 41.749147], [-87.741496, 41.753292], [-87.739119, 41.753118], [-87.735192, 41.75319], [-87.735185, 41.753077], [-87.734101, 41.753032], [-87.72204, 41.753374], [-87.722261, 41.761571], [-87.716222, 41.758886], [-87.714096, 41.757756], [-87.71233, 41.757192], [-87.712075, 41.749653], [-87.721912, 41.749502], [-87.721815, 41.746579], [-87.723035, 41.746556], [-87.723137, 41.749481], [-87.741358, 41.749147]]]}}, {"type": "Feature", "properties": {"tract_fips": "17031320600"}, "geometry": {"type": "Polygon", "coordinates": [[[-87.627541, 41.874373], [-87.62416, 41.874524], [-87.624135, 41.873162], [-87.616187, 41.87328], [-87.616176, 41.87443], [-87.605351, 41.874433], [-87.605255, 41.869818], [-87.61478, 41.868251], [-87.616551, 41.868133], [-87.618171, 41.868388], [-87.618962, 41.867503], [-87.619408, 41.867605], [-87.627338, 41.867477], [-87.627541, 41.874373]]]}}, {"type": "Feature", "properties": {"tract_fips": "17031330200"}, "geometry": {"type": "Polygon", "coordinates": [[[-87.635131, 41.857759], [-87.634877, 41.858503], [-87.634485, 41.859073], [-87.634557, 41.865271], [-87.63479, 41.867364], [-87.627338, 41.867477], [-87.62709, 41.852943], [-87.630068, 41.852941], [-87.630226, 41.857779], [-87.635131, 41.857759]]]}}, {"type": "Feature", "properties": {"tract_fips": "17031590500"}, "geometry": {"type": "Polygon", "coordinates": [[[-87.684459, 41.830289], [-87.67528, 41.83039], [-87.675237, 41.828568], [-87.676454, 41.828553], [-87.676403, 41.82673], [-87.675164, 41.826688], [-87.675088, 41.823113], [-87.68424, 41.823], [-87.684459, 41.830289]]]}}, {"type": "Feature", "properties": {"tract_fips": "17031590600"}, "geometry": {"type": "Polygon", "coordinates": [[[-87.676454, 41.828553], [-87.675237, 41.828568], [-87.67528, 41.83039], [-87.670399, 41.830447], [-87.670213, 41.82317], [-87.675088, 41.823113], [-87.675164, 41.826688], [-87.676403, 41.82673], [-87.676454, 41.828553]]]}}, {"type": "Feature", "properties": {"tract_fips": "17031671200"}, "geometry": {"type": "Polygon", "coordinates": [[[-87.668946, 41.773952], [-87.669079, 41.779383], [-87.664221, 41.779465], [-87.66407, 41.774013], [-87.668946, 41.773952]]]}}, {"type": "Feature", "properties": {"tract_fips": "17031671100"}, "geometry": {"type": "Polygon", "coordinates": [[[-87.664221, 41.779465], [-87.659361, 41.779543], [-87.659216, 41.774078], [-87.66407, 41.774013], [-87.664221, 41.779465]]]}}, {"type": "Feature", "properties": {"tract_fips": "17031671300"}, "geometry": {"type": "Polygon", "coordinates": [[[-87.673905, 41.779316], [-87.669079, 41.779383], [-87.668774, 41.768496], [-87.673625, 41.768441], [-87.673905, 41.779316]]]}}, {"type": "Feature", "properties": {"tract_fips": "17031671500"}, "geometry": {"type": "Polygon", "coordinates": [[[-87.678583, 41.764755], [-87.67862, 41.768385], [-87.668774, 41.768496], [-87.668946, 41.773952], [-87.66407, 41.774013], [-87.663796, 41.764909], [-87.678583, 41.764755]]]}}, {"type": "Feature", "properties": {"tract_fips": "17031671800"}, "geometry": {"type": "Polygon", "coordinates": [[[-87.658967, 41.764981], [-87.654116, 41.765057], [-87.653929, 41.757846], [-87.658777, 41.757734], [-87.658967, 41.764981]]]}}, {"type": "Feature", "properties": {"tract_fips": "17031671900"}, "geometry": {"type": "Polygon", "coordinates": [[[-87.663796, 41.764909], [-87.658967, 41.764981], [-87.658777, 41.757734], [-87.663607, 41.757677], [-87.663796, 41.764909]]]}}, {"type": "Feature", "properties": {"tract_fips": "17031710100"}, "geometry": {"type": "Polygon", "coordinates": [[[-87.644184, 41.756088], [-87.6399, 41.756146], [-87.639759, 41.750705], [-87.644044, 41.750642], [-87.644184, 41.756088]]]}}, {"type": "Feature", "properties": {"tract_fips": "17031710200"}, "geometry": {"type": "Polygon", "coordinates": [[[-87.658777, 41.757734], [-87.644232, 41.757994], [-87.644089, 41.752455], [-87.658634, 41.752248], [-87.658777, 41.757734]]]}}, {"type": "Feature", "properties": {"tract_fips": "17031710400"}, "geometry": {"type": "Polygon", "coordinates": [[[-87.678466, 41.757452], [-87.663607, 41.757677], [-87.663437, 41.750357], [-87.678239, 41.750167], [-87.678466, 41.757452]]]}}, {"type": "Feature", "properties": {"tract_fips": "17031710500"}, "geometry": {"type": "Polygon", "coordinates": [[[-87.678308, 41.746711], [-87.678239, 41.750167], [-87.663437, 41.750357], [-87.663302, 41.744894], [-87.678037, 41.744733], [-87.678308, 41.746711]]]}}, {"type": "Feature", "properties": {"tract_fips": "17031710600"}, "geometry": {"type": "Polygon", "coordinates": [[[-87.663437, 41.750357], [-87.65859, 41.750426], [-87.658445, 41.744966], [-87.663302, 41.744894], [-87.663437, 41.750357]]]}}, {"type": "Feature", "properties": {"tract_fips": "17031710800"}, "geometry": {"type": "Polygon", "coordinates": [[[-87.653786, 41.752318], [-87.644089, 41.752455], [-87.643831, 41.743358], [-87.653539, 41.743216], [-87.653786, 41.752318]]]}}, {"type": "Feature", "properties": {"tract_fips": "17031340300"}, "geometry": {"type": "Polygon", "coordinates": [[[-87.638291, 41.843617], [-87.638248, 41.846333], [-87.634631, 41.846396], [-87.634608, 41.845515], [-87.634283, 41.845502], [-87.634104, 41.838205], [-87.636376, 41.838173], [-87.636512, 41.843643], [-87.638291, 41.843617]]]}}, {"type": "Feature", "properties": {"tract_fips": "17031430300"}, "geometry": {"type": "Polygon", "coordinates": [[[-87.592845, 41.770565], [-87.592221, 41.773275], [-87.586296, 41.773339], [-87.586329, 41.766121], [-87.592445, 41.766011], [-87.592236, 41.767706], [-87.592314, 41.769478], [-87.592115, 41.770566], [-87.592845, 41.770565]]]}}, {"type": "Feature", "properties": {"tract_fips": "17031340500"}, "geometry": {"type": "Polygon", "coordinates": [[[-87.63643, 41.834528], [-87.63589, 41.834535], [-87.635966, 41.837494], [-87.636144, 41.838175], [-87.629784, 41.83828], [-87.629594, 41.83097], [-87.636251, 41.830881], [-87.63643, 41.834528]]]}}, {"type": "Feature", "properties": {"tract_fips": "17031340600"}, "geometry": {"type": "Polygon", "coordinates": [[[-87.636354, 41.823583], [-87.636251, 41.830881], [-87.628925, 41.83093], [-87.6289, 41.82767], [-87.629094, 41.82733], [-87.628968, 41.823681], [-87.636354, 41.823583]]]}}, {"type": "Feature", "properties": {"tract_fips": "17031430200"}, "geometry": {"type": "Polygon", "coordinates": [[[-87.586377, 41.768651], [-87.586234, 41.76954], [-87.586296, 41.773339], [-87.576487, 41.773456], [-87.576302, 41.766214], [-87.586329, 41.766121], [-87.586377, 41.768651]]]}}, {"type": "Feature", "properties": {"tract_fips": "17031510300"}, "geometry": {"type": "Polygon", "coordinates": [[[-87.587452, 41.723266], [-87.568422, 41.723549], [-87.565631, 41.723858], [-87.565592, 41.722642], [-87.564717, 41.7226], [-87.564511, 41.708103], [-87.586051, 41.707765], [-87.585322, 41.709059], [-87.584899, 41.710722], [-87.585164, 41.7208], [-87.587452, 41.723266]]]}}, {"type": "Feature", "properties": {"tract_fips": "17031520100"}, "geometry": {"type": "Polygon", "coordinates": [[[-87.542925, 41.723906], [-87.542177, 41.726385], [-87.54133, 41.727419], [-87.539326, 41.728639], [-87.536545, 41.729635], [-87.523992, 41.735128], [-87.52432, 41.718321], [-87.524165, 41.708314], [-87.524461, 41.70268], [-87.526528, 41.70269], [-87.526475, 41.704545], [-87.528467, 41.706404], [-87.530452, 41.706384], [-87.530451, 41.708223], [-87.535289, 41.708217], [-87.535286, 41.721398], [-87.536543, 41.722942], [-87.542919, 41.72286], [-87.542925, 41.723906]]]}}, {"type": "Feature", "properties": {"tract_fips": "17031590700"}, "geometry": {"type": "Polygon", "coordinates": [[[-87.670399, 41.830447], [-87.657326, 41.830601], [-87.657633, 41.828929], [-87.657438, 41.826843], [-87.657729, 41.826203], [-87.657735, 41.825615], [-87.657439, 41.824885], [-87.657482, 41.825498], [-87.657299, 41.825765], [-87.65598, 41.823316], [-87.670213, 41.82317], [-87.670399, 41.830447]]]}}, {"type": "Feature", "properties": {"tract_fips": "17031600400"}, "geometry": {"type": "Polygon", "coordinates": [[[-87.646449, 41.845327], [-87.64158, 41.845393], [-87.641416, 41.838107], [-87.646278, 41.838046], [-87.646449, 41.845327]]]}}, {"type": "Feature", "properties": {"tract_fips": "17031824115"}, "geometry": {"type": "Polygon", "coordinates": [[[-87.853863, 41.630486], [-87.827545, 41.63097], [-87.82743, 41.62783], [-87.831829, 41.627753], [-87.83177, 41.626014], [-87.834049, 41.625974], [-87.834145, 41.625308], [-87.83726, 41.625246], [-87.838202, 41.625053], [-87.838039, 41.624639], [-87.837989, 41.623533], [-87.837517, 41.623541], [-87.837486, 41.622641], [-87.83639, 41.622657], [-87.836263, 41.621241], [-87.835874, 41.621011], [-87.834487, 41.621035], [-87.834433, 41.619535], [-87.834777, 41.618969], [-87.83439, 41.618369], [-87.834318, 41.616273], [-87.853452, 41.61595], [-87.853863, 41.630486]]]}}, {"type": "Feature", "properties": {"tract_fips": "17031825303"}, "geometry": {"type": "Polygon", "coordinates": [[[-87.79366, 41.587745], [-87.775056, 41.587974], [-87.774852, 41.582579], [-87.775957, 41.582663], [-87.776318, 41.582158], [-87.777097, 41.581592], [-87.777333, 41.580697], [-87.783326, 41.580576], [-87.783288, 41.579025], [-87.780965, 41.578913], [-87.780774, 41.576843], [-87.793242, 41.571498], [-87.79366, 41.587745]]]}}, {"type": "Feature", "properties": {"tract_fips": "17031830007"}, "geometry": {"type": "Polygon", "coordinates": [[[-87.732189, 41.46971], [-87.73225, 41.491761], [-87.723756, 41.49179], [-87.721705, 41.491982], [-87.713023, 41.494532], [-87.712916, 41.480836], [-87.713032, 41.479879], [-87.713578, 41.478404], [-87.718203, 41.469734], [-87.732189, 41.46971]]]}}, {"type": "Feature", "properties": {"tract_fips": "17031813801"}, "geometry": {"type": "Polygon", "coordinates": [[[-87.749175, 41.851269], [-87.744267, 41.851351], [-87.744387, 41.854933], [-87.74314, 41.854954], [-87.743261, 41.858603], [-87.739767, 41.858654], [-87.739221, 41.845979], [-87.743724, 41.844872], [-87.748198, 41.8448], [-87.748972, 41.844649], [-87.749175, 41.851269]]]}}, {"type": "Feature", "properties": {"tract_fips": "17031830600"}, "geometry": {"type": "Polygon", "coordinates": [[[-87.680171, 42.005206], [-87.670593, 42.005374], [-87.670543, 42.003549], [-87.668111, 42.003587], [-87.667962, 41.998109], [-87.676837, 41.997959], [-87.680171, 42.005206]]]}}, {"type": "Feature", "properties": {"tract_fips": "17031830800"}, "geometry": {"type": "Polygon", "coordinates": [[[-87.679186, 41.968756], [-87.674174, 41.968822], [-87.673977, 41.961525], [-87.678959, 41.961458], [-87.679186, 41.968756]]]}}, {"type": "Feature", "properties": {"tract_fips": "17031830700"}, "geometry": {"type": "Polygon", "coordinates": [[[-87.665954, 41.961635], [-87.659585, 41.961716], [-87.65967, 41.969025], [-87.654822, 41.96909], [-87.654748, 41.961779], [-87.656343, 41.961756], [-87.656246, 41.95862], [-87.655975, 41.958424], [-87.656234, 41.958144], [-87.656136, 41.954462], [-87.66225, 41.954378], [-87.664471, 41.957956], [-87.665954, 41.961635]]]}}, {"type": "Feature", "properties": {"tract_fips": "17031830900"}, "geometry": {"type": "Polygon", "coordinates": [[[-87.692528, 41.924855], [-87.692773, 41.93213], [-87.687904, 41.93217], [-87.687986, 41.936062], [-87.687841, 41.93602], [-87.687404, 41.935777], [-87.686332, 41.934364], [-87.685772, 41.933927], [-87.683285, 41.93327], [-87.682404, 41.931774], [-87.680867, 41.930616], [-87.679884, 41.928593], [-87.679577, 41.928349], [-87.677023, 41.927816], [-87.675094, 41.926748], [-87.674462, 41.925882], [-87.674403, 41.925069], [-87.692528, 41.924855]]]}}, {"type": "Feature", "properties": {"tract_fips": "17031835200"}, "geometry": {"type": "Polygon", "coordinates": [[[-87.752736, 41.800187], [-87.738074, 41.80043], [-87.737853, 41.795432], [-87.737984, 41.793071], [-87.752507, 41.792888], [-87.752736, 41.800187]]]}}, {"type": "Feature", "properties": {"tract_fips": "17031839900"}, "geometry": {"type": "Polygon", "coordinates": [[[-87.657733, 41.825732], [-87.657729, 41.826203], [-87.657438, 41.826843], [-87.657633, 41.828929], [-87.657326, 41.830601], [-87.640016, 41.830831], [-87.639841, 41.823539], [-87.65598, 41.823316], [-87.657299, 41.825765], [-87.657482, 41.825498], [-87.657439, 41.824885], [-87.657733, 41.825732]]]}}, {"type": "Feature", "properties": {"tract_fips": "17031839700"}, "geometry": {"type": "Polygon", "coordinates": [[[-87.661856, 41.837857], [-87.66085, 41.837848], [-87.660717, 41.836101], [-87.659438, 41.835142], [-87.651074, 41.835271], [-87.651063, 41.834766], [-87.646202, 41.83483], [-87.646194, 41.834399], [-87.643757, 41.834432], [-87.643673, 41.830781], [-87.657326, 41.830601], [-87.657371, 41.83123], [-87.657589, 41.831489], [-87.659679, 41.833667], [-87.661711, 41.835377], [-87.661856, 41.837857]]]}}, {"type": "Feature", "properties": {"tract_fips": "17031839800"}, "geometry": {"type": "Polygon", "coordinates": [[[-87.646278, 41.838046], [-87.641416, 41.838107], [-87.641368, 41.836285], [-87.640146, 41.836302], [-87.640098, 41.83448], [-87.641325, 41.834464], [-87.641235, 41.830815], [-87.643673, 41.830781], [-87.643757, 41.834432], [-87.646194, 41.834399], [-87.646278, 41.838046]]]}}, {"type": "Feature", "properties": {"tract_fips": "17031834800"}, "geometry": {"type": "Polygon", "coordinates": [[[-87.649828, 41.786956], [-87.640171, 41.787107], [-87.640028, 41.780745], [-87.643678, 41.780664], [-87.643787, 41.781476], [-87.644839, 41.781557], [-87.644786, 41.779751], [-87.649643, 41.779674], [-87.649828, 41.786956]]]}}, {"type": "Feature", "properties": {"tract_fips": "17031834700"}, "geometry": {"type": "Polygon", "coordinates": [[[-87.650016, 41.79424], [-87.640329, 41.794387], [-87.640319, 41.794032], [-87.639682, 41.793038], [-87.64023, 41.79201], [-87.640171, 41.787107], [-87.649828, 41.786956], [-87.650016, 41.79424]]]}}, {"type": "Feature", "properties": {"tract_fips": "17089850500"}, "geometry": {"type": "Polygon", "coordinates": [[[-88.291522, 42.066912], [-88.289912, 42.07557], [-88.289101, 42.079188], [-88.289708, 42.089045], [-88.289288, 42.090262], [-88.287343, 42.092811], [-88.28707, 42.094263], [-88.287033, 42.099763], [-88.287236, 42.100308], [-88.288457, 42.101803], [-88.286915, 42.10182], [-88.286896, 42.103195], [-88.285117, 42.103206], [-88.284695, 42.10345], [-88.278606, 42.100048], [-88.276898, 42.098957], [-88.276154, 42.098152], [-88.271471, 42.098769], [-88.270516, 42.098675], [-88.251257, 42.090864], [-88.238276, 42.085121], [-88.238186, 42.066985], [-88.253796, 42.067048], [-88.255693, 42.066926], [-88.286042, 42.066735], [-88.286793, 42.066909], [-88.291522, 42.066912]]]}}, {"type": "Feature", "properties": {"tract_fips": "17089850600"}, "geometry": {"type": "Polygon", "coordinates": [[[-88.355163, 42.070486], [-88.35486, 42.074407], [-88.354698, 42.103332], [-88.33521, 42.103385], [-88.316858, 42.103063], [-88.314986, 42.102479], [-88.313333, 42.101581], [-88.31234, 42.101276], [-88.307857, 42.101045], [-88.296731, 42.099172], [-88.287007, 42.098113], [-88.28707, 42.094263], [-88.287251, 42.093041], [-88.287691, 42.092222], [-88.289288, 42.090262], [-88.289708, 42.089045], [-88.289101, 42.079188], [-88.291522, 42.066912], [-88.335557, 42.067041], [-88.355081, 42.066825], [-88.355163, 42.070486]]]}}, {"type": "Feature", "properties": {"tract_fips": "17089850703"}, "geometry": {"type": "Polygon", "coordinates": [[[-88.601958, 42.066469], [-88.542562, 42.066561], [-88.489783, 42.067025], [-88.46426, 42.066924], [-88.464158, 42.021417], [-88.463699, 42.007346], [-88.463556, 41.992936], [-88.463699, 41.992129], [-88.464192, 41.990956], [-88.465406, 41.989622], [-88.467019, 41.988719], [-88.468199, 41.988373], [-88.474231, 41.987353], [-88.475816, 41.986698], [-88.476567, 41.986151], [-88.477407, 41.985139], [-88.477737, 41.984357], [-88.477872, 41.982765], [-88.488805, 41.982494], [-88.601289, 41.981473], [-88.601958, 42.066469]]]}}, {"type": "Feature", "properties": {"tract_fips": "17089850301"}, "geometry": {"type": "Polygon", "coordinates": [[[-88.290276, 42.114566], [-88.290271, 42.115675], [-88.289713, 42.117147], [-88.276844, 42.131459], [-88.276037, 42.132584], [-88.2761, 42.133535], [-88.275883, 42.133828], [-88.275882, 42.135267], [-88.276427, 42.137496], [-88.276208, 42.137619], [-88.277218, 42.139487], [-88.275139, 42.139492], [-88.273117, 42.138678], [-88.272517, 42.138829], [-88.27242, 42.139495], [-88.257795, 42.139575], [-88.257696, 42.132323], [-88.257882, 42.121058], [-88.258908, 42.121258], [-88.272696, 42.12134], [-88.281282, 42.121009], [-88.287462, 42.115732], [-88.289576, 42.115472], [-88.289439, 42.114667], [-88.290276, 42.114566]]]}}, {"type": "Feature", "properties": {"tract_fips": "17111871108"}, "geometry": {"type": "Polygon", "coordinates": [[[-88.383701, 42.185898], [-88.383622, 42.204603], [-88.35471, 42.204523], [-88.354616, 42.193373], [-88.357225, 42.193273], [-88.359398, 42.193779], [-88.361036, 42.193747], [-88.362889, 42.193309], [-88.367594, 42.193234], [-88.369142, 42.193364], [-88.369134, 42.190141], [-88.376407, 42.190264], [-88.37639, 42.188333], [-88.376909, 42.187277], [-88.378808, 42.186554], [-88.379285, 42.186066], [-88.381902, 42.186099], [-88.381902, 42.185954], [-88.383701, 42.185898]]]}}, {"type": "Feature", "properties": {"tract_fips": "17111871208"}, "geometry": {"type": "Polygon", "coordinates": [[[-88.35471, 42.204523], [-88.349837, 42.204516], [-88.349836, 42.204056], [-88.346951, 42.20404], [-88.345828, 42.202921], [-88.346278, 42.2019], [-88.345908, 42.201159], [-88.345066, 42.200676], [-88.342895, 42.200572], [-88.342312, 42.199551], [-88.342275, 42.199173], [-88.341735, 42.198909], [-88.340605, 42.197554], [-88.339963, 42.197581], [-88.33986, 42.197148], [-88.339483, 42.197082], [-88.339394, 42.196604], [-88.33952, 42.196429], [-88.337902, 42.194316], [-88.337701, 42.194153], [-88.335541, 42.194358], [-88.335532, 42.19035], [-88.354594, 42.19007], [-88.35471, 42.204523]]]}}, {"type": "Feature", "properties": {"tract_fips": "17031832000"}, "geometry": {"type": "Polygon", "coordinates": [[[-87.659168, 41.947149], [-87.649486, 41.947315], [-87.64943, 41.945461], [-87.654272, 41.945396], [-87.654245, 41.944466], [-87.65523, 41.945605], [-87.655825, 41.945361], [-87.659122, 41.945316], [-87.659168, 41.947149]]]}}, {"type": "Feature", "properties": {"tract_fips": "17031832500"}, "geometry": {"type": "Polygon", "coordinates": [[[-87.674314, 41.92507], [-87.658453, 41.925292], [-87.658214, 41.91728], [-87.658471, 41.91713], [-87.664214, 41.916968], [-87.664555, 41.917775], [-87.667296, 41.920698], [-87.668033, 41.921847], [-87.669072, 41.922281], [-87.671333, 41.92239], [-87.672029, 41.922663], [-87.673933, 41.923993], [-87.674304, 41.924483], [-87.674314, 41.92507]]]}}, {"type": "Feature", "properties": {"tract_fips": "17031832300"}, "geometry": {"type": "Polygon", "coordinates": [[[-87.677899, 41.925026], [-87.674403, 41.925069], [-87.674304, 41.924483], [-87.673933, 41.923993], [-87.672029, 41.922663], [-87.671333, 41.92239], [-87.669072, 41.922281], [-87.668033, 41.921847], [-87.667296, 41.920698], [-87.664555, 41.917775], [-87.663809, 41.915733], [-87.6636, 41.91559], [-87.666511, 41.914409], [-87.672667, 41.91425], [-87.672762, 41.91785], [-87.677622, 41.917758], [-87.677899, 41.925026]]]}}, {"type": "Feature", "properties": {"tract_fips": "17031838300"}, "geometry": {"type": "Polygon", "coordinates": [[[-87.64322, 41.903716], [-87.634478, 41.903853], [-87.634291, 41.898982], [-87.639984, 41.898905], [-87.640044, 41.900468], [-87.643092, 41.900413], [-87.64322, 41.903716]]]}}, {"type": "Feature", "properties": {"tract_fips": "17031831800"}, "geometry": {"type": "Polygon", "coordinates": [[[-87.728433, 41.982832], [-87.706982, 41.98308], [-87.70411, 41.973651], [-87.707371, 41.974433], [-87.709067, 41.974475], [-87.709967, 41.974271], [-87.711099, 41.973738], [-87.711958, 41.972649], [-87.712497, 41.972255], [-87.713645, 41.971899], [-87.715403, 41.971826], [-87.716263, 41.972006], [-87.719898, 41.973846], [-87.72185, 41.974134], [-87.723028, 41.974586], [-87.724174, 41.975575], [-87.728233, 41.975532], [-87.728433, 41.982832]]]}}, {"type": "Feature", "properties": {"tract_fips": "17031831700"}, "geometry": {"type": "Polygon", "coordinates": [[[-87.747588, 41.962235], [-87.747373, 41.962433], [-87.744541, 41.960756], [-87.746458, 41.960736], [-87.742525, 41.953007], [-87.742361, 41.946185], [-87.747065, 41.946124], [-87.747588, 41.962235]]]}}, {"type": "Feature", "properties": {"tract_fips": "17031835100"}, "geometry": {"type": "Polygon", "coordinates": [[[-87.693798, 41.793691], [-87.678815, 41.793868], [-87.678716, 41.786569], [-87.693595, 41.786407], [-87.693798, 41.793691]]]}}, {"type": "Feature", "properties": {"tract_fips": "17031835000"}, "geometry": {"type": "Polygon", "coordinates": [[[-87.693595, 41.786407], [-87.678716, 41.786569], [-87.67849, 41.779247], [-87.693392, 41.779116], [-87.693595, 41.786407]]]}}, {"type": "Feature", "properties": {"tract_fips": "17031843700"}, "geometry": {"type": "Polygon", "coordinates": [[[-87.696829, 41.94967], [-87.696759, 41.950456], [-87.694446, 41.953994], [-87.688467, 41.954032], [-87.688173, 41.939461], [-87.683201, 41.939513], [-87.683085, 41.934961], [-87.685521, 41.934932], [-87.68563, 41.933871], [-87.685772, 41.933927], [-87.686332, 41.934364], [-87.687404, 41.935777], [-87.689974, 41.936659], [-87.691444, 41.93868], [-87.693508, 41.940196], [-87.695199, 41.942369], [-87.696829, 41.94967]]]}}, {"type": "Feature", "properties": {"tract_fips": "17197880430"}, "geometry": {"type": "Polygon", "coordinates": [[[-88.239086, 41.569235], [-88.229524, 41.569329], [-88.229627, 41.572042], [-88.223004, 41.572114], [-88.22289, 41.569381], [-88.220097, 41.569411], [-88.219977, 41.566545], [-88.220534, 41.564893], [-88.229325, 41.564789], [-88.228701, 41.550274], [-88.238279, 41.550215], [-88.239086, 41.569235]]]}}, {"type": "Feature", "properties": {"tract_fips": "17197880510"}, "geometry": {"type": "Polygon", "coordinates": [[[-88.133391, 41.624033], [-88.12377, 41.624238], [-88.123219, 41.609743], [-88.132769, 41.609503], [-88.133391, 41.624033]]]}}, {"type": "Feature", "properties": {"tract_fips": "17197880123"}, "geometry": {"type": "Polygon", "coordinates": [[[-88.147259, 41.702129], [-88.146436, 41.702232], [-88.145841, 41.702729], [-88.144434, 41.703187], [-88.144373, 41.703509], [-88.144648, 41.70429], [-88.144524, 41.705425], [-88.143684, 41.705875], [-88.143593, 41.706768], [-88.142761, 41.707188], [-88.142128, 41.707233], [-88.141335, 41.706791], [-88.140953, 41.706799], [-88.140068, 41.70763], [-88.136856, 41.708832], [-88.136223, 41.709213], [-88.135941, 41.709023], [-88.13562, 41.708424], [-88.134871, 41.708087], [-88.132594, 41.708343], [-88.130355, 41.708871], [-88.129486, 41.709221], [-88.129174, 41.709252], [-88.128727, 41.708855], [-88.128408, 41.708819], [-88.12815, 41.708925], [-88.128042, 41.709279], [-88.128497, 41.709991], [-88.128564, 41.710577], [-88.128012, 41.711151], [-88.125775, 41.711707], [-88.12357, 41.711957], [-88.122479, 41.712424], [-88.122151, 41.712219], [-88.122398, 41.711214], [-88.122237, 41.710796], [-88.121301, 41.71126], [-88.119707, 41.711231], [-88.118907, 41.711806], [-88.11867, 41.712993], [-88.118372, 41.713347], [-88.11657, 41.713827], [-88.114774, 41.714604], [-88.114311, 41.714492], [-88.11481, 41.71361], [-88.114692, 41.713306], [-88.114273, 41.71302], [-88.113714, 41.713051], [-88.113065, 41.713992], [-88.112157, 41.714331], [-88.111828, 41.714137], [-88.111572, 41.712882], [-88.111275, 41.712524], [-88.109821, 41.712666], [-88.109162, 41.712167], [-88.10795, 41.712567], [-88.107483, 41.712554], [-88.106875, 41.711816], [-88.107003, 41.710889], [-88.10661, 41.71039], [-88.106001, 41.710425], [-88.10561, 41.710628], [-88.105101, 41.711506], [-88.104811, 41.711737], [-88.103671, 41.711415], [-88.103024, 41.711459], [-88.102694, 41.712216], [-88.102497, 41.712305], [-88.095955, 41.71243], [-88.094273, 41.712328], [-88.091079, 41.712854], [-88.090733, 41.712616], [-88.088013, 41.712017], [-88.08778, 41.71071], [-88.087867, 41.710394], [-88.088758, 41.710106], [-88.088829, 41.709866], [-88.08875, 41.708589], [-88.087883, 41.708542], [-88.087873, 41.707552], [-88.13034, 41.702318], [-88.147032, 41.696307], [-88.147259, 41.702129]]]}}, {"type": "Feature", "properties": {"tract_fips": "17031220702"}, "geometry": {"type": "Polygon", "coordinates": [[[-87.731426, 41.931734], [-87.717195, 41.931911], [-87.717074, 41.927804], [-87.726236, 41.927672], [-87.726161, 41.924992], [-87.725566, 41.925], [-87.725551, 41.924499], [-87.727702, 41.924473], [-87.731426, 41.931734]]]}}, {"type": "Feature", "properties": {"tract_fips": "17031842100"}, "geometry": {"type": "Polygon", "coordinates": [[[-87.741392, 41.89637], [-87.741518, 41.902427], [-87.726303, 41.902671], [-87.725873, 41.887957], [-87.740613, 41.887808], [-87.740818, 41.891921], [-87.741392, 41.89637]]]}}, {"type": "Feature", "properties": {"tract_fips": "17031843300"}, "geometry": {"type": "Polygon", "coordinates": [[[-87.695979, 41.869233], [-87.691193, 41.869295], [-87.691081, 41.867839], [-87.690445, 41.866568], [-87.690878, 41.866563], [-87.690574, 41.865602], [-87.689956, 41.864753], [-87.688625, 41.863576], [-87.68824, 41.862908], [-87.688119, 41.861144], [-87.688217, 41.859337], [-87.695692, 41.859221], [-87.695979, 41.869233]]]}}, {"type": "Feature", "properties": {"tract_fips": "17197883219"}, "geometry": {"type": "Polygon", "coordinates": [[[-88.254941, 41.540138], [-88.247706, 41.540303], [-88.247782, 41.542717], [-88.237882, 41.542978], [-88.201842, 41.5433], [-88.20192, 41.54533], [-88.1996, 41.545344], [-88.199214, 41.536059], [-88.218456, 41.535857], [-88.217938, 41.521338], [-88.24513, 41.52098], [-88.24687, 41.52026], [-88.25309, 41.514625], [-88.254059, 41.514043], [-88.254941, 41.540138]]]}}, {"type": "Feature", "properties": {"tract_fips": "17197880324"}, "geometry": {"type": "Polygon", "coordinates": [[[-88.261275, 41.724656], [-88.235658, 41.724929], [-88.235347, 41.715517], [-88.238744, 41.714748], [-88.240887, 41.714554], [-88.253294, 41.714695], [-88.25446, 41.71493], [-88.261154, 41.717185], [-88.261275, 41.724656]]]}}, {"type": "Feature", "properties": {"tract_fips": "17197880429"}, "geometry": {"type": "Polygon", "coordinates": [[[-88.229325, 41.564789], [-88.220534, 41.564893], [-88.219977, 41.566545], [-88.220097, 41.569411], [-88.22289, 41.569381], [-88.223004, 41.572114], [-88.218912, 41.572157], [-88.219153, 41.576544], [-88.218181, 41.576554], [-88.217616, 41.576329], [-88.216411, 41.57649], [-88.215796, 41.576278], [-88.215512, 41.575888], [-88.214529, 41.575166], [-88.214047, 41.574439], [-88.214084, 41.574072], [-88.214798, 41.573324], [-88.21472, 41.573044], [-88.214515, 41.572976], [-88.212961, 41.573127], [-88.21108, 41.573744], [-88.208949, 41.573754], [-88.207264, 41.573351], [-88.205525, 41.573188], [-88.203498, 41.572258], [-88.200696, 41.572293], [-88.200347, 41.565115], [-88.213709, 41.56496], [-88.213743, 41.564277], [-88.215468, 41.562484], [-88.215759, 41.561832], [-88.215463, 41.560943], [-88.214394, 41.560083], [-88.21394, 41.559498], [-88.213713, 41.558554], [-88.21394, 41.557683], [-88.215335, 41.556126], [-88.216026, 41.555021], [-88.219366, 41.554216], [-88.220823, 41.553389], [-88.221439, 41.552675], [-88.221752, 41.551997], [-88.221812, 41.550347], [-88.228701, 41.550274], [-88.229325, 41.564789]]]}}, {"type": "Feature", "properties": {"tract_fips": "17197880323"}, "geometry": {"type": "Polygon", "coordinates": [[[-88.235658, 41.724929], [-88.206298, 41.725251], [-88.205668, 41.702481], [-88.234897, 41.701975], [-88.235658, 41.724929]]]}}, {"type": "Feature", "properties": {"tract_fips": "17197883217"}, "geometry": {"type": "Polygon", "coordinates": [[[-88.219067, 41.550349], [-88.190129, 41.550674], [-88.189984, 41.547076], [-88.194236, 41.546975], [-88.194095, 41.543385], [-88.19949, 41.54334], [-88.1996, 41.545344], [-88.20192, 41.54533], [-88.201842, 41.5433], [-88.218751, 41.543111], [-88.219067, 41.550349]]]}}, {"type": "Feature", "properties": {"tract_fips": "17197880322"}, "geometry": {"type": "Polygon", "coordinates": [[[-88.234897, 41.701975], [-88.205668, 41.702481], [-88.204735, 41.680655], [-88.234167, 41.680195], [-88.234897, 41.701975]]]}}, {"type": "Feature", "properties": {"tract_fips": "17197880427"}, "geometry": {"type": "Polygon", "coordinates": [[[-88.180452, 41.572557], [-88.179365, 41.57453], [-88.177496, 41.576686], [-88.166382, 41.585781], [-88.16519, 41.58705], [-88.164148, 41.588621], [-88.150124, 41.580163], [-88.14294, 41.58025], [-88.142335, 41.565769], [-88.155397, 41.575009], [-88.156883, 41.573797], [-88.15776, 41.57336], [-88.158799, 41.573132], [-88.161998, 41.573056], [-88.161838, 41.56916], [-88.17155, 41.56902], [-88.171685, 41.572261], [-88.172529, 41.57224], [-88.172539, 41.572607], [-88.180452, 41.572557]]]}}, {"type": "Feature", "properties": {"tract_fips": "17197880124"}, "geometry": {"type": "Polygon", "coordinates": [[[-88.125916, 41.689751], [-88.118183, 41.689762], [-88.116858, 41.690004], [-88.106708, 41.690083], [-88.087308, 41.69076], [-88.086692, 41.675251], [-88.118681, 41.65865], [-88.124907, 41.655566], [-88.125916, 41.689751]]]}}, {"type": "Feature", "properties": {"tract_fips": "17197880325"}, "geometry": {"type": "Polygon", "coordinates": [[[-88.261154, 41.717185], [-88.25446, 41.71493], [-88.254267, 41.709959], [-88.252045, 41.709427], [-88.248777, 41.70946], [-88.24884, 41.70753], [-88.248634, 41.706647], [-88.248772, 41.705806], [-88.248156, 41.70499], [-88.248714, 41.704647], [-88.248004, 41.703725], [-88.24786, 41.703096], [-88.248145, 41.701198], [-88.246814, 41.698865], [-88.26081, 41.695843], [-88.261154, 41.717185]]]}}, {"type": "Feature", "properties": {"tract_fips": "17197880320"}, "geometry": {"type": "Polygon", "coordinates": [[[-88.229803, 41.651221], [-88.203534, 41.651621], [-88.20306, 41.637114], [-88.219915, 41.636837], [-88.229803, 41.651221]]]}}, {"type": "Feature", "properties": {"tract_fips": "17197880319"}, "geometry": {"type": "Polygon", "coordinates": [[[-88.234167, 41.680195], [-88.204735, 41.680655], [-88.20404, 41.66617], [-88.233598, 41.665685], [-88.234167, 41.680195]]]}}, {"type": "Feature", "properties": {"tract_fips": "17197880321"}, "geometry": {"type": "Polygon", "coordinates": [[[-88.233542, 41.665685], [-88.20404, 41.66617], [-88.203534, 41.651621], [-88.229803, 41.651221], [-88.232706, 41.655417], [-88.233169, 41.656522], [-88.233542, 41.665685]]]}}, {"type": "Feature", "properties": {"tract_fips": "17197880318"}, "geometry": {"type": "Polygon", "coordinates": [[[-88.204735, 41.680655], [-88.185573, 41.680915], [-88.179302, 41.680635], [-88.174965, 41.681174], [-88.166477, 41.681443], [-88.167043, 41.680333], [-88.172311, 41.673999], [-88.17568, 41.668503], [-88.176565, 41.665886], [-88.179663, 41.651987], [-88.184148, 41.651866], [-88.203534, 41.651621], [-88.204735, 41.680655]]]}}, {"type": "Feature", "properties": {"tract_fips": "17197880425"}, "geometry": {"type": "Polygon", "coordinates": [[[-88.163636, 41.623593], [-88.16302, 41.62349], [-88.15422, 41.62369], [-88.1538, 41.613595], [-88.153629, 41.601937], [-88.153403, 41.601738], [-88.152864, 41.601667], [-88.15313, 41.594658], [-88.162937, 41.594516], [-88.16304, 41.601769], [-88.163285, 41.601766], [-88.163636, 41.623593]]]}}, {"type": "Feature", "properties": {"tract_fips": "17197880424"}, "geometry": {"type": "Polygon", "coordinates": [[[-88.259071, 41.6362], [-88.222438, 41.636799], [-88.221555, 41.611725], [-88.221077, 41.607933], [-88.240684, 41.607421], [-88.240319, 41.600552], [-88.23977, 41.599786], [-88.236558, 41.597324], [-88.236064, 41.596722], [-88.235574, 41.595281], [-88.235412, 41.593471], [-88.239165, 41.593366], [-88.240852, 41.592918], [-88.254804, 41.592635], [-88.257274, 41.593469], [-88.259071, 41.6362]]]}}, {"type": "Feature", "properties": {"tract_fips": "17197880423"}, "geometry": {"type": "Polygon", "coordinates": [[[-88.222438, 41.636799], [-88.20306, 41.637114], [-88.202524, 41.617103], [-88.20289, 41.617007], [-88.204313, 41.615831], [-88.205012, 41.614283], [-88.205644, 41.613558], [-88.206073, 41.612471], [-88.208752, 41.609868], [-88.209772, 41.608436], [-88.211881, 41.608457], [-88.221077, 41.607933], [-88.221555, 41.611725], [-88.222438, 41.636799]]]}}, {"type": "Feature", "properties": {"tract_fips": "17197880317"}, "geometry": {"type": "Polygon", "coordinates": [[[-88.203534, 41.651621], [-88.179663, 41.651987], [-88.176565, 41.665886], [-88.17568, 41.668503], [-88.172311, 41.673999], [-88.167043, 41.680333], [-88.166477, 41.681443], [-88.146569, 41.681913], [-88.145526, 41.656406], [-88.145087, 41.638429], [-88.20306, 41.637114], [-88.203534, 41.651621]]]}}, {"type": "Feature", "properties": {"tract_fips": "17197880125"}, "geometry": {"type": "Polygon", "coordinates": [[[-88.146569, 41.681913], [-88.125696, 41.682474], [-88.125551, 41.678409], [-88.124907, 41.655451], [-88.129964, 41.65335], [-88.130619, 41.653287], [-88.133709, 41.651926], [-88.145297, 41.645484], [-88.145526, 41.656406], [-88.146569, 41.681913]]]}}, {"type": "Feature", "properties": {"tract_fips": "17197883218"}, "geometry": {"type": "Polygon", "coordinates": [[[-88.255348, 41.550089], [-88.219067, 41.550349], [-88.218751, 41.543111], [-88.237882, 41.542978], [-88.247782, 41.542717], [-88.247706, 41.540303], [-88.254941, 41.540138], [-88.255348, 41.550089]]]}}, {"type": "Feature", "properties": {"tract_fips": "17197880428"}, "geometry": {"type": "Polygon", "coordinates": [[[-88.164148, 41.588621], [-88.16349, 41.59016], [-88.16323, 41.59128], [-88.163175, 41.594516], [-88.143463, 41.594791], [-88.14294, 41.58025], [-88.150124, 41.580163], [-88.164148, 41.588621]]]}}, {"type": "Feature", "properties": {"tract_fips": "17197880426"}, "geometry": {"type": "Polygon", "coordinates": [[[-88.15422, 41.62369], [-88.144542, 41.623837], [-88.143463, 41.594791], [-88.15313, 41.594658], [-88.152864, 41.601667], [-88.153403, 41.601738], [-88.153629, 41.601937], [-88.1538, 41.613595], [-88.15422, 41.62369]]]}}, {"type": "Feature", "properties": {"tract_fips": "17197880122"}, "geometry": {"type": "Polygon", "coordinates": [[[-88.147032, 41.696307], [-88.131204, 41.702095], [-88.125443, 41.702966], [-88.123512, 41.698057], [-88.12194, 41.69554], [-88.12187, 41.69425], [-88.12225, 41.69346], [-88.119469, 41.692366], [-88.117554, 41.689869], [-88.125916, 41.689751], [-88.125696, 41.682474], [-88.146569, 41.681913], [-88.147032, 41.696307]]]}}, {"type": "Feature", "properties": {"tract_fips": "17197880511"}, "geometry": {"type": "Polygon", "coordinates": [[[-88.144542, 41.623837], [-88.133391, 41.624033], [-88.132769, 41.609503], [-88.144006, 41.609293], [-88.144542, 41.623837]]]}}, {"type": "Feature", "properties": {"tract_fips": "17197880422"}, "geometry": {"type": "Polygon", "coordinates": [[[-88.240684, 41.607421], [-88.224626, 41.607771], [-88.211881, 41.608457], [-88.209772, 41.608436], [-88.208752, 41.609868], [-88.206073, 41.612471], [-88.205644, 41.613558], [-88.205012, 41.614283], [-88.204313, 41.615831], [-88.20289, 41.617007], [-88.202524, 41.617103], [-88.20157, 41.594002], [-88.217307, 41.593858], [-88.235412, 41.593471], [-88.235574, 41.595281], [-88.236064, 41.596722], [-88.236558, 41.597324], [-88.23977, 41.599786], [-88.240319, 41.600552], [-88.240684, 41.607421]]]}}, {"type": "Feature", "properties": {"tract_fips": "17197880432"}, "geometry": {"type": "Polygon", "coordinates": [[[-88.255995, 41.564534], [-88.238896, 41.564681], [-88.238279, 41.550215], [-88.255348, 41.550089], [-88.255995, 41.564534]]]}}, {"type": "Feature", "properties": {"tract_fips": "17197880431"}, "geometry": {"type": "Polygon", "coordinates": [[[-88.256568, 41.578743], [-88.23946, 41.579177], [-88.238896, 41.564681], [-88.255995, 41.564534], [-88.256568, 41.578743]]]}}, {"type": "Feature", "properties": {"tract_fips": "17197880508"}, "geometry": {"type": "Polygon", "coordinates": [[[-88.124499, 41.638966], [-88.099713, 41.639556], [-88.099597, 41.635859], [-88.099266, 41.635034], [-88.098565, 41.634108], [-88.09847, 41.632019], [-88.088173, 41.632245], [-88.08747, 41.63168], [-88.08717, 41.63114], [-88.086927, 41.625181], [-88.099867, 41.624818], [-88.101422, 41.624447], [-88.102769, 41.623788], [-88.104195, 41.62461], [-88.104812, 41.624685], [-88.12377, 41.624238], [-88.124076, 41.633441], [-88.124499, 41.638966]]]}}, {"type": "Feature", "properties": {"tract_fips": "17197880509"}, "geometry": {"type": "Polygon", "coordinates": [[[-88.099597, 41.635859], [-88.099713, 41.639556], [-88.080448, 41.640102], [-88.080372, 41.626426], [-88.080217, 41.625351], [-88.086927, 41.625181], [-88.08717, 41.63114], [-88.08747, 41.63168], [-88.088173, 41.632245], [-88.09847, 41.632019], [-88.098565, 41.634108], [-88.099266, 41.635034], [-88.099597, 41.635859]]]}}, {"type": "Feature", "properties": {"tract_fips": "17197880315"}, "geometry": {"type": "Polygon", "coordinates": [[[-88.166477, 41.681443], [-88.166119, 41.682502], [-88.16606, 41.68372], [-88.166323, 41.690405], [-88.164176, 41.691477], [-88.163488, 41.692218], [-88.162102, 41.695044], [-88.160522, 41.696562], [-88.159936, 41.69802], [-88.158537, 41.698984], [-88.157385, 41.700399], [-88.156557, 41.700727], [-88.155338, 41.701826], [-88.154949, 41.701863], [-88.15422, 41.701265], [-88.153738, 41.701167], [-88.153417, 41.702048], [-88.152648, 41.7024], [-88.152104, 41.702348], [-88.150943, 41.701146], [-88.150448, 41.700976], [-88.14893, 41.701194], [-88.148144, 41.701523], [-88.147262, 41.702226], [-88.146569, 41.681913], [-88.166477, 41.681443]]]}}, {"type": "Feature", "properties": {"tract_fips": "17031843000"}, "geometry": {"type": "Polygon", "coordinates": [[[-87.739984, 41.868939], [-87.732673, 41.870977], [-87.732578, 41.868999], [-87.725287, 41.869089], [-87.725272, 41.868555], [-87.720198, 41.868623], [-87.720239, 41.869869], [-87.70579, 41.870053], [-87.705669, 41.866405], [-87.739932, 41.86596], [-87.739984, 41.868939]]]}}, {"type": "Feature", "properties": {"tract_fips": "17031836500"}, "geometry": {"type": "Polygon", "coordinates": [[[-87.609556, 41.831197], [-87.592614, 41.831477], [-87.590113, 41.827578], [-87.59861, 41.825632], [-87.600914, 41.825235], [-87.606454, 41.823271], [-87.608825, 41.827722], [-87.607535, 41.828115], [-87.609556, 41.831197]]]}}, {"type": "Feature", "properties": {"tract_fips": "17031843900"}, "geometry": {"type": "Polygon", "coordinates": [[[-87.59295, 41.775079], [-87.592115, 41.775097], [-87.59145, 41.77802], [-87.591528, 41.780566], [-87.584778, 41.780643], [-87.582361, 41.780411], [-87.580393, 41.779759], [-87.579498, 41.779757], [-87.576717, 41.780602], [-87.575235, 41.780714], [-87.575817, 41.781389], [-87.575348, 41.781585], [-87.573844, 41.780814], [-87.572847, 41.780634], [-87.572047, 41.780834], [-87.571401, 41.780726], [-87.569547, 41.78121], [-87.56301, 41.781232], [-87.561728, 41.776259], [-87.558686, 41.773792], [-87.566811, 41.773559], [-87.566642, 41.773164], [-87.566548, 41.769906], [-87.571509, 41.769854], [-87.571617, 41.773502], [-87.592914, 41.773268], [-87.59295, 41.775079]]]}}, {"type": "Feature", "properties": {"tract_fips": "17089851801"}, "geometry": {"type": "Polygon", "coordinates": [[[-88.317281, 41.985452], [-88.315901, 41.998733], [-88.312975, 41.998768], [-88.311813, 41.998248], [-88.308413, 41.998236], [-88.306966, 41.997728], [-88.295673, 41.997824], [-88.295414, 41.997482], [-88.294467, 41.997364], [-88.292956, 42.000562], [-88.291888, 42.003282], [-88.290273, 42.004783], [-88.285692, 42.008008], [-88.282813, 42.010451], [-88.28018, 42.012226], [-88.280072, 42.012602], [-88.278535, 42.01265], [-88.27627, 42.01396], [-88.275487, 42.013871], [-88.273631, 42.01418], [-88.27262, 42.014626], [-88.272062, 42.015146], [-88.269268, 42.014339], [-88.268861, 42.015379], [-88.263255, 42.015492], [-88.262875, 41.986378], [-88.282276, 41.985927], [-88.292061, 41.985906], [-88.295131, 41.985702], [-88.295477, 41.985927], [-88.296459, 41.985766], [-88.297582, 41.986027], [-88.299431, 41.985732], [-88.317281, 41.985452]]]}}, {"type": "Feature", "properties": {"tract_fips": "17063000103"}, "geometry": {"type": "Polygon", "coordinates": [[[-88.421576, 41.353705], [-88.421523, 41.357397], [-88.412598, 41.35766], [-88.410898, 41.359015], [-88.407937, 41.360994], [-88.406665, 41.362077], [-88.405901, 41.362967], [-88.403796, 41.366695], [-88.402574, 41.368281], [-88.402901, 41.387033], [-88.384659, 41.387472], [-88.383713, 41.388174], [-88.383591, 41.388471], [-88.383897, 41.404939], [-88.384063, 41.406239], [-88.380996, 41.408102], [-88.37783, 41.410528], [-88.375692, 41.412538], [-88.374576, 41.413255], [-88.367318, 41.416054], [-88.365727, 41.416454], [-88.363034, 41.416828], [-88.309048, 41.41766], [-88.289476, 41.418145], [-88.289936, 41.430829], [-88.286316, 41.430911], [-88.280577, 41.430532], [-88.278371, 41.430873], [-88.273669, 41.43091], [-88.272646, 41.431219], [-88.269826, 41.431329], [-88.269165, 41.431162], [-88.267746, 41.42984], [-88.266452, 41.429246], [-88.265662, 41.4291], [-88.264898, 41.429102], [-88.263101, 41.429921], [-88.258404, 41.429981], [-88.255954, 41.428841], [-88.255024, 41.428597], [-88.253253, 41.428305], [-88.250993, 41.42839], [-88.249583, 41.387572], [-88.252238, 41.388735], [-88.254686, 41.390315], [-88.258719, 41.3923], [-88.259965, 41.393101], [-88.261255, 41.395051], [-88.263231, 41.396871], [-88.265183, 41.398179], [-88.268153, 41.399397], [-88.269455, 41.399599], [-88.276519, 41.399695], [-88.281551, 41.399983], [-88.2864, 41.399843], [-88.287328, 41.399607], [-88.290048, 41.398183], [-88.294064, 41.396351], [-88.295992, 41.395651], [-88.298263, 41.395208], [-88.306873, 41.392898], [-88.312392, 41.391635], [-88.315104, 41.390795], [-88.316136, 41.390211], [-88.319592, 41.387551], [-88.323544, 41.385835], [-88.328769, 41.383151], [-88.330617, 41.382355], [-88.334809, 41.381047], [-88.339193, 41.379335], [-88.348908, 41.375031], [-88.358684, 41.370354], [-88.361518, 41.36933], [-88.368171, 41.367363], [-88.374106, 41.365348], [-88.378249, 41.364856], [-88.381021, 41.364302], [-88.383219, 41.363616], [-88.398648, 41.360727], [-88.402281, 41.359606], [-88.414452, 41.354518], [-88.417725, 41.353934], [-88.421576, 41.353705]]]}}, {"type": "Feature", "properties": {"tract_fips": "17031490901"}, "geometry": {"type": "Polygon", "coordinates": [[[-87.623314, 41.699871], [-87.622128, 41.69989], [-87.622074, 41.698069], [-87.620237, 41.698091], [-87.620328, 41.699427], [-87.609234, 41.699611], [-87.610033, 41.696422], [-87.609012, 41.696444], [-87.60986, 41.692771], [-87.623104, 41.692585], [-87.623314, 41.699871]]]}}, {"type": "Feature", "properties": {"tract_fips": "17197880326"}, "geometry": {"type": "Polygon", "coordinates": [[[-88.25446, 41.71493], [-88.253294, 41.714695], [-88.240887, 41.714554], [-88.238744, 41.714748], [-88.235347, 41.715517], [-88.234949, 41.703511], [-88.237467, 41.702015], [-88.240792, 41.700569], [-88.242722, 41.699843], [-88.246814, 41.698865], [-88.248145, 41.701198], [-88.24786, 41.703096], [-88.248004, 41.703725], [-88.248714, 41.704647], [-88.248156, 41.70499], [-88.248772, 41.705806], [-88.248634, 41.706647], [-88.24884, 41.70753], [-88.248777, 41.70946], [-88.252045, 41.709427], [-88.254267, 41.709959], [-88.25446, 41.71493]]]}}, {"type": "Feature", "properties": {"tract_fips": "17197880316"}, "geometry": {"type": "Polygon", "coordinates": [[[-88.185903, 41.693648], [-88.166467, 41.694255], [-88.167067, 41.710457], [-88.162309, 41.710412], [-88.15994, 41.709726], [-88.159378, 41.710293], [-88.15836, 41.710651], [-88.149316, 41.710846], [-88.147636, 41.711587], [-88.147262, 41.702226], [-88.148144, 41.701523], [-88.14893, 41.701194], [-88.150448, 41.700976], [-88.150943, 41.701146], [-88.152104, 41.702348], [-88.152648, 41.7024], [-88.153417, 41.702048], [-88.153738, 41.701167], [-88.15422, 41.701265], [-88.154949, 41.701863], [-88.155338, 41.701826], [-88.156557, 41.700727], [-88.157385, 41.700399], [-88.158537, 41.698984], [-88.159936, 41.69802], [-88.160522, 41.696562], [-88.162102, 41.695044], [-88.163488, 41.692218], [-88.164176, 41.691477], [-88.166323, 41.690405], [-88.16606, 41.68372], [-88.166119, 41.682502], [-88.166477, 41.681443], [-88.174965, 41.681174], [-88.179302, 41.680635], [-88.185573, 41.680915], [-88.185446, 41.682991], [-88.185903, 41.693648]]]}}, {"type": "Feature", "properties": {"tract_fips": "17031824123"}, "geometry": {"type": "Polygon", "coordinates": [[[-87.813685, 41.601978], [-87.79416, 41.602284], [-87.793457, 41.580472], [-87.812816, 41.580137], [-87.812793, 41.581345], [-87.813068, 41.583769], [-87.813685, 41.601978]]]}}, {"type": "Feature", "properties": {"tract_fips": "17031804405"}, "geometry": {"type": "Polygon", "coordinates": [[[-88.263427, 42.03658], [-88.261248, 42.037499], [-88.230079, 42.038279], [-88.230534, 42.032439], [-88.229774, 42.030662], [-88.229753, 42.030272], [-88.234275, 42.030618], [-88.239305, 42.030253], [-88.241891, 42.030638], [-88.25002, 42.032548], [-88.263427, 42.03658]]]}}, {"type": "Feature", "properties": {"tract_fips": "17111871107"}, "geometry": {"type": "Polygon", "coordinates": [[[-88.373957, 42.188638], [-88.372619, 42.188637], [-88.37257, 42.190196], [-88.369134, 42.190141], [-88.369142, 42.193364], [-88.367594, 42.193234], [-88.362889, 42.193309], [-88.361036, 42.193747], [-88.359398, 42.193779], [-88.357225, 42.193273], [-88.354616, 42.193373], [-88.354416, 42.154], [-88.369403, 42.154016], [-88.369041, 42.158772], [-88.369028, 42.175737], [-88.364079, 42.175736], [-88.364309, 42.185884], [-88.367068, 42.185998], [-88.367273, 42.185656], [-88.367762, 42.185808], [-88.37049, 42.185992], [-88.371172, 42.186365], [-88.371161, 42.185128], [-88.373919, 42.185119], [-88.373957, 42.188638]]]}}, {"type": "Feature", "properties": {"tract_fips": "17111870301"}, "geometry": {"type": "Polygon", "coordinates": [[[-88.707378, 42.493597], [-88.658003, 42.494822], [-88.628997, 42.495045], [-88.599412, 42.495057], [-88.599165, 42.479645], [-88.599187, 42.469443], [-88.600844, 42.465093], [-88.602947, 42.457753], [-88.604727, 42.447818], [-88.605773, 42.445226], [-88.608656, 42.440566], [-88.608788, 42.439852], [-88.608732, 42.43728], [-88.608859, 42.435981], [-88.609699, 42.434963], [-88.612914, 42.433063], [-88.613482, 42.432239], [-88.613517, 42.422071], [-88.637203, 42.422118], [-88.636888, 42.419855], [-88.636876, 42.414864], [-88.656748, 42.415023], [-88.705941, 42.414989], [-88.706433, 42.458329], [-88.707378, 42.493597]]]}}, {"type": "Feature", "properties": {"tract_fips": "17031831100"}, "geometry": {"type": "Polygon", "coordinates": [[[-87.727401, 41.946373], [-87.707822, 41.946631], [-87.707664, 41.938886], [-87.708439, 41.939324], [-87.727185, 41.939095], [-87.727401, 41.946373]]]}}, {"type": "Feature", "properties": {"tract_fips": "17031831500"}, "geometry": {"type": "Polygon", "coordinates": [[[-87.790796, 41.938238], [-87.786031, 41.938317], [-87.786, 41.938206], [-87.785226, 41.916452], [-87.787423, 41.916795], [-87.789348, 41.917485], [-87.789814, 41.917891], [-87.790204, 41.9187], [-87.790796, 41.938238]]]}}, {"type": "Feature", "properties": {"tract_fips": "17031831600"}, "geometry": {"type": "Polygon", "coordinates": [[[-87.806495, 41.930815], [-87.790638, 41.930942], [-87.790248, 41.918957], [-87.789993, 41.918164], [-87.789348, 41.917485], [-87.803494, 41.922575], [-87.80623, 41.92336], [-87.806495, 41.930815]]]}}, {"type": "Feature", "properties": {"tract_fips": "17031831200"}, "geometry": {"type": "Polygon", "coordinates": [[[-87.741422, 41.916985], [-87.724217, 41.917196], [-87.724059, 41.915373], [-87.723004, 41.915388], [-87.722109, 41.913651], [-87.724003, 41.913638], [-87.724246, 41.9138], [-87.725236, 41.913795], [-87.726454, 41.91378], [-87.72645, 41.913645], [-87.736224, 41.913522], [-87.741301, 41.913906], [-87.741422, 41.916985]]]}}, {"type": "Feature", "properties": {"tract_fips": "17031831000"}, "geometry": {"type": "Polygon", "coordinates": [[[-87.682447, 41.914619], [-87.677555, 41.914716], [-87.677622, 41.917758], [-87.672762, 41.91785], [-87.672667, 41.91425], [-87.677547, 41.914249], [-87.677463, 41.91047], [-87.68242, 41.913582], [-87.682447, 41.914619]]]}}, {"type": "Feature", "properties": {"tract_fips": "17031843100"}, "geometry": {"type": "Polygon", "coordinates": [[[-87.705669, 41.866405], [-87.695907, 41.866511], [-87.695569, 41.855552], [-87.702929, 41.855451], [-87.702877, 41.853802], [-87.703771, 41.853611], [-87.705307, 41.853587], [-87.70543, 41.857978], [-87.702939, 41.858841], [-87.702948, 41.859114], [-87.705456, 41.859084], [-87.705669, 41.866405]]]}}, {"type": "Feature", "properties": {"tract_fips": "17031842900"}, "geometry": {"type": "Polygon", "coordinates": [[[-87.690878, 41.866563], [-87.656681, 41.866997], [-87.656479, 41.859765], [-87.673599, 41.859517], [-87.681286, 41.858752], [-87.68217, 41.858763], [-87.685834, 41.859366], [-87.688217, 41.859337], [-87.688119, 41.861144], [-87.688289, 41.863061], [-87.688625, 41.863576], [-87.690136, 41.864974], [-87.690574, 41.865602], [-87.690878, 41.866563]]]}}, {"type": "Feature", "properties": {"tract_fips": "17031843500"}, "geometry": {"type": "Polygon", "coordinates": [[[-87.70504, 41.844518], [-87.700148, 41.844613], [-87.700137, 41.844252], [-87.69905, 41.844536], [-87.697694, 41.844658], [-87.687615, 41.844794], [-87.687442, 41.84364], [-87.687618, 41.83837], [-87.687449, 41.834632], [-87.704646, 41.829233], [-87.70504, 41.844518]]]}}, {"type": "Feature", "properties": {"tract_fips": "17031842000"}, "geometry": {"type": "Polygon", "coordinates": [[[-87.629784, 41.83828], [-87.618269, 41.838409], [-87.618229, 41.836583], [-87.621879, 41.836497], [-87.621764, 41.831059], [-87.629594, 41.83097], [-87.629784, 41.83828]]]}}, {"type": "Feature", "properties": {"tract_fips": "17197880304"}, "geometry": {"type": "Polygon", "coordinates": [[[-88.167524, 41.725787], [-88.148194, 41.726117], [-88.147636, 41.711587], [-88.149316, 41.710846], [-88.15836, 41.710651], [-88.159378, 41.710293], [-88.15994, 41.709726], [-88.162309, 41.710412], [-88.167067, 41.710457], [-88.167524, 41.725787]]]}}, {"type": "Feature", "properties": {"tract_fips": "17197880303"}, "geometry": {"type": "Polygon", "coordinates": [[[-88.186483, 41.710006], [-88.186972, 41.725505], [-88.167524, 41.725787], [-88.167067, 41.710457], [-88.186483, 41.710006]]]}}, {"type": "Feature", "properties": {"tract_fips": "17197881302"}, "geometry": {"type": "Polygon", "coordinates": [[[-88.084893, 41.531801], [-88.08316, 41.536651], [-88.083128, 41.538112], [-88.083367, 41.539336], [-88.083153, 41.540945], [-88.078536, 41.552865], [-88.074974, 41.552958], [-88.07271, 41.551273], [-88.072491, 41.540542], [-88.072737, 41.537315], [-88.0727, 41.535402], [-88.067524, 41.535498], [-88.067501, 41.5333], [-88.06735, 41.532625], [-88.081768, 41.532413], [-88.08321, 41.532743], [-88.083785, 41.531495], [-88.084893, 41.531801]]]}}, {"type": "Feature", "properties": {"tract_fips": "17197882801"}, "geometry": {"type": "Polygon", "coordinates": [[[-88.124913, 41.529889], [-88.115459, 41.530126], [-88.114694, 41.511673], [-88.124341, 41.511409], [-88.124913, 41.529889]]]}}, {"type": "Feature", "properties": {"tract_fips": "17197880118"}, "geometry": {"type": "Polygon", "coordinates": [[[-88.12933, 41.716431], [-88.129041, 41.717998], [-88.128722, 41.718561], [-88.127988, 41.719344], [-88.126939, 41.720019], [-88.124799, 41.720611], [-88.119936, 41.720828], [-88.118557, 41.721506], [-88.117264, 41.723451], [-88.117293, 41.726848], [-88.063367, 41.728147], [-88.065507, 41.722314], [-88.066049, 41.72143], [-88.068295, 41.718724], [-88.068788, 41.717531], [-88.070691, 41.71812], [-88.071697, 41.71706], [-88.072895, 41.715406], [-88.074036, 41.714503], [-88.075015, 41.713416], [-88.075915, 41.713111], [-88.080034, 41.712509], [-88.081516, 41.712447], [-88.083268, 41.711842], [-88.084054, 41.711936], [-88.085198, 41.71239], [-88.085578, 41.712185], [-88.085934, 41.711692], [-88.086203, 41.711629], [-88.090733, 41.712616], [-88.091079, 41.712854], [-88.094273, 41.712328], [-88.095955, 41.71243], [-88.102497, 41.712305], [-88.102694, 41.712216], [-88.103024, 41.711459], [-88.103671, 41.711415], [-88.104811, 41.711737], [-88.105101, 41.711506], [-88.10561, 41.710628], [-88.10642, 41.710367], [-88.106949, 41.71068], [-88.106843, 41.71172], [-88.107483, 41.712554], [-88.10795, 41.712567], [-88.109162, 41.712167], [-88.109821, 41.712666], [-88.111275, 41.712524], [-88.111572, 41.712882], [-88.111828, 41.714137], [-88.112157, 41.714331], [-88.113065, 41.713992], [-88.113714, 41.713051], [-88.114273, 41.71302], [-88.11478, 41.71347], [-88.114767, 41.713856], [-88.114304, 41.714386], [-88.114631, 41.71462], [-88.11657, 41.713827], [-88.118372, 41.713347], [-88.11867, 41.712993], [-88.118835, 41.711937], [-88.11941, 41.711338], [-88.120026, 41.711168], [-88.121393, 41.711243], [-88.122151, 41.710766], [-88.122406, 41.710965], [-88.122151, 41.712219], [-88.122383, 41.71242], [-88.12357, 41.711957], [-88.125775, 41.711707], [-88.128012, 41.711151], [-88.129205, 41.715309], [-88.12933, 41.716431]]]}}, {"type": "Feature", "properties": {"tract_fips": "17031804508"}, "geometry": {"type": "Polygon", "coordinates": [[[-88.187086, 42.004457], [-88.186634, 42.005874], [-88.185608, 42.007251], [-88.185299, 42.008545], [-88.184011, 42.010826], [-88.1834, 42.013473], [-88.180338, 42.013049], [-88.176011, 42.01217], [-88.176675, 42.010422], [-88.176667, 42.009877], [-88.17428, 42.007203], [-88.173901, 42.006593], [-88.173822, 42.00615], [-88.173916, 42.005482], [-88.175494, 42.001651], [-88.184151, 42.003621], [-88.187086, 42.004457]]]}}, {"type": "Feature", "properties": {"tract_fips": "17031770901"}, "geometry": {"type": "Polygon", "coordinates": [[[-87.826756, 41.966787], [-87.826735, 41.974034], [-87.819401, 41.974223], [-87.819435, 41.973221], [-87.818982, 41.973221], [-87.818964, 41.97061], [-87.818525, 41.970619], [-87.816953, 41.97066], [-87.816917, 41.974289], [-87.807067, 41.974538], [-87.807173, 41.967281], [-87.826756, 41.966787]]]}}, {"type": "Feature", "properties": {"tract_fips": "17031832400"}, "geometry": {"type": "Polygon", "coordinates": [[[-87.697201, 41.917489], [-87.68741, 41.917568], [-87.687316, 41.913995], [-87.697094, 41.913907], [-87.697201, 41.917489]]]}}, {"type": "Feature", "properties": {"tract_fips": "17031832900"}, "geometry": {"type": "Polygon", "coordinates": [[[-87.666739, 41.876351], [-87.657003, 41.876519], [-87.656853, 41.872254], [-87.661724, 41.87211], [-87.661714, 41.871752], [-87.661978, 41.871712], [-87.666616, 41.871626], [-87.666739, 41.876351]]]}}, {"type": "Feature", "properties": {"tract_fips": "17031840300"}, "geometry": {"type": "Polygon", "coordinates": [[[-87.687449, 41.834632], [-87.680004, 41.836931], [-87.675441, 41.837163], [-87.67528, 41.83039], [-87.684459, 41.830289], [-87.68424, 41.823], [-87.68608, 41.822956], [-87.68613, 41.824314], [-87.686668, 41.824886], [-87.686191, 41.825178], [-87.687038, 41.826837], [-87.687286, 41.827671], [-87.687449, 41.834632]]]}}, {"type": "Feature", "properties": {"tract_fips": "17031823805"}, "geometry": {"type": "Polygon", "coordinates": [[[-87.839389, 41.684618], [-87.838839, 41.685587], [-87.838107, 41.686025], [-87.834788, 41.686423], [-87.832565, 41.687109], [-87.830217, 41.688947], [-87.829578, 41.689614], [-87.826322, 41.691932], [-87.823752, 41.69306], [-87.818813, 41.694023], [-87.816939, 41.693801], [-87.816465, 41.681701], [-87.82946, 41.683577], [-87.839389, 41.684618]]]}}, {"type": "Feature", "properties": {"tract_fips": "17031838600"}, "geometry": {"type": "Polygon", "coordinates": [[[-87.705756, 41.869133], [-87.695979, 41.869233], [-87.695907, 41.866511], [-87.705669, 41.866405], [-87.705756, 41.869133]]]}}, {"type": "Feature", "properties": {"tract_fips": "17031839600"}, "geometry": {"type": "Polygon", "coordinates": [[[-87.621764, 41.831059], [-87.616967, 41.8311], [-87.616732, 41.823838], [-87.621602, 41.823775], [-87.621764, 41.831059]]]}}, {"type": "Feature", "properties": {"tract_fips": "17031834900"}, "geometry": {"type": "Polygon", "coordinates": [[[-87.659361, 41.779543], [-87.654502, 41.779608], [-87.654116, 41.765057], [-87.658967, 41.764981], [-87.659361, 41.779543]]]}}, {"type": "Feature", "properties": {"tract_fips": "17031030603"}, "geometry": {"type": "Polygon", "coordinates": [[[-87.660181, 41.98727], [-87.65673, 41.987331], [-87.656609, 41.983683], [-87.660069, 41.983622], [-87.660181, 41.98727]]]}}, {"type": "Feature", "properties": {"tract_fips": "17031832200"}, "geometry": {"type": "Polygon", "coordinates": [[[-87.683581, 41.924956], [-87.677899, 41.925026], [-87.677555, 41.914716], [-87.680014, 41.91467], [-87.680096, 41.917707], [-87.682519, 41.917659], [-87.682732, 41.924465], [-87.683581, 41.924956]]]}}, {"type": "Feature", "properties": {"tract_fips": "17031836700"}, "geometry": {"type": "Polygon", "coordinates": [[[-87.711436, 41.895507], [-87.696703, 41.895654], [-87.696671, 41.894333], [-87.691668, 41.892332], [-87.691754, 41.891732], [-87.691474, 41.888371], [-87.711219, 41.888113], [-87.711436, 41.895507]]]}}, {"type": "Feature", "properties": {"tract_fips": "17031836800"}, "geometry": {"type": "Polygon", "coordinates": [[[-87.720982, 41.888018], [-87.706335, 41.888175], [-87.70617, 41.882794], [-87.711762, 41.882693], [-87.712562, 41.881753], [-87.714082, 41.881239], [-87.716416, 41.881641], [-87.719589, 41.881657], [-87.72082, 41.881897], [-87.720982, 41.888018]]]}}, {"type": "Feature", "properties": {"tract_fips": "17031836600"}, "geometry": {"type": "Polygon", "coordinates": [[[-87.714492, 41.902771], [-87.70679, 41.90285], [-87.706674, 41.899195], [-87.701951, 41.899238], [-87.701881, 41.896418], [-87.702234, 41.896559], [-87.702204, 41.895595], [-87.713873, 41.895483], [-87.714057, 41.90095], [-87.713455, 41.901015], [-87.71269, 41.900691], [-87.711884, 41.900053], [-87.711551, 41.900148], [-87.714492, 41.902771]]]}}, {"type": "Feature", "properties": {"tract_fips": "17031833000"}, "geometry": {"type": "Polygon", "coordinates": [[[-87.667069, 41.888852], [-87.663961, 41.888873], [-87.66281, 41.888718], [-87.662211, 41.889005], [-87.661941, 41.888887], [-87.647622, 41.889049], [-87.64736, 41.881778], [-87.666852, 41.881455], [-87.667069, 41.888852]]]}}, {"type": "Feature", "properties": {"tract_fips": "17031842500"}, "geometry": {"type": "Polygon", "coordinates": [[[-87.63015, 41.779987], [-87.628543, 41.780005], [-87.628889, 41.780304], [-87.62897, 41.783147], [-87.628245, 41.783161], [-87.625404, 41.78321], [-87.625375, 41.780058], [-87.615622, 41.780239], [-87.61545, 41.77297], [-87.629985, 41.772709], [-87.63015, 41.779987]]]}}, {"type": "Feature", "properties": {"tract_fips": "17031841800"}, "geometry": {"type": "Polygon", "coordinates": [[[-87.605769, 41.773141], [-87.592221, 41.773275], [-87.592845, 41.770565], [-87.592115, 41.770566], [-87.592314, 41.769478], [-87.592236, 41.767706], [-87.592445, 41.766011], [-87.593826, 41.766004], [-87.594048, 41.765077], [-87.593356, 41.765083], [-87.593324, 41.762354], [-87.59472, 41.762345], [-87.595523, 41.758696], [-87.605391, 41.75858], [-87.605769, 41.773141]]]}}, {"type": "Feature", "properties": {"tract_fips": "17031980100"}, "geometry": {"type": "Polygon", "coordinates": [[[-87.762302, 41.792736], [-87.737984, 41.793071], [-87.737756, 41.785782], [-87.741422, 41.785742], [-87.741447, 41.784299], [-87.742451, 41.782944], [-87.742293, 41.778429], [-87.761715, 41.778053], [-87.762302, 41.792736]]]}}, {"type": "Feature", "properties": {"tract_fips": "17031842800"}, "geometry": {"type": "Polygon", "coordinates": [[[-87.713872, 41.807992], [-87.703975, 41.808115], [-87.704118, 41.811759], [-87.689427, 41.811992], [-87.689324, 41.80836], [-87.684425, 41.808426], [-87.68437, 41.804632], [-87.704606, 41.804283], [-87.711222, 41.804329], [-87.713635, 41.804189], [-87.713872, 41.807992]]]}}, {"type": "Feature", "properties": {"tract_fips": "17031843800"}, "geometry": {"type": "Polygon", "coordinates": [[[-87.645538, 41.808864], [-87.635839, 41.809046], [-87.635362, 41.794478], [-87.64516, 41.794302], [-87.645538, 41.808864]]]}}, {"type": "Feature", "properties": {"tract_fips": "17197883804"}, "geometry": {"type": "Polygon", "coordinates": [[[-87.670893, 41.445521], [-87.671003, 41.456671], [-87.656507, 41.456785], [-87.655769, 41.457456], [-87.655491, 41.457955], [-87.653047, 41.463487], [-87.653164, 41.467369], [-87.648479, 41.467383], [-87.648476, 41.469758], [-87.644979, 41.469768], [-87.64494, 41.46356], [-87.645176, 41.463391], [-87.646398, 41.463273], [-87.646437, 41.462014], [-87.63754, 41.460616], [-87.633947, 41.460765], [-87.63373, 41.45885], [-87.63173, 41.4491], [-87.631294, 41.444616], [-87.646605, 41.443581], [-87.670893, 41.445521]]]}}, {"type": "Feature", "properties": {"tract_fips": "17197880115"}, "geometry": {"type": "Polygon", "coordinates": [[[-88.087546, 41.698008], [-88.068285, 41.698509], [-88.068195, 41.691262], [-88.087308, 41.69076], [-88.087546, 41.698008]]]}}, {"type": "Feature", "properties": {"tract_fips": "17197880116"}, "geometry": {"type": "Polygon", "coordinates": [[[-88.068737, 41.710863], [-88.050646, 41.717901], [-88.050273, 41.717343], [-88.050263, 41.716828], [-88.050572, 41.716462], [-88.051923, 41.715717], [-88.05238, 41.715229], [-88.052778, 41.713628], [-88.05273, 41.712298], [-88.052398, 41.711769], [-88.047779, 41.708649], [-88.047483, 41.708016], [-88.048301, 41.70689], [-88.048356, 41.706186], [-88.068563, 41.705784], [-88.068737, 41.710863]]]}}, {"type": "Feature", "properties": {"tract_fips": "17031841000"}, "geometry": {"type": "Polygon", "coordinates": [[[-87.629444, 41.847621], [-87.629212, 41.847782], [-87.629352, 41.852952], [-87.617577, 41.853011], [-87.617981, 41.851112], [-87.619032, 41.850745], [-87.618898, 41.849886], [-87.617874, 41.848722], [-87.617743, 41.848176], [-87.614983, 41.848285], [-87.613288, 41.849038], [-87.6124, 41.849061], [-87.611731, 41.849472], [-87.609256, 41.850106], [-87.603387, 41.850132], [-87.601642, 41.845196], [-87.611399, 41.845238], [-87.616008, 41.845093], [-87.616551, 41.845632], [-87.61784, 41.845726], [-87.629168, 41.845557], [-87.62915, 41.846641], [-87.629407, 41.846764], [-87.629444, 41.847621]]]}}, {"type": "Feature", "properties": {"tract_fips": "17031834200"}, "geometry": {"type": "Polygon", "coordinates": [[[-87.595614, 41.758696], [-87.576142, 41.758876], [-87.575982, 41.751606], [-87.585824, 41.751506], [-87.585821, 41.751672], [-87.595614, 41.758696]]]}}, {"type": "Feature", "properties": {"tract_fips": "17031842200"}, "geometry": {"type": "Polygon", "coordinates": [[[-87.658173, 41.904987], [-87.657923, 41.907196], [-87.656875, 41.910418], [-87.656873, 41.910785], [-87.643431, 41.911018], [-87.642929, 41.896476], [-87.644139, 41.896456], [-87.644389, 41.897168], [-87.644713, 41.897497], [-87.645274, 41.897714], [-87.649116, 41.89821], [-87.651763, 41.899975], [-87.655118, 41.900646], [-87.65578, 41.901146], [-87.656376, 41.902472], [-87.658011, 41.904147], [-87.658173, 41.904987]]]}}, {"type": "Feature", "properties": {"tract_fips": "17031838000"}, "geometry": {"type": "Polygon", "coordinates": [[[-87.686269, 41.876084], [-87.683828, 41.87612], [-87.68396, 41.881159], [-87.676642, 41.881314], [-87.676456, 41.874043], [-87.686235, 41.873891], [-87.686269, 41.876084]]]}}, {"type": "Feature", "properties": {"tract_fips": "17031010702"}, "geometry": {"type": "Polygon", "coordinates": [[[-87.675678, 42.012617], [-87.670198, 42.012714], [-87.669948, 42.005385], [-87.675227, 42.005302], [-87.675406, 42.011394], [-87.675632, 42.01139], [-87.675678, 42.012617]]]}}, {"type": "Feature", "properties": {"tract_fips": "17031010503"}, "geometry": {"type": "Polygon", "coordinates": [[[-87.665644, 42.002421], [-87.660783, 42.002551], [-87.660553, 41.998189], [-87.665436, 41.998136], [-87.665644, 42.002421]]]}}, {"type": "Feature", "properties": {"tract_fips": "17031010502"}, "geometry": {"type": "Polygon", "coordinates": [[[-87.665735, 42.005462], [-87.665499, 42.005469], [-87.665697, 42.006696], [-87.663043, 42.006742], [-87.663019, 42.006122], [-87.661869, 42.006141], [-87.662061, 42.006757], [-87.661295, 42.006767], [-87.66089, 42.005386], [-87.660783, 42.002551], [-87.665644, 42.002421], [-87.665735, 42.005462]]]}}, {"type": "Feature", "properties": {"tract_fips": "17031010701"}, "geometry": {"type": "Polygon", "coordinates": [[[-87.683086, 42.012323], [-87.682683, 42.012497], [-87.675678, 42.012617], [-87.675632, 42.01139], [-87.675406, 42.011394], [-87.675227, 42.005302], [-87.680171, 42.005206], [-87.681931, 42.009055], [-87.683086, 42.012323]]]}}, {"type": "Feature", "properties": {"tract_fips": "17031020902"}, "geometry": {"type": "Polygon", "coordinates": [[[-87.683529, 41.991834], [-87.681699, 41.991855], [-87.681736, 41.993056], [-87.682354, 41.993044], [-87.682364, 41.993383], [-87.681678, 41.993404], [-87.681705, 41.994231], [-87.682389, 41.994219], [-87.682573, 41.997854], [-87.675012, 41.997993], [-87.674705, 41.990763], [-87.683524, 41.990609], [-87.683529, 41.991834]]]}}, {"type": "Feature", "properties": {"tract_fips": "17031020302"}, "geometry": {"type": "Polygon", "coordinates": [[[-87.69983, 42.004866], [-87.699719, 42.012068], [-87.690247, 42.01228], [-87.690071, 42.005033], [-87.69983, 42.004866]]]}}, {"type": "Feature", "properties": {"tract_fips": "17031020601"}, "geometry": {"type": "Polygon", "coordinates": [[[-87.708237, 41.999232], [-87.705799, 41.999277], [-87.705807, 42.002904], [-87.704604, 42.002933], [-87.704603, 42.004754], [-87.697384, 42.004893], [-87.697205, 41.997602], [-87.708162, 41.99741], [-87.708237, 41.999232]]]}}, {"type": "Feature", "properties": {"tract_fips": "17089851500"}, "geometry": {"type": "Polygon", "coordinates": [[[-88.287201, 42.036457], [-88.285842, 42.036984], [-88.283577, 42.034185], [-88.282356, 42.032078], [-88.28169, 42.031637], [-88.281604, 42.03123], [-88.278742, 42.033146], [-88.276501, 42.03068], [-88.276292, 42.030763], [-88.275739, 42.030088], [-88.274213, 42.027528], [-88.273636, 42.025613], [-88.273498, 42.023082], [-88.273563, 42.022611], [-88.273771, 42.022612], [-88.273831, 42.020173], [-88.268509, 42.020209], [-88.268443, 42.017458], [-88.268861, 42.015379], [-88.269268, 42.014339], [-88.272062, 42.015146], [-88.27262, 42.014626], [-88.273631, 42.01418], [-88.275487, 42.013871], [-88.27627, 42.01396], [-88.278535, 42.01265], [-88.280072, 42.012602], [-88.279086, 42.015648], [-88.275622, 42.019818], [-88.275549, 42.020291], [-88.275895, 42.020322], [-88.277997, 42.024202], [-88.279104, 42.024222], [-88.279008, 42.025449], [-88.279447, 42.026315], [-88.279588, 42.026426], [-88.281173, 42.026386], [-88.281878, 42.027611], [-88.284095, 42.027458], [-88.284146, 42.029042], [-88.284807, 42.029021], [-88.284845, 42.029835], [-88.283149, 42.029893], [-88.28517, 42.033483], [-88.287201, 42.036457]]]}}, {"type": "Feature", "properties": {"tract_fips": "17031020301"}, "geometry": {"type": "Polygon", "coordinates": [[[-87.709362, 41.999213], [-87.709057, 42.011861], [-87.699719, 42.012068], [-87.699829, 42.004851], [-87.704603, 42.004754], [-87.704604, 42.002933], [-87.705807, 42.002904], [-87.705799, 41.999277], [-87.709362, 41.999213]]]}}, {"type": "Feature", "properties": {"tract_fips": "17031760803"}, "geometry": {"type": "Polygon", "coordinates": [[[-87.851982, 41.978626], [-87.851619, 41.97972], [-87.850683, 41.980263], [-87.849714, 41.98029], [-87.848081, 41.97988], [-87.846427, 41.980078], [-87.846477, 41.977351], [-87.836608, 41.977471], [-87.836629, 41.97479], [-87.841554, 41.974695], [-87.841556, 41.974482], [-87.84155, 41.973788], [-87.837965, 41.973842], [-87.83791, 41.97146], [-87.836652, 41.971328], [-87.836658, 41.970232], [-87.841591, 41.970143], [-87.841549, 41.972224], [-87.846533, 41.97227], [-87.846493, 41.973706], [-87.849937, 41.973698], [-87.849947, 41.975382], [-87.851479, 41.976585], [-87.851499, 41.977363], [-87.851896, 41.978053], [-87.851982, 41.978626]]]}}, {"type": "Feature", "properties": {"tract_fips": "17031530501"}, "geometry": {"type": "Polygon", "coordinates": [[[-87.641907, 41.677815], [-87.622658, 41.678026], [-87.62244, 41.670733], [-87.64167, 41.670539], [-87.641907, 41.677815]]]}}, {"type": "Feature", "properties": {"tract_fips": "17031530503"}, "geometry": {"type": "Polygon", "coordinates": [[[-87.647204, 41.663159], [-87.641423, 41.663246], [-87.64167, 41.670539], [-87.62965, 41.67066], [-87.629375, 41.663352], [-87.631772, 41.663312], [-87.631671, 41.658445], [-87.630969, 41.657496], [-87.641224, 41.657434], [-87.647002, 41.65698], [-87.647204, 41.663159]]]}}, {"type": "Feature", "properties": {"tract_fips": "17031650301"}, "geometry": {"type": "Polygon", "coordinates": [[[-87.737397, 41.778487], [-87.72276, 41.778658], [-87.722576, 41.771374], [-87.737223, 41.771201], [-87.737397, 41.778487]]]}}, {"type": "Feature", "properties": {"tract_fips": "17031650302"}, "geometry": {"type": "Polygon", "coordinates": [[[-87.72276, 41.778658], [-87.712897, 41.778831], [-87.712724, 41.771522], [-87.722576, 41.771374], [-87.72276, 41.778658]]]}}, {"type": "Feature", "properties": {"tract_fips": "17031530502"}, "geometry": {"type": "Polygon", "coordinates": [[[-87.631772, 41.663312], [-87.629375, 41.663352], [-87.62965, 41.67066], [-87.62244, 41.670733], [-87.622088, 41.663452], [-87.621746, 41.661734], [-87.624709, 41.661293], [-87.630969, 41.657496], [-87.631671, 41.658445], [-87.631772, 41.663312]]]}}, {"type": "Feature", "properties": {"tract_fips": "17091010701"}, "geometry": {"type": "Polygon", "coordinates": [[[-87.851763, 41.184705], [-87.851418, 41.187034], [-87.850218, 41.190415], [-87.849736, 41.192446], [-87.849574, 41.19514], [-87.849958, 41.198884], [-87.849949, 41.200294], [-87.848795, 41.206726], [-87.83803, 41.206806], [-87.837524, 41.191994], [-87.818348, 41.191977], [-87.818726, 41.206948], [-87.780107, 41.207256], [-87.779402, 41.177935], [-87.769414, 41.177915], [-87.769166, 41.163332], [-87.851166, 41.162661], [-87.851241, 41.172018], [-87.851763, 41.184705]]]}}, {"type": "Feature", "properties": {"tract_fips": "17031803611"}, "geometry": {"type": "Polygon", "coordinates": [[[-88.02555, 42.142585], [-88.024195, 42.143652], [-88.023991, 42.144048], [-88.024008, 42.149492], [-88.02375, 42.153735], [-88.016982, 42.153693], [-88.012983, 42.150021], [-88.013486, 42.150013], [-88.009244, 42.146057], [-88.007309, 42.143744], [-88.009322, 42.143232], [-88.010632, 42.143661], [-88.011039, 42.143274], [-88.011036, 42.14427], [-88.011199, 42.144453], [-88.013459, 42.144492], [-88.014153, 42.144306], [-88.014691, 42.144399], [-88.015857, 42.144202], [-88.016219, 42.143933], [-88.016485, 42.143307], [-88.017186, 42.142819], [-88.018772, 42.143122], [-88.019871, 42.143144], [-88.023987, 42.142849], [-88.024172, 42.142251], [-88.025221, 42.14226], [-88.02555, 42.142585]]]}}, {"type": "Feature", "properties": {"tract_fips": "17063000102"}, "geometry": {"type": "Polygon", "coordinates": [[[-88.365289, 41.460494], [-88.322502, 41.461088], [-88.298624, 41.461615], [-88.254972, 41.462768], [-88.252231, 41.463066], [-88.250993, 41.42839], [-88.253253, 41.428305], [-88.255024, 41.428597], [-88.255954, 41.428841], [-88.258404, 41.429981], [-88.263101, 41.429921], [-88.264898, 41.429102], [-88.265662, 41.4291], [-88.266452, 41.429246], [-88.267746, 41.42984], [-88.269165, 41.431162], [-88.269826, 41.431329], [-88.272646, 41.431219], [-88.273669, 41.43091], [-88.278371, 41.430873], [-88.280577, 41.430532], [-88.286316, 41.430911], [-88.289936, 41.430829], [-88.289476, 41.418145], [-88.309048, 41.41766], [-88.361029, 41.4169], [-88.364859, 41.416588], [-88.365145, 41.433263], [-88.365151, 41.435815], [-88.364992, 41.436889], [-88.36515, 41.441037], [-88.365289, 41.460494]]]}}, {"type": "Feature", "properties": {"tract_fips": "17031831300"}, "geometry": {"type": "Polygon", "coordinates": [[[-87.748502, 41.905961], [-87.746036, 41.905988], [-87.746114, 41.910072], [-87.745896, 41.911189], [-87.74601, 41.914493], [-87.741301, 41.913906], [-87.741381, 41.909676], [-87.741657, 41.907754], [-87.741518, 41.902427], [-87.74842, 41.902327], [-87.748502, 41.905961]]]}}, {"type": "Feature", "properties": {"tract_fips": "17031831400"}, "geometry": {"type": "Polygon", "coordinates": [[[-87.774301, 41.870924], [-87.768635, 41.870634], [-87.76454, 41.87102], [-87.764587, 41.872827], [-87.740123, 41.873251], [-87.739932, 41.86596], [-87.774139, 41.865459], [-87.774301, 41.870924]]]}}, {"type": "Feature", "properties": {"tract_fips": "17031837000"}, "geometry": {"type": "Polygon", "coordinates": [[[-87.701254, 41.882847], [-87.696335, 41.882898], [-87.696101, 41.873794], [-87.701013, 41.873747], [-87.701254, 41.882847]]]}}, {"type": "Feature", "properties": {"tract_fips": "17197880117"}, "geometry": {"type": "Polygon", "coordinates": [[[-88.052779, 41.713601], [-88.052546, 41.714841], [-88.052284, 41.715377], [-88.050291, 41.716758], [-88.050273, 41.717343], [-88.050646, 41.717901], [-88.041003, 41.721871], [-88.036725, 41.724433], [-88.030282, 41.72672], [-88.029637, 41.706707], [-88.037735, 41.706631], [-88.039673, 41.706413], [-88.0433, 41.706538], [-88.048356, 41.706186], [-88.048301, 41.70689], [-88.047528, 41.707829], [-88.047578, 41.708412], [-88.052398, 41.711769], [-88.05273, 41.712298], [-88.052779, 41.713601]]]}}, {"type": "Feature", "properties": {"tract_fips": "17197880701"}, "geometry": {"type": "Polygon", "coordinates": [[[-88.067607, 41.571318], [-88.067009, 41.572594], [-88.06255, 41.57863], [-88.06075, 41.582384], [-88.02579, 41.5833], [-88.025379, 41.568773], [-88.04451, 41.568212], [-88.044631, 41.571841], [-88.049258, 41.571577], [-88.049408, 41.571708], [-88.054925, 41.571655], [-88.055272, 41.571618], [-88.055345, 41.571254], [-88.055157, 41.571022], [-88.055497, 41.570809], [-88.056383, 41.570724], [-88.056758, 41.571003], [-88.057432, 41.57099], [-88.057388, 41.570451], [-88.060035, 41.570386], [-88.060052, 41.571023], [-88.060821, 41.571003], [-88.060865, 41.571376], [-88.061016, 41.571429], [-88.067607, 41.571318]]]}}, {"type": "Feature", "properties": {"tract_fips": "17197880418"}, "geometry": {"type": "Polygon", "coordinates": [[[-88.22184, 41.551305], [-88.221668, 41.552226], [-88.220823, 41.553389], [-88.219366, 41.554216], [-88.216026, 41.555021], [-88.215335, 41.556126], [-88.21394, 41.557683], [-88.213713, 41.558554], [-88.21394, 41.559498], [-88.214394, 41.560083], [-88.215463, 41.560943], [-88.215759, 41.561832], [-88.215468, 41.562484], [-88.213743, 41.564277], [-88.213709, 41.56496], [-88.200347, 41.565115], [-88.199785, 41.550566], [-88.221812, 41.550347], [-88.22184, 41.551305]]]}}, {"type": "Feature", "properties": {"tract_fips": "17197883212"}, "geometry": {"type": "Polygon", "coordinates": [[[-88.25377, 41.506249], [-88.236352, 41.50665], [-88.21352, 41.506918], [-88.210859, 41.507325], [-88.208987, 41.507986], [-88.208033, 41.507056], [-88.207718, 41.506942], [-88.197983, 41.506981], [-88.198241, 41.504222], [-88.19751, 41.484955], [-88.197349, 41.474659], [-88.196576, 41.463708], [-88.216018, 41.463422], [-88.2369, 41.462898], [-88.252219, 41.462753], [-88.25377, 41.506249]]]}}, {"type": "Feature", "properties": {"tract_fips": "17197883509"}, "geometry": {"type": "Polygon", "coordinates": [[[-88.020898, 41.431349], [-87.99576, 41.431797], [-87.991072, 41.426207], [-87.98796, 41.42488], [-87.98715, 41.42467], [-87.945488, 41.425366], [-87.944214, 41.425318], [-87.941557, 41.424769], [-87.940177, 41.424655], [-87.903073, 41.425182], [-87.902312, 41.381532], [-87.998661, 41.380254], [-87.999808, 41.38089], [-88.01181, 41.3806], [-88.011882, 41.380686], [-88.00213, 41.395313], [-88.019557, 41.394956], [-88.020898, 41.431349]]]}}, {"type": "Feature", "properties": {"tract_fips": "17031842400"}, "geometry": {"type": "Polygon", "coordinates": [[[-87.639489, 41.748857], [-87.639316, 41.750711], [-87.624546, 41.75096], [-87.623938, 41.729042], [-87.625624, 41.729019], [-87.629151, 41.732784], [-87.631708, 41.73516], [-87.632721, 41.735972], [-87.634055, 41.735944], [-87.634252, 41.736757], [-87.633757, 41.737406], [-87.63376, 41.73793], [-87.633967, 41.739151], [-87.634108, 41.743498], [-87.635946, 41.744162], [-87.636287, 41.743739], [-87.637643, 41.743475], [-87.639028, 41.743455], [-87.639193, 41.748867], [-87.639489, 41.748857]]]}}, {"type": "Feature", "properties": {"tract_fips": "17031832100"}, "geometry": {"type": "Polygon", "coordinates": [[[-87.656806, 41.951087], [-87.656792, 41.954452], [-87.6497, 41.954561], [-87.64962, 41.951198], [-87.656806, 41.951087]]]}}, {"type": "Feature", "properties": {"tract_fips": "17031020802"}, "geometry": {"type": "Polygon", "coordinates": [[[-87.699642, 41.997561], [-87.689883, 41.99773], [-87.689673, 41.9905], [-87.699403, 41.990443], [-87.699642, 41.997561]]]}}, {"type": "Feature", "properties": {"tract_fips": "17031020702"}, "geometry": {"type": "Polygon", "coordinates": [[[-87.710656, 41.997366], [-87.709344, 41.997389], [-87.709362, 41.999213], [-87.708237, 41.999232], [-87.708162, 41.99741], [-87.699642, 41.997561], [-87.699403, 41.990443], [-87.709165, 41.990384], [-87.710026, 41.993321], [-87.710656, 41.997366]]]}}, {"type": "Feature", "properties": {"tract_fips": "17031020801"}, "geometry": {"type": "Polygon", "coordinates": [[[-87.699403, 41.990443], [-87.689673, 41.9905], [-87.689448, 41.983168], [-87.699157, 41.983121], [-87.699403, 41.990443]]]}}, {"type": "Feature", "properties": {"tract_fips": "17031040202"}, "geometry": {"type": "Polygon", "coordinates": [[[-87.699157, 41.983121], [-87.689448, 41.983168], [-87.689169, 41.976346], [-87.691613, 41.976334], [-87.691603, 41.975872], [-87.692347, 41.975867], [-87.692409, 41.976778], [-87.698952, 41.976733], [-87.699157, 41.983121]]]}}, {"type": "Feature", "properties": {"tract_fips": "17031040201"}, "geometry": {"type": "Polygon", "coordinates": [[[-87.698952, 41.976733], [-87.692409, 41.976778], [-87.692347, 41.975867], [-87.691603, 41.975872], [-87.691613, 41.976334], [-87.689169, 41.976346], [-87.688907, 41.968615], [-87.698689, 41.968532], [-87.698952, 41.976733]]]}}, {"type": "Feature", "properties": {"tract_fips": "17031040402"}, "geometry": {"type": "Polygon", "coordinates": [[[-87.684272, 41.975433], [-87.683555, 41.975418], [-87.683691, 41.97597], [-87.674408, 41.976103], [-87.674174, 41.968822], [-87.682865, 41.968702], [-87.68288, 41.969175], [-87.682294, 41.969234], [-87.682395, 41.972348], [-87.684166, 41.972325], [-87.684272, 41.975433]]]}}, {"type": "Feature", "properties": {"tract_fips": "17031031501"}, "geometry": {"type": "Polygon", "coordinates": [[[-87.654822, 41.96909], [-87.650118, 41.969156], [-87.650019, 41.965488], [-87.654787, 41.96543], [-87.654822, 41.96909]]]}}, {"type": "Feature", "properties": {"tract_fips": "17031081201"}, "geometry": {"type": "Polygon", "coordinates": [[[-87.628336, 41.901558], [-87.624267, 41.901624], [-87.624092, 41.898092], [-87.624243, 41.896734], [-87.628199, 41.896677], [-87.628336, 41.901558]]]}}, {"type": "Feature", "properties": {"tract_fips": "17031063301"}, "geometry": {"type": "Polygon", "coordinates": [[[-87.644888, 41.932827], [-87.64468, 41.933576], [-87.64422, 41.934363], [-87.644279, 41.936513], [-87.641858, 41.936554], [-87.641781, 41.934298], [-87.641388, 41.934305], [-87.641343, 41.93287], [-87.644888, 41.932827]]]}}, {"type": "Feature", "properties": {"tract_fips": "17089852300"}, "geometry": {"type": "Polygon", "coordinates": [[[-88.320165, 41.91695], [-88.311337, 41.916828], [-88.303432, 41.916117], [-88.301263, 41.912868], [-88.305892, 41.911181], [-88.306824, 41.911011], [-88.305734, 41.906925], [-88.306043, 41.906791], [-88.307209, 41.908142], [-88.309953, 41.910386], [-88.311971, 41.912397], [-88.312499, 41.91218], [-88.308696, 41.908206], [-88.306313, 41.906092], [-88.304704, 41.903776], [-88.303484, 41.900969], [-88.302921, 41.898248], [-88.304603, 41.898247], [-88.30674, 41.902544], [-88.307373, 41.903467], [-88.310311, 41.906671], [-88.3138, 41.909019], [-88.317679, 41.907856], [-88.320165, 41.91695]]]}}, {"type": "Feature", "properties": {"tract_fips": "17197883401"}, "geometry": {"type": "Polygon", "coordinates": [[[-88.179144, 41.290089], [-88.155365, 41.308855], [-88.152775, 41.310265], [-88.147492, 41.312165], [-88.144999, 41.31369], [-88.143613, 41.31508], [-88.142663, 41.31657], [-88.142159, 41.317987], [-88.141801, 41.320028], [-88.132677, 41.32017], [-88.131603, 41.291151], [-88.179144, 41.290089]]]}}, {"type": "Feature", "properties": {"tract_fips": "17031806202"}, "geometry": {"type": "Polygon", "coordinates": [[[-87.897758, 42.047137], [-87.897036, 42.046715], [-87.896494, 42.045703], [-87.895887, 42.045233], [-87.882577, 42.039317], [-87.882763, 42.038798], [-87.882616, 42.037986], [-87.882, 42.036871], [-87.881889, 42.035985], [-87.881453, 42.035001], [-87.880991, 42.034459], [-87.879252, 42.033273], [-87.878377, 42.032296], [-87.878118, 42.031694], [-87.88052, 42.031673], [-87.880954, 42.032634], [-87.89287, 42.032168], [-87.894019, 42.036226], [-87.897758, 42.047137]]]}}, {"type": "Feature", "properties": {"tract_fips": "17031210601"}, "geometry": {"type": "Polygon", "coordinates": [[[-87.717399, 41.939216], [-87.708439, 41.939324], [-87.707664, 41.938886], [-87.707529, 41.935698], [-87.712053, 41.935655], [-87.712372, 41.935344], [-87.71243, 41.937463], [-87.714541, 41.937433], [-87.716734, 41.935412], [-87.717287, 41.935382], [-87.717399, 41.939216]]]}}, {"type": "Feature", "properties": {"tract_fips": "17031812302"}, "geometry": {"type": "Polygon", "coordinates": [[[-87.80551, 41.901533], [-87.797896, 41.901647], [-87.797619, 41.891852], [-87.798725, 41.891863], [-87.799278, 41.892065], [-87.800275, 41.892034], [-87.800273, 41.891915], [-87.80515, 41.891817], [-87.80551, 41.901533]]]}}, {"type": "Feature", "properties": {"tract_fips": "17031812802"}, "geometry": {"type": "Polygon", "coordinates": [[[-87.800217, 41.8868], [-87.794463, 41.886887], [-87.794251, 41.879762], [-87.799863, 41.879671], [-87.800217, 41.8868]]]}}, {"type": "Feature", "properties": {"tract_fips": "17197880903"}, "geometry": {"type": "Polygon", "coordinates": [[[-88.12596, 41.554234], [-88.125555, 41.555252], [-88.12506, 41.555882], [-88.121963, 41.558107], [-88.121318, 41.558949], [-88.121843, 41.573526], [-88.114519, 41.573708], [-88.114212, 41.567705], [-88.110461, 41.567802], [-88.110406, 41.566571], [-88.102552, 41.56676], [-88.102364, 41.562164], [-88.101864, 41.561562], [-88.102102, 41.561106], [-88.102041, 41.559525], [-88.106876, 41.559405], [-88.106797, 41.557161], [-88.10589, 41.557115], [-88.104935, 41.556348], [-88.10478, 41.553496], [-88.104948, 41.553107], [-88.104344, 41.553108], [-88.104348, 41.552209], [-88.125859, 41.55164], [-88.12596, 41.554234]]]}}, {"type": "Feature", "properties": {"tract_fips": "17197880412"}, "geometry": {"type": "Polygon", "coordinates": [[[-88.161151, 41.550983], [-88.161998, 41.573056], [-88.158799, 41.573132], [-88.15776, 41.57336], [-88.156883, 41.573797], [-88.155397, 41.575009], [-88.142335, 41.565769], [-88.141807, 41.551183], [-88.161151, 41.550983]]]}}, {"type": "Feature", "properties": {"tract_fips": "17031030703"}, "geometry": {"type": "Polygon", "coordinates": [[[-87.660018, 41.981798], [-87.657266, 41.981843], [-87.657217, 41.980015], [-87.655088, 41.980051], [-87.655032, 41.978223], [-87.655764, 41.978211], [-87.655713, 41.976385], [-87.659866, 41.976323], [-87.660018, 41.981798]]]}}, {"type": "Feature", "properties": {"tract_fips": "17089851102"}, "geometry": {"type": "Polygon", "coordinates": [[[-88.311879, 42.039762], [-88.311911, 42.049154], [-88.297075, 42.045525], [-88.292515, 42.041435], [-88.289039, 42.036686], [-88.291745, 42.036511], [-88.297047, 42.037537], [-88.311879, 42.039762]]]}}, {"type": "Feature", "properties": {"tract_fips": "17089852807"}, "geometry": {"type": "Polygon", "coordinates": [[[-88.376107, 41.809888], [-88.376032, 41.831911], [-88.375802, 41.839054], [-88.375748, 41.848131], [-88.35006, 41.848454], [-88.340121, 41.848743], [-88.340086, 41.835418], [-88.340149, 41.835167], [-88.340459, 41.835194], [-88.340823, 41.8342], [-88.34142, 41.83332], [-88.342341, 41.83227], [-88.3427, 41.832264], [-88.343302, 41.830185], [-88.343917, 41.827177], [-88.344096, 41.827191], [-88.344745, 41.824033], [-88.344468, 41.824004], [-88.344626, 41.823319], [-88.34938, 41.810257], [-88.355239, 41.810306], [-88.376107, 41.809888]]]}}, {"type": "Feature", "properties": {"tract_fips": "17089851907"}, "geometry": {"type": "Polygon", "coordinates": [[[-88.340785, 41.992044], [-88.340505, 41.993204], [-88.339888, 41.994234], [-88.337279, 41.996402], [-88.336712, 41.996976], [-88.336269, 41.997802], [-88.336048, 41.998581], [-88.335985, 41.999761], [-88.336191, 42.007028], [-88.326537, 42.007195], [-88.321425, 42.006758], [-88.315109, 42.006936], [-88.317281, 41.985452], [-88.323988, 41.985806], [-88.329998, 41.985705], [-88.331033, 41.98585], [-88.331153, 41.985516], [-88.331604, 41.98528], [-88.340729, 41.985153], [-88.340785, 41.992044]]]}}, {"type": "Feature", "properties": {"tract_fips": "17089851909"}, "geometry": {"type": "Polygon", "coordinates": [[[-88.341143, 42.049981], [-88.3399, 42.052703], [-88.337278, 42.051628], [-88.336392, 42.051414], [-88.330987, 42.052353], [-88.321994, 42.051926], [-88.319362, 42.052201], [-88.317317, 42.052638], [-88.315482, 42.052634], [-88.31549, 42.051883], [-88.313906, 42.04969], [-88.311911, 42.049154], [-88.311879, 42.039762], [-88.32747, 42.041988], [-88.336861, 42.045116], [-88.337794, 42.04552], [-88.341144, 42.047723], [-88.341143, 42.049981]]]}}, {"type": "Feature", "properties": {"tract_fips": "17089850103"}, "geometry": {"type": "Polygon", "coordinates": [[[-88.354698, 42.103332], [-88.354454, 42.141035], [-88.347991, 42.139321], [-88.347216, 42.138976], [-88.346232, 42.138176], [-88.345593, 42.137217], [-88.345522, 42.133967], [-88.345246, 42.133419], [-88.339497, 42.127702], [-88.338127, 42.126555], [-88.335784, 42.125316], [-88.327159, 42.122543], [-88.324351, 42.120118], [-88.32125, 42.116867], [-88.310924, 42.111721], [-88.309116, 42.110639], [-88.306223, 42.108498], [-88.305016, 42.108135], [-88.293629, 42.107859], [-88.291658, 42.107608], [-88.288439, 42.108866], [-88.28705, 42.106883], [-88.286837, 42.106264], [-88.28386, 42.103939], [-88.285117, 42.103206], [-88.286896, 42.103195], [-88.286915, 42.10182], [-88.288457, 42.101803], [-88.287116, 42.100094], [-88.287007, 42.098113], [-88.296731, 42.099172], [-88.307857, 42.101045], [-88.31234, 42.101276], [-88.313333, 42.101581], [-88.314986, 42.102479], [-88.316858, 42.103063], [-88.33521, 42.103385], [-88.354698, 42.103332]]]}}, {"type": "Feature", "properties": {"tract_fips": "17031490902"}, "geometry": {"type": "Polygon", "coordinates": [[[-87.623523, 41.707165], [-87.606518, 41.707433], [-87.609012, 41.696444], [-87.610033, 41.696422], [-87.609234, 41.699611], [-87.620328, 41.699427], [-87.620237, 41.698091], [-87.622074, 41.698069], [-87.622128, 41.69989], [-87.623314, 41.699871], [-87.623523, 41.707165]]]}}, {"type": "Feature", "properties": {"tract_fips": "17031301801"}, "geometry": {"type": "Polygon", "coordinates": [[[-87.739198, 41.845473], [-87.731115, 41.847314], [-87.731043, 41.844163], [-87.731851, 41.844152], [-87.731836, 41.843696], [-87.731227, 41.843687], [-87.731083, 41.838648], [-87.731691, 41.83864], [-87.731638, 41.836802], [-87.739152, 41.836718], [-87.738908, 41.837137], [-87.739198, 41.845473]]]}}, {"type": "Feature", "properties": {"tract_fips": "17031700301"}, "geometry": {"type": "Polygon", "coordinates": [[[-87.741358, 41.749147], [-87.723137, 41.749481], [-87.723035, 41.746556], [-87.721815, 41.746579], [-87.721679, 41.742179], [-87.741104, 41.741897], [-87.741358, 41.749147]]]}}, {"type": "Feature", "properties": {"tract_fips": "17031301702"}, "geometry": {"type": "Polygon", "coordinates": [[[-87.72445, 41.840566], [-87.714693, 41.840722], [-87.714594, 41.837056], [-87.724351, 41.836882], [-87.72445, 41.840566]]]}}, {"type": "Feature", "properties": {"tract_fips": "17031700401"}, "geometry": {"type": "Polygon", "coordinates": [[[-87.721912, 41.749502], [-87.702394, 41.749774], [-87.702173, 41.741583], [-87.721649, 41.741267], [-87.721912, 41.749502]]]}}, {"type": "Feature", "properties": {"tract_fips": "17031803612"}, "geometry": {"type": "Polygon", "coordinates": [[[-88.016982, 42.153693], [-88.004466, 42.153645], [-88.004477, 42.144994], [-88.004839, 42.144843], [-88.004936, 42.144165], [-88.005123, 42.144012], [-88.005733, 42.144107], [-88.006422, 42.143775], [-88.007309, 42.143744], [-88.009244, 42.146057], [-88.013486, 42.150013], [-88.012983, 42.150021], [-88.016982, 42.153693]]]}}, {"type": "Feature", "properties": {"tract_fips": "17031803702"}, "geometry": {"type": "Polygon", "coordinates": [[[-88.063099, 42.095922], [-88.063106, 42.119468], [-88.043761, 42.110868], [-88.04379, 42.095813], [-88.063099, 42.095922]]]}}, {"type": "Feature", "properties": {"tract_fips": "17089852500"}, "geometry": {"type": "Polygon", "coordinates": [[[-88.310319, 41.865311], [-88.309741, 41.868033], [-88.308847, 41.869874], [-88.308038, 41.873535], [-88.307354, 41.875554], [-88.304922, 41.879133], [-88.303794, 41.881972], [-88.302944, 41.887275], [-88.301903, 41.890539], [-88.301936, 41.892416], [-88.302324, 41.896046], [-88.302921, 41.898248], [-88.29227, 41.898435], [-88.291322, 41.898575], [-88.289571, 41.898163], [-88.28751, 41.898862], [-88.286959, 41.898788], [-88.285913, 41.898194], [-88.284932, 41.89798], [-88.284039, 41.898073], [-88.281728, 41.898796], [-88.26241, 41.899234], [-88.262539, 41.862913], [-88.266191, 41.862684], [-88.270141, 41.862736], [-88.28536, 41.862317], [-88.293079, 41.862357], [-88.310187, 41.861935], [-88.310203, 41.865045], [-88.310319, 41.865311]]]}}, {"type": "Feature", "properties": {"tract_fips": "17031804713"}, "geometry": {"type": "Polygon", "coordinates": [[[-88.099434, 42.048568], [-88.099282, 42.058352], [-88.098177, 42.05846], [-88.095378, 42.059244], [-88.094646, 42.059073], [-88.092897, 42.058049], [-88.092129, 42.058769], [-88.090472, 42.057731], [-88.090172, 42.057273], [-88.090096, 42.056794], [-88.089399, 42.056896], [-88.087908, 42.057481], [-88.086671, 42.057516], [-88.084743, 42.057917], [-88.084556, 42.057919], [-88.083955, 42.056902], [-88.082326, 42.056922], [-88.082124, 42.057988], [-88.079581, 42.058083], [-88.079692, 42.049441], [-88.099434, 42.048568]]]}}, {"type": "Feature", "properties": {"tract_fips": "17031804309"}, "geometry": {"type": "Polygon", "coordinates": [[[-88.176011, 42.01217], [-88.175569, 42.013234], [-88.174847, 42.013825], [-88.17008, 42.015449], [-88.168774, 42.017211], [-88.167525, 42.016753], [-88.16689, 42.016694], [-88.165446, 42.017076], [-88.164018, 42.017774], [-88.163413, 42.017321], [-88.161637, 42.017053], [-88.157737, 42.016823], [-88.15319, 42.016839], [-88.150869, 42.016169], [-88.144728, 42.016142], [-88.144803, 42.005431], [-88.148963, 42.007016], [-88.153453, 42.008125], [-88.16397, 42.009746], [-88.176011, 42.01217]]]}}, {"type": "Feature", "properties": {"tract_fips": "17031804510"}, "geometry": {"type": "Polygon", "coordinates": [[[-88.166705, 41.995799], [-88.165684, 41.996378], [-88.1637, 41.996396], [-88.163648, 41.998942], [-88.154372, 41.99902], [-88.154289, 42.002488], [-88.154462, 42.006687], [-88.153953, 42.008225], [-88.148963, 42.007016], [-88.144803, 42.005431], [-88.144862, 41.995354], [-88.148843, 41.995484], [-88.160152, 41.995342], [-88.161331, 41.994866], [-88.162691, 41.993409], [-88.165719, 41.995063], [-88.166705, 41.995799]]]}}, {"type": "Feature", "properties": {"tract_fips": "17031837100"}, "geometry": {"type": "Polygon", "coordinates": [[[-87.706335, 41.888175], [-87.6967, 41.88831], [-87.687092, 41.888415], [-87.690059, 41.887771], [-87.690985, 41.8872], [-87.69133, 41.886749], [-87.691614, 41.885888], [-87.691592, 41.88443], [-87.692277, 41.884403], [-87.692231, 41.882941], [-87.692576, 41.882934], [-87.70617, 41.882794], [-87.706335, 41.888175]]]}}, {"type": "Feature", "properties": {"tract_fips": "17031837400"}, "geometry": {"type": "Polygon", "coordinates": [[[-87.696335, 41.882898], [-87.692231, 41.882941], [-87.692162, 41.881106], [-87.691505, 41.881113], [-87.691193, 41.869295], [-87.695979, 41.869233], [-87.696335, 41.882898]]]}}, {"type": "Feature", "properties": {"tract_fips": "17031837800"}, "geometry": {"type": "Polygon", "coordinates": [[[-87.692277, 41.884403], [-87.691592, 41.88443], [-87.691614, 41.885888], [-87.69133, 41.886749], [-87.690985, 41.8872], [-87.690059, 41.887771], [-87.686624, 41.88841], [-87.686487, 41.88862], [-87.676846, 41.88872], [-87.676642, 41.881314], [-87.692162, 41.881106], [-87.692277, 41.884403]]]}}, {"type": "Feature", "properties": {"tract_fips": "17031837300"}, "geometry": {"type": "Polygon", "coordinates": [[[-87.710782, 41.873628], [-87.701013, 41.873747], [-87.700869, 41.869189], [-87.705756, 41.869133], [-87.70579, 41.870053], [-87.71066, 41.870004], [-87.710782, 41.873628]]]}}, {"type": "Feature", "properties": {"tract_fips": "17031841500"}, "geometry": {"type": "Polygon", "coordinates": [[[-87.710543, 41.866349], [-87.705669, 41.866405], [-87.705456, 41.859084], [-87.702948, 41.859114], [-87.702939, 41.858841], [-87.710256, 41.856271], [-87.710543, 41.866349]]]}}, {"type": "Feature", "properties": {"tract_fips": "17031838700"}, "geometry": {"type": "Polygon", "coordinates": [[[-87.72517, 41.866172], [-87.715421, 41.86629], [-87.715206, 41.858974], [-87.724955, 41.858868], [-87.72517, 41.866172]]]}}, {"type": "Feature", "properties": {"tract_fips": "17197880602"}, "geometry": {"type": "Polygon", "coordinates": [[[-88.068879, 41.582698], [-88.066999, 41.589178], [-88.066037, 41.591567], [-88.065165, 41.595118], [-88.064889, 41.597023], [-88.055329, 41.597084], [-88.054035, 41.596631], [-88.053806, 41.597125], [-88.034249, 41.597607], [-88.033974, 41.597363], [-88.035743, 41.596502], [-88.047068, 41.587975], [-88.048338, 41.58749], [-88.049834, 41.587401], [-88.049731, 41.582638], [-88.064404, 41.582311], [-88.06815, 41.58252], [-88.068879, 41.582698]]]}}, {"type": "Feature", "properties": {"tract_fips": "17197881009"}, "geometry": {"type": "Polygon", "coordinates": [[[-88.02631, 41.59778], [-88.007263, 41.59823], [-88.005838, 41.554622], [-88.024932, 41.554192], [-88.02631, 41.59778]]]}}, {"type": "Feature", "properties": {"tract_fips": "17197883305"}, "geometry": {"type": "Polygon", "coordinates": [[[-88.232091, 41.430909], [-88.231862, 41.432633], [-88.231115, 41.434363], [-88.228252, 41.438435], [-88.227976, 41.439489], [-88.228128, 41.440698], [-88.228021, 41.441106], [-88.228396, 41.442541], [-88.227876, 41.443635], [-88.227914, 41.444135], [-88.22716, 41.446569], [-88.226961, 41.44806], [-88.227209, 41.448412], [-88.226639, 41.450096], [-88.225473, 41.450616], [-88.223752, 41.452539], [-88.222126, 41.453991], [-88.216853, 41.458076], [-88.215249, 41.459053], [-88.209585, 41.460847], [-88.205239, 41.463571], [-88.196576, 41.463708], [-88.19553, 41.44566], [-88.195121, 41.434642], [-88.217049, 41.434346], [-88.218342, 41.434919], [-88.225726, 41.431278], [-88.228515, 41.429648], [-88.230928, 41.427677], [-88.231786, 41.429449], [-88.232091, 41.430909]]]}}, {"type": "Feature", "properties": {"tract_fips": "17197883904"}, "geometry": {"type": "Polygon", "coordinates": [[[-87.902312, 41.381532], [-87.786184, 41.383082], [-87.78468, 41.295818], [-87.900349, 41.294295], [-87.901793, 41.352483], [-87.902312, 41.381532]]]}}, {"type": "Feature", "properties": {"tract_fips": "17197883903"}, "geometry": {"type": "Polygon", "coordinates": [[[-87.786184, 41.383082], [-87.670148, 41.383974], [-87.66938, 41.296778], [-87.78468, 41.295818], [-87.786184, 41.383082]]]}}, {"type": "Feature", "properties": {"tract_fips": "17031150501"}, "geometry": {"type": "Polygon", "coordinates": [[[-87.786931, 41.963371], [-87.786796, 41.963483], [-87.786772, 41.968427], [-87.778234, 41.968533], [-87.777268, 41.967649], [-87.777036, 41.960806], [-87.778254, 41.960789], [-87.778241, 41.960334], [-87.78044, 41.960303], [-87.781906, 41.960285], [-87.781921, 41.960737], [-87.786812, 41.960673], [-87.786931, 41.963371]]]}}, {"type": "Feature", "properties": {"tract_fips": "17031150401"}, "geometry": {"type": "Polygon", "coordinates": [[[-87.778234, 41.968533], [-87.767505, 41.96869], [-87.767243, 41.960484], [-87.775798, 41.960368], [-87.775813, 41.960824], [-87.777036, 41.960806], [-87.777268, 41.967649], [-87.778234, 41.968533]]]}}, {"type": "Feature", "properties": {"tract_fips": "17031150502"}, "geometry": {"type": "Polygon", "coordinates": [[[-87.786812, 41.960673], [-87.781921, 41.960737], [-87.781906, 41.960285], [-87.78044, 41.960303], [-87.778241, 41.960334], [-87.778254, 41.960789], [-87.777036, 41.960806], [-87.776775, 41.953056], [-87.786559, 41.952916], [-87.786812, 41.960673]]]}}, {"type": "Feature", "properties": {"tract_fips": "17031110502"}, "geometry": {"type": "Polygon", "coordinates": [[[-87.76756, 41.970329], [-87.765169, 41.971584], [-87.764132, 41.971655], [-87.765353, 41.973009], [-87.764707, 41.973321], [-87.762065, 41.973358], [-87.762049, 41.972897], [-87.760792, 41.972914], [-87.760805, 41.973366], [-87.760195, 41.973372], [-87.760176, 41.972919], [-87.75521, 41.972965], [-87.755194, 41.972505], [-87.752809, 41.972475], [-87.752635, 41.967967], [-87.76075, 41.967877], [-87.761355, 41.967595], [-87.767477, 41.967783], [-87.76756, 41.970329]]]}}, {"type": "Feature", "properties": {"tract_fips": "17031150402"}, "geometry": {"type": "Polygon", "coordinates": [[[-87.777036, 41.960806], [-87.775813, 41.960824], [-87.775798, 41.960368], [-87.767243, 41.960484], [-87.767, 41.953185], [-87.776775, 41.953056], [-87.777036, 41.960806]]]}}, {"type": "Feature", "properties": {"tract_fips": "17031140302"}, "geometry": {"type": "Polygon", "coordinates": [[[-87.728233, 41.975532], [-87.724174, 41.975575], [-87.723028, 41.974586], [-87.72185, 41.974134], [-87.719898, 41.973846], [-87.718384, 41.973092], [-87.718304, 41.970168], [-87.728081, 41.970064], [-87.728233, 41.975532]]]}}, {"type": "Feature", "properties": {"tract_fips": "17031140301"}, "geometry": {"type": "Polygon", "coordinates": [[[-87.728081, 41.970064], [-87.718304, 41.970168], [-87.718255, 41.968348], [-87.728028, 41.968242], [-87.728081, 41.970064]]]}}, {"type": "Feature", "properties": {"tract_fips": "17031700302"}, "geometry": {"type": "Polygon", "coordinates": [[[-87.741104, 41.741897], [-87.721679, 41.742179], [-87.721436, 41.734862], [-87.741067, 41.734524], [-87.740928, 41.736174], [-87.741104, 41.741897]]]}}, {"type": "Feature", "properties": {"tract_fips": "17031580501"}, "geometry": {"type": "Polygon", "coordinates": [[[-87.704331, 41.8172], [-87.70444, 41.82259], [-87.694627, 41.822786], [-87.694482, 41.81736], [-87.698171, 41.817288], [-87.698508, 41.817607], [-87.699397, 41.817064], [-87.699404, 41.817273], [-87.704331, 41.8172]]]}}, {"type": "Feature", "properties": {"tract_fips": "17031580502"}, "geometry": {"type": "Polygon", "coordinates": [[[-87.704331, 41.8172], [-87.699404, 41.817273], [-87.699397, 41.817064], [-87.698508, 41.817607], [-87.698171, 41.817288], [-87.694482, 41.81736], [-87.694315, 41.811913], [-87.704118, 41.811759], [-87.704331, 41.8172]]]}}, {"type": "Feature", "properties": {"tract_fips": "17031730201"}, "geometry": {"type": "Polygon", "coordinates": [[[-87.662961, 41.732189], [-87.653239, 41.732386], [-87.653231, 41.732181], [-87.653039, 41.732068], [-87.652619, 41.732068], [-87.652574, 41.730473], [-87.653182, 41.730465], [-87.652948, 41.721372], [-87.662684, 41.721265], [-87.662961, 41.732189]]]}}, {"type": "Feature", "properties": {"tract_fips": "17031301802"}, "geometry": {"type": "Polygon", "coordinates": [[[-87.731851, 41.844152], [-87.731043, 41.844163], [-87.731115, 41.847314], [-87.724685, 41.848774], [-87.724499, 41.84241], [-87.731188, 41.842321], [-87.731227, 41.843687], [-87.731836, 41.843696], [-87.731851, 41.844152]]]}}, {"type": "Feature", "properties": {"tract_fips": "17031440101"}, "geometry": {"type": "Polygon", "coordinates": [[[-87.605084, 41.745798], [-87.605215, 41.751286], [-87.597235, 41.751369], [-87.598068, 41.747697], [-87.597849, 41.747691], [-87.598269, 41.745867], [-87.598938, 41.745859], [-87.598895, 41.745407], [-87.599561, 41.745402], [-87.599574, 41.745853], [-87.605084, 41.745798]]]}}, {"type": "Feature", "properties": {"tract_fips": "17031301701"}, "geometry": {"type": "Polygon", "coordinates": [[[-87.724553, 41.844255], [-87.714787, 41.844385], [-87.714693, 41.840722], [-87.72445, 41.840566], [-87.724553, 41.844255]]]}}, {"type": "Feature", "properties": {"tract_fips": "17031804509"}, "geometry": {"type": "Polygon", "coordinates": [[[-88.176698, 42.010279], [-88.176011, 42.01217], [-88.163931, 42.009739], [-88.153953, 42.008225], [-88.154462, 42.006687], [-88.154289, 42.002488], [-88.154372, 41.99902], [-88.163648, 41.998942], [-88.1637, 41.996396], [-88.165684, 41.996378], [-88.166705, 41.995799], [-88.170896, 41.999826], [-88.172737, 42.000842], [-88.175494, 42.001651], [-88.173916, 42.005482], [-88.173822, 42.00615], [-88.173901, 42.006593], [-88.17428, 42.007203], [-88.176573, 42.009679], [-88.176698, 42.010279]]]}}, {"type": "Feature", "properties": {"tract_fips": "17031804511"}, "geometry": {"type": "Polygon", "coordinates": [[[-88.16266, 41.993491], [-88.161331, 41.994866], [-88.160152, 41.995342], [-88.148843, 41.995484], [-88.144862, 41.995354], [-88.144917, 41.990527], [-88.145101, 41.988242], [-88.149353, 41.988168], [-88.15258, 41.988444], [-88.158761, 41.991225], [-88.16266, 41.993491]]]}}, {"type": "Feature", "properties": {"tract_fips": "17031804609"}, "geometry": {"type": "Polygon", "coordinates": [[[-88.060781, 42.039464], [-88.060222, 42.041048], [-88.036077, 42.03798], [-88.031073, 42.036965], [-88.031315, 42.021595], [-88.031727, 42.021464], [-88.034365, 42.021408], [-88.035529, 42.021123], [-88.043495, 42.020888], [-88.045708, 42.020482], [-88.045582, 42.028655], [-88.050809, 42.028576], [-88.060313, 42.028141], [-88.060181, 42.037156], [-88.060781, 42.039464]]]}}, {"type": "Feature", "properties": {"tract_fips": "17031804608"}, "geometry": {"type": "Polygon", "coordinates": [[[-88.079914, 42.027308], [-88.079731, 42.045111], [-88.067558, 42.042262], [-88.060222, 42.041048], [-88.060783, 42.039403], [-88.060181, 42.037156], [-88.060313, 42.028141], [-88.079914, 42.027308]]]}}, {"type": "Feature", "properties": {"tract_fips": "17031839100"}, "geometry": {"type": "Polygon", "coordinates": [[[-87.638281, 41.880981], [-87.637796, 41.886122], [-87.637685, 41.886456], [-87.637328, 41.88672], [-87.635813, 41.887378], [-87.63477, 41.887514], [-87.628004, 41.887506], [-87.627545, 41.874552], [-87.636035, 41.874448], [-87.636171, 41.874903], [-87.637148, 41.876068], [-87.638185, 41.879707], [-87.638281, 41.880981]]]}}, {"type": "Feature", "properties": {"tract_fips": "17031833100"}, "geometry": {"type": "Polygon", "coordinates": [[[-87.666852, 41.881455], [-87.64736, 41.881778], [-87.647202, 41.876672], [-87.666739, 41.876351], [-87.666852, 41.881455]]]}}, {"type": "Feature", "properties": {"tract_fips": "17031838100"}, "geometry": {"type": "Polygon", "coordinates": [[[-87.67669, 41.883147], [-87.666945, 41.883298], [-87.666686, 41.874251], [-87.676456, 41.874043], [-87.67669, 41.883147]]]}}, {"type": "Feature", "properties": {"tract_fips": "17031833300"}, "geometry": {"type": "Polygon", "coordinates": [[[-87.656681, 41.866997], [-87.657003, 41.876519], [-87.651874, 41.876601], [-87.651766, 41.873189], [-87.651247, 41.872675], [-87.651046, 41.867087], [-87.656681, 41.866997]]]}}, {"type": "Feature", "properties": {"tract_fips": "17031838200"}, "geometry": {"type": "Polygon", "coordinates": [[[-87.68359, 41.866647], [-87.683781, 41.873927], [-87.666686, 41.874251], [-87.666414, 41.866855], [-87.68359, 41.866647]]]}}, {"type": "Feature", "properties": {"tract_fips": "17089850202"}, "geometry": {"type": "Polygon", "coordinates": [[[-88.257917, 42.104479], [-88.257882, 42.121058], [-88.257354, 42.120861], [-88.252497, 42.12083], [-88.248294, 42.119456], [-88.247611, 42.119605], [-88.243213, 42.11963], [-88.243242, 42.117819], [-88.241297, 42.117801], [-88.242114, 42.114754], [-88.242641, 42.114092], [-88.238316, 42.114009], [-88.238334, 42.106616], [-88.243349, 42.105601], [-88.253011, 42.105041], [-88.257917, 42.104479]]]}}, {"type": "Feature", "properties": {"tract_fips": "17089850201"}, "geometry": {"type": "Polygon", "coordinates": [[[-88.257882, 42.121058], [-88.257696, 42.132323], [-88.238346, 42.132288], [-88.238316, 42.114009], [-88.242641, 42.114092], [-88.242114, 42.114754], [-88.241297, 42.117801], [-88.243242, 42.117819], [-88.243213, 42.11963], [-88.248615, 42.119499], [-88.252497, 42.12083], [-88.257639, 42.120892], [-88.257882, 42.121058]]]}}, {"type": "Feature", "properties": {"tract_fips": "17089853004"}, "geometry": {"type": "Polygon", "coordinates": [[[-88.350418, 41.804617], [-88.350238, 41.806709], [-88.34938, 41.810257], [-88.323853, 41.810878], [-88.323997, 41.80974], [-88.323969, 41.80451], [-88.323263, 41.801797], [-88.322235, 41.799459], [-88.321507, 41.797321], [-88.320845, 41.796263], [-88.330233, 41.795653], [-88.349792, 41.795366], [-88.349797, 41.799002], [-88.350418, 41.804617]]]}}, {"type": "Feature", "properties": {"tract_fips": "17089854002"}, "geometry": {"type": "Polygon", "coordinates": [[[-88.375688, 41.744395], [-88.374724, 41.744538], [-88.33837, 41.745033], [-88.335916, 41.746344], [-88.330066, 41.743793], [-88.329665, 41.744286], [-88.329486, 41.745229], [-88.32752, 41.744397], [-88.328782, 41.742855], [-88.329834, 41.741231], [-88.331541, 41.737906], [-88.32662, 41.738123], [-88.327315, 41.736446], [-88.322654, 41.736637], [-88.322587, 41.732686], [-88.320189, 41.732689], [-88.320173, 41.730095], [-88.319541, 41.727938], [-88.319495, 41.723605], [-88.37532, 41.72261], [-88.375463, 41.742516], [-88.375688, 41.744395]]]}}, {"type": "Feature", "properties": {"tract_fips": "17089852201"}, "geometry": {"type": "Polygon", "coordinates": [[[-88.340391, 41.897722], [-88.339894, 41.902236], [-88.339915, 41.903736], [-88.333177, 41.90396], [-88.332942, 41.904771], [-88.333168, 41.905163], [-88.333293, 41.906068], [-88.332306, 41.90628], [-88.332421, 41.908169], [-88.324866, 41.908332], [-88.318093, 41.909322], [-88.317679, 41.907856], [-88.3138, 41.909019], [-88.310311, 41.906671], [-88.306975, 41.902927], [-88.304603, 41.898247], [-88.31998, 41.898275], [-88.321024, 41.898121], [-88.340391, 41.897722]]]}}, {"type": "Feature", "properties": {"tract_fips": "17089852904"}, "geometry": {"type": "Polygon", "coordinates": [[[-88.282335, 41.769165], [-88.277186, 41.769893], [-88.277795, 41.769685], [-88.262272, 41.772095], [-88.26212, 41.760446], [-88.266371, 41.760305], [-88.267869, 41.760071], [-88.274545, 41.757967], [-88.281495, 41.756318], [-88.281592, 41.766232], [-88.282335, 41.769165]]]}}, {"type": "Feature", "properties": {"tract_fips": "17089852403"}, "geometry": {"type": "Polygon", "coordinates": [[[-88.602566, 41.806847], [-88.602358, 41.814113], [-88.601438, 41.893899], [-88.601342, 41.908693], [-88.601474, 41.959479], [-88.601289, 41.981473], [-88.488805, 41.982494], [-88.477872, 41.982765], [-88.47774, 41.949496], [-88.4779, 41.94847], [-88.479492, 41.944901], [-88.479662, 41.943985], [-88.479282, 41.931939], [-88.47886, 41.927708], [-88.478129, 41.925351], [-88.473041, 41.916998], [-88.472545, 41.915674], [-88.472397, 41.913928], [-88.472322, 41.907128], [-88.472398, 41.89593], [-88.488351, 41.895617], [-88.488952, 41.860263], [-88.488648, 41.852032], [-88.488801, 41.850238], [-88.488974, 41.840958], [-88.48946, 41.804911], [-88.488889, 41.734294], [-88.489188, 41.721128], [-88.527583, 41.720587], [-88.53581, 41.72036], [-88.536081, 41.720246], [-88.537457, 41.720381], [-88.561192, 41.719959], [-88.601933, 41.719563], [-88.602205, 41.785861], [-88.602566, 41.806847]]]}}, {"type": "Feature", "properties": {"tract_fips": "17197880601"}, "geometry": {"type": "Polygon", "coordinates": [[[-88.049834, 41.587401], [-88.048338, 41.58749], [-88.047068, 41.587975], [-88.035743, 41.596502], [-88.034522, 41.597173], [-88.03263, 41.59761], [-88.02631, 41.59778], [-88.02579, 41.5833], [-88.049731, 41.582638], [-88.049834, 41.587401]]]}}, {"type": "Feature", "properties": {"tract_fips": "17197880414"}, "geometry": {"type": "Polygon", "coordinates": [[[-88.18121, 41.56908], [-88.18098, 41.57086], [-88.18048, 41.5725], [-88.172539, 41.572607], [-88.172529, 41.57224], [-88.171685, 41.572261], [-88.17155, 41.56902], [-88.161838, 41.56916], [-88.161151, 41.550983], [-88.180405, 41.550775], [-88.18121, 41.56908]]]}}, {"type": "Feature", "properties": {"tract_fips": "17197883209"}, "geometry": {"type": "Polygon", "coordinates": [[[-88.180405, 41.550775], [-88.161151, 41.550983], [-88.160598, 41.536452], [-88.180105, 41.536286], [-88.179864, 41.538263], [-88.180405, 41.550775]]]}}, {"type": "Feature", "properties": {"tract_fips": "17089851600"}, "geometry": {"type": "Polygon", "coordinates": [[[-88.301328, 42.028028], [-88.298248, 42.029384], [-88.293608, 42.032682], [-88.287857, 42.035133], [-88.289039, 42.036686], [-88.28787, 42.037217], [-88.28517, 42.033483], [-88.283149, 42.029893], [-88.284845, 42.029835], [-88.284807, 42.029021], [-88.284146, 42.029042], [-88.284095, 42.027458], [-88.281878, 42.027611], [-88.281173, 42.026386], [-88.279588, 42.026426], [-88.279447, 42.026315], [-88.279008, 42.025449], [-88.279104, 42.024222], [-88.277997, 42.024202], [-88.275895, 42.020322], [-88.278363, 42.020742], [-88.283506, 42.021963], [-88.285726, 42.022285], [-88.301315, 42.022513], [-88.301328, 42.028028]]]}}, {"type": "Feature", "properties": {"tract_fips": "17197881010"}, "geometry": {"type": "Polygon", "coordinates": [[[-88.007263, 41.59823], [-87.97836, 41.5989], [-87.977438, 41.5717], [-87.977106, 41.570731], [-87.976189, 41.570079], [-87.975386, 41.569883], [-87.946151, 41.570493], [-87.943569, 41.571022], [-87.943051, 41.556029], [-88.005838, 41.554622], [-88.007263, 41.59823]]]}}, {"type": "Feature", "properties": {"tract_fips": "17197881007"}, "geometry": {"type": "Polygon", "coordinates": [[[-87.97836, 41.5989], [-87.910461, 41.600302], [-87.91034, 41.598276], [-87.910477, 41.59469], [-87.909384, 41.563244], [-87.909377, 41.556819], [-87.943051, 41.556029], [-87.943569, 41.571022], [-87.946151, 41.570493], [-87.975386, 41.569883], [-87.976532, 41.570251], [-87.977269, 41.570981], [-87.977438, 41.5717], [-87.97836, 41.5989]]]}}, {"type": "Feature", "properties": {"tract_fips": "17197883511"}, "geometry": {"type": "Polygon", "coordinates": [[[-87.811459, 41.533896], [-87.808179, 41.53391], [-87.806842, 41.533377], [-87.804802, 41.533411], [-87.80407, 41.533748], [-87.802266, 41.535591], [-87.80085, 41.536017], [-87.794153, 41.536109], [-87.792918, 41.53547], [-87.790402, 41.53547], [-87.790416, 41.51351], [-87.804862, 41.513559], [-87.804812, 41.520853], [-87.811381, 41.520844], [-87.811358, 41.523544], [-87.811116, 41.524717], [-87.811459, 41.533896]]]}}, {"type": "Feature", "properties": {"tract_fips": "17197883809"}, "geometry": {"type": "Polygon", "coordinates": [[[-87.670893, 41.445521], [-87.646605, 41.443581], [-87.631294, 41.444616], [-87.629869, 41.420616], [-87.628498, 41.402279], [-87.628123, 41.401363], [-87.6275, 41.400763], [-87.626879, 41.40042], [-87.624446, 41.39967], [-87.625826, 41.39636], [-87.626533, 41.39255], [-87.626538, 41.39059], [-87.62612, 41.38706], [-87.625489, 41.38435], [-87.670148, 41.383974], [-87.670893, 41.445521]]]}}, {"type": "Feature", "properties": {"tract_fips": "17197883810"}, "geometry": {"type": "Polygon", "coordinates": [[[-87.622972, 41.464251], [-87.621894, 41.464078], [-87.62172, 41.464329], [-87.620784, 41.464204], [-87.618423, 41.464293], [-87.620293, 41.469076], [-87.619912, 41.469072], [-87.620212, 41.469833], [-87.577103, 41.469993], [-87.5769, 41.457514], [-87.604137, 41.45721], [-87.604659, 41.457428], [-87.605631, 41.459139], [-87.606481, 41.460146], [-87.607427, 41.460633], [-87.608387, 41.460554], [-87.610664, 41.459347], [-87.611464, 41.459128], [-87.622906, 41.460149], [-87.622972, 41.464251]]]}}, {"type": "Feature", "properties": {"tract_fips": "17197880305"}, "geometry": {"type": "Polygon", "coordinates": [[[-88.186483, 41.710006], [-88.167067, 41.710457], [-88.166467, 41.694255], [-88.185903, 41.693648], [-88.186483, 41.710006]]]}}, {"type": "Feature", "properties": {"tract_fips": "17089852806"}, "geometry": {"type": "Polygon", "coordinates": [[[-88.301628, 41.814653], [-88.298784, 41.819578], [-88.298812, 41.827001], [-88.299125, 41.831837], [-88.299115, 41.834593], [-88.29896, 41.835208], [-88.299074, 41.842288], [-88.288102, 41.842349], [-88.287179, 41.842142], [-88.285386, 41.841354], [-88.284352, 41.84116], [-88.282646, 41.841147], [-88.281336, 41.84063], [-88.276658, 41.840579], [-88.275006, 41.84001], [-88.273264, 41.839875], [-88.271119, 41.840141], [-88.26692, 41.840273], [-88.264687, 41.841248], [-88.262711, 41.840976], [-88.26279, 41.812132], [-88.27405, 41.811993], [-88.283743, 41.81163], [-88.293674, 41.81165], [-88.301603, 41.811362], [-88.301733, 41.814139], [-88.301628, 41.814653]]]}}, {"type": "Feature", "properties": {"tract_fips": "17031140702"}, "geometry": {"type": "Polygon", "coordinates": [[[-87.718196, 41.966529], [-87.713308, 41.966583], [-87.713261, 41.965103], [-87.708972, 41.965145], [-87.708989, 41.96558], [-87.708386, 41.965584], [-87.708248, 41.961187], [-87.71804, 41.961069], [-87.718196, 41.966529]]]}}, {"type": "Feature", "properties": {"tract_fips": "17031140602"}, "geometry": {"type": "Polygon", "coordinates": [[[-87.724386, 41.968281], [-87.718255, 41.968348], [-87.71804, 41.961069], [-87.724158, 41.960992], [-87.72417, 41.961433], [-87.723557, 41.961439], [-87.723568, 41.961855], [-87.723601, 41.962866], [-87.724213, 41.962859], [-87.72426, 41.964635], [-87.723637, 41.964642], [-87.723746, 41.967832], [-87.724354, 41.967826], [-87.724386, 41.968281]]]}}, {"type": "Feature", "properties": {"tract_fips": "17031140701"}, "geometry": {"type": "Polygon", "coordinates": [[[-87.718255, 41.968348], [-87.708472, 41.968452], [-87.708386, 41.965584], [-87.708989, 41.96558], [-87.708972, 41.965145], [-87.713261, 41.965103], [-87.713308, 41.966583], [-87.718196, 41.966529], [-87.718255, 41.968348]]]}}, {"type": "Feature", "properties": {"tract_fips": "17031160502"}, "geometry": {"type": "Polygon", "coordinates": [[[-87.717924, 41.95743], [-87.713026, 41.957496], [-87.713013, 41.957069], [-87.71049, 41.957072], [-87.708724, 41.957095], [-87.708735, 41.957549], [-87.708129, 41.957553], [-87.708015, 41.953915], [-87.717813, 41.953791], [-87.717924, 41.95743]]]}}, {"type": "Feature", "properties": {"tract_fips": "17031160602"}, "geometry": {"type": "Polygon", "coordinates": [[[-87.708129, 41.957553], [-87.698352, 41.9576], [-87.698483, 41.961249], [-87.694794, 41.961273], [-87.694356, 41.957726], [-87.694446, 41.953994], [-87.708015, 41.953915], [-87.708129, 41.957553]]]}}, {"type": "Feature", "properties": {"tract_fips": "17031151002"}, "geometry": {"type": "Polygon", "coordinates": [[[-87.752013, 41.946061], [-87.742361, 41.946185], [-87.742228, 41.942541], [-87.74296, 41.942532], [-87.742895, 41.940694], [-87.742192, 41.940716], [-87.742154, 41.938891], [-87.75179, 41.938764], [-87.752013, 41.946061]]]}}, {"type": "Feature", "properties": {"tract_fips": "17031151001"}, "geometry": {"type": "Polygon", "coordinates": [[[-87.756921, 41.946001], [-87.752013, 41.946061], [-87.75179, 41.938764], [-87.75669, 41.9387], [-87.756921, 41.946001]]]}}, {"type": "Feature", "properties": {"tract_fips": "17031190402"}, "geometry": {"type": "Polygon", "coordinates": [[[-87.776215, 41.938448], [-87.7665, 41.938575], [-87.766246, 41.931277], [-87.775966, 41.931139], [-87.776215, 41.938448]]]}}, {"type": "Feature", "properties": {"tract_fips": "17031431301"}, "geometry": {"type": "Polygon", "coordinates": [[[-87.566303, 41.755361], [-87.556128, 41.755489], [-87.552288, 41.751919], [-87.566233, 41.751728], [-87.566303, 41.755361]]]}}, {"type": "Feature", "properties": {"tract_fips": "17031431302"}, "geometry": {"type": "Polygon", "coordinates": [[[-87.56645, 41.762619], [-87.563295, 41.7627], [-87.56012, 41.759179], [-87.556128, 41.755489], [-87.566303, 41.755361], [-87.56645, 41.762619]]]}}, {"type": "Feature", "properties": {"tract_fips": "17031460302"}, "geometry": {"type": "Polygon", "coordinates": [[[-87.561386, 41.751795], [-87.554072, 41.751895], [-87.553975, 41.744622], [-87.55294, 41.744637], [-87.551799, 41.743994], [-87.551523, 41.742067], [-87.552601, 41.742823], [-87.561232, 41.742708], [-87.561386, 41.751795]]]}}, {"type": "Feature", "properties": {"tract_fips": "17031460301"}, "geometry": {"type": "Polygon", "coordinates": [[[-87.561232, 41.742708], [-87.552601, 41.742823], [-87.551523, 41.742067], [-87.551431, 41.737378], [-87.561154, 41.737259], [-87.561232, 41.742708]]]}}, {"type": "Feature", "properties": {"tract_fips": "17031700501"}, "geometry": {"type": "Polygon", "coordinates": [[[-87.702394, 41.749774], [-87.678239, 41.750167], [-87.678203, 41.74818], [-87.67836, 41.746532], [-87.677901, 41.74288], [-87.687715, 41.742735], [-87.687719, 41.742288], [-87.691776, 41.742222], [-87.695536, 41.742166], [-87.69554, 41.742607], [-87.698311, 41.742561], [-87.698305, 41.742102], [-87.702185, 41.742039], [-87.702394, 41.749774]]]}}, {"type": "Feature", "properties": {"tract_fips": "17031700502"}, "geometry": {"type": "Polygon", "coordinates": [[[-87.702185, 41.742039], [-87.698305, 41.742102], [-87.698311, 41.742561], [-87.69554, 41.742607], [-87.695536, 41.742166], [-87.691776, 41.742222], [-87.687719, 41.742288], [-87.687715, 41.742735], [-87.677901, 41.74288], [-87.677247, 41.741025], [-87.676862, 41.74037], [-87.67309, 41.73565], [-87.702124, 41.735203], [-87.702185, 41.742039]]]}}, {"type": "Feature", "properties": {"tract_fips": "17031812801"}, "geometry": {"type": "Polygon", "coordinates": [[[-87.804977, 41.886701], [-87.800148, 41.886734], [-87.799863, 41.879671], [-87.80472, 41.879641], [-87.804977, 41.886701]]]}}, {"type": "Feature", "properties": {"tract_fips": "17031812301"}, "geometry": {"type": "Polygon", "coordinates": [[[-87.80515, 41.891817], [-87.799135, 41.892055], [-87.798656, 41.891856], [-87.797597, 41.891932], [-87.797578, 41.891269], [-87.794588, 41.891325], [-87.794593, 41.891549], [-87.792772, 41.891579], [-87.79269, 41.888577], [-87.789585, 41.888478], [-87.789553, 41.886933], [-87.804977, 41.886701], [-87.80515, 41.891817]]]}}, {"type": "Feature", "properties": {"tract_fips": "17031813802"}, "geometry": {"type": "Polygon", "coordinates": [[[-87.758995, 41.851127], [-87.749175, 41.851269], [-87.748978, 41.844928], [-87.753952, 41.844744], [-87.753945, 41.845202], [-87.754083, 41.844746], [-87.758811, 41.844682], [-87.758995, 41.851127]]]}}, {"type": "Feature", "properties": {"tract_fips": "17031813701"}, "geometry": {"type": "Polygon", "coordinates": [[[-87.759206, 41.858502], [-87.749409, 41.858645], [-87.749175, 41.851269], [-87.758995, 41.851127], [-87.759206, 41.858502]]]}}, {"type": "Feature", "properties": {"tract_fips": "17031820603"}, "geometry": {"type": "Polygon", "coordinates": [[[-87.860822, 41.748209], [-87.858256, 41.750034], [-87.852665, 41.754578], [-87.845771, 41.761931], [-87.839458, 41.762074], [-87.838042, 41.761889], [-87.836131, 41.761907], [-87.825321, 41.762169], [-87.837658, 41.750331], [-87.841259, 41.747518], [-87.843522, 41.746305], [-87.845755, 41.746613], [-87.855421, 41.746486], [-87.858239, 41.747088], [-87.860822, 41.748209]]]}}, {"type": "Feature", "properties": {"tract_fips": "17031841100"}, "geometry": {"type": "Polygon", "coordinates": [[[-87.643958, 41.849471], [-87.643249, 41.849588], [-87.642508, 41.850021], [-87.639164, 41.854367], [-87.63745, 41.855142], [-87.636139, 41.856172], [-87.63562, 41.856668], [-87.635131, 41.857759], [-87.630226, 41.857779], [-87.630068, 41.852941], [-87.629352, 41.852952], [-87.629212, 41.847782], [-87.629444, 41.847621], [-87.629407, 41.846764], [-87.62915, 41.846641], [-87.629168, 41.845557], [-87.634608, 41.845515], [-87.634631, 41.846396], [-87.638248, 41.846333], [-87.63835, 41.84593], [-87.639728, 41.846299], [-87.6416, 41.846301], [-87.641546, 41.847238], [-87.642426, 41.84811], [-87.643352, 41.848607], [-87.643958, 41.849471]]]}}, {"type": "Feature", "properties": {"tract_fips": "17031840200"}, "geometry": {"type": "Polygon", "coordinates": [[[-87.658043, 41.847724], [-87.656768, 41.848252], [-87.653777, 41.847993], [-87.649678, 41.848279], [-87.646246, 41.849253], [-87.643958, 41.849471], [-87.643352, 41.848607], [-87.642426, 41.84811], [-87.641546, 41.847238], [-87.64158, 41.845393], [-87.646449, 41.845327], [-87.646278, 41.838046], [-87.649408, 41.838005], [-87.656693, 41.846508], [-87.658043, 41.847724]]]}}, {"type": "Feature", "properties": {"tract_fips": "17031841300"}, "geometry": {"type": "Polygon", "coordinates": [[[-87.687952, 41.852009], [-87.678293, 41.852137], [-87.67806, 41.844652], [-87.678144, 41.842494], [-87.677748, 41.841772], [-87.677849, 41.840724], [-87.678075, 41.840419], [-87.678152, 41.838055], [-87.677949, 41.837119], [-87.680646, 41.836788], [-87.687449, 41.834632], [-87.687618, 41.83837], [-87.687442, 41.84364], [-87.687799, 41.846008], [-87.687952, 41.852009]]]}}, {"type": "Feature", "properties": {"tract_fips": "17031840700"}, "geometry": {"type": "Polygon", "coordinates": [[[-87.699213, 41.855505], [-87.695569, 41.855552], [-87.695558, 41.85524], [-87.688171, 41.856915], [-87.687952, 41.852009], [-87.695446, 41.851902], [-87.695333, 41.847883], [-87.698697, 41.847864], [-87.69898, 41.848157], [-87.699213, 41.855505]]]}}, {"type": "Feature", "properties": {"tract_fips": "17031841700"}, "geometry": {"type": "Polygon", "coordinates": [[[-87.711203, 41.853551], [-87.703666, 41.853624], [-87.702877, 41.853802], [-87.702929, 41.855451], [-87.699213, 41.855505], [-87.699089, 41.851853], [-87.71089, 41.851645], [-87.711133, 41.8519], [-87.711203, 41.853551]]]}}, {"type": "Feature", "properties": {"tract_fips": "17197881108"}, "geometry": {"type": "Polygon", "coordinates": [[[-88.024932, 41.554192], [-87.967261, 41.555499], [-87.966713, 41.541035], [-87.966143, 41.538765], [-87.966347, 41.537127], [-87.980376, 41.533842], [-87.98315, 41.53274], [-87.985341, 41.531461], [-87.98752, 41.52961], [-87.989272, 41.527323], [-87.99014, 41.52542], [-87.991492, 41.521152], [-87.99277, 41.51907], [-87.994922, 41.517019], [-87.99645, 41.51604], [-87.99806, 41.51528], [-88.00106, 41.51439], [-88.003282, 41.514102], [-88.023596, 41.513662], [-88.024932, 41.554192]]]}}, {"type": "Feature", "properties": {"tract_fips": "17197881402"}, "geometry": {"type": "Polygon", "coordinates": [[[-88.121137, 41.551828], [-88.101791, 41.5523], [-88.101333, 41.537748], [-88.114835, 41.547404], [-88.121137, 41.551828]]]}}, {"type": "Feature", "properties": {"tract_fips": "17197883208"}, "geometry": {"type": "Polygon", "coordinates": [[[-88.161151, 41.550983], [-88.141807, 41.551183], [-88.141311, 41.536771], [-88.160598, 41.536452], [-88.161151, 41.550983]]]}}, {"type": "Feature", "properties": {"tract_fips": "17197881012"}, "geometry": {"type": "Polygon", "coordinates": [[[-87.949856, 41.614151], [-87.910999, 41.614899], [-87.910619, 41.601602], [-87.910461, 41.600302], [-87.94928, 41.599576], [-87.949856, 41.614151]]]}}, {"type": "Feature", "properties": {"tract_fips": "17197880307"}, "geometry": {"type": "Polygon", "coordinates": [[[-88.206298, 41.725251], [-88.186972, 41.725505], [-88.186483, 41.710006], [-88.205913, 41.709783], [-88.206298, 41.725251]]]}}, {"type": "Feature", "properties": {"tract_fips": "17197880309"}, "geometry": {"type": "Polygon", "coordinates": [[[-88.205913, 41.709783], [-88.186483, 41.710006], [-88.185446, 41.682991], [-88.185573, 41.680915], [-88.204735, 41.680655], [-88.205913, 41.709783]]]}}, {"type": "Feature", "properties": {"tract_fips": "17197880203"}, "geometry": {"type": "Polygon", "coordinates": [[[-88.09579, 41.654172], [-88.080271, 41.654711], [-88.080516, 41.653606], [-88.080448, 41.640102], [-88.095387, 41.639682], [-88.09579, 41.654172]]]}}, {"type": "Feature", "properties": {"tract_fips": "17197880114"}, "geometry": {"type": "Polygon", "coordinates": [[[-88.087308, 41.69076], [-88.068195, 41.691262], [-88.067933, 41.685219], [-88.086692, 41.675251], [-88.087308, 41.69076]]]}}, {"type": "Feature", "properties": {"tract_fips": "17197883605"}, "geometry": {"type": "Polygon", "coordinates": [[[-87.69014, 41.434731], [-87.690245, 41.446952], [-87.68565, 41.44664], [-87.680714, 41.445981], [-87.677503, 41.44584], [-87.6774, 41.438747], [-87.678024, 41.436942], [-87.682753, 41.437666], [-87.685154, 41.437575], [-87.687089, 41.436429], [-87.688514, 41.434981], [-87.689161, 41.434758], [-87.69014, 41.434731]]]}}, {"type": "Feature", "properties": {"tract_fips": "17031190602"}, "geometry": {"type": "Polygon", "coordinates": [[[-87.775966, 41.931139], [-87.766246, 41.931277], [-87.765991, 41.923981], [-87.775716, 41.923827], [-87.775732, 41.924283], [-87.775128, 41.924292], [-87.775233, 41.927492], [-87.775841, 41.927484], [-87.775857, 41.927937], [-87.775249, 41.927946], [-87.77534, 41.930689], [-87.775952, 41.930681], [-87.775966, 41.931139]]]}}, {"type": "Feature", "properties": {"tract_fips": "17031190401"}, "geometry": {"type": "Polygon", "coordinates": [[[-87.786031, 41.938317], [-87.776215, 41.938448], [-87.775966, 41.931139], [-87.785689, 41.931002], [-87.786031, 41.938317]]]}}, {"type": "Feature", "properties": {"tract_fips": "17031190702"}, "geometry": {"type": "Polygon", "coordinates": [[[-87.766131, 41.928085], [-87.758759, 41.928199], [-87.758776, 41.928652], [-87.756314, 41.928683], [-87.756146, 41.924107], [-87.765991, 41.923981], [-87.766131, 41.928085]]]}}, {"type": "Feature", "properties": {"tract_fips": "17031191302"}, "geometry": {"type": "Polygon", "coordinates": [[[-87.775716, 41.923827], [-87.765991, 41.923981], [-87.765745, 41.916624], [-87.77547, 41.916552], [-87.775515, 41.917911], [-87.774909, 41.917919], [-87.774937, 41.918946], [-87.774977, 41.91995], [-87.775592, 41.920163], [-87.77562, 41.921049], [-87.775011, 41.920928], [-87.775093, 41.923383], [-87.7757, 41.92337], [-87.775716, 41.923827]]]}}, {"type": "Feature", "properties": {"tract_fips": "17031190601"}, "geometry": {"type": "Polygon", "coordinates": [[[-87.785689, 41.931002], [-87.775966, 41.931139], [-87.775952, 41.930681], [-87.77534, 41.930689], [-87.775249, 41.927946], [-87.775857, 41.927937], [-87.775841, 41.927484], [-87.775233, 41.927492], [-87.775128, 41.924292], [-87.775732, 41.924283], [-87.775716, 41.923827], [-87.785443, 41.923678], [-87.785689, 41.931002]]]}}, {"type": "Feature", "properties": {"tract_fips": "17031191301"}, "geometry": {"type": "Polygon", "coordinates": [[[-87.785443, 41.923678], [-87.775716, 41.923827], [-87.7757, 41.92337], [-87.775093, 41.923383], [-87.775011, 41.920928], [-87.77562, 41.921049], [-87.775592, 41.920163], [-87.774977, 41.91995], [-87.774909, 41.917919], [-87.775515, 41.917911], [-87.77547, 41.916552], [-87.785226, 41.916452], [-87.785443, 41.923678]]]}}, {"type": "Feature", "properties": {"tract_fips": "17031200402"}, "geometry": {"type": "Polygon", "coordinates": [[[-87.73395, 41.918905], [-87.733339, 41.918905], [-87.733448, 41.922572], [-87.727075, 41.922645], [-87.726696, 41.921882], [-87.726615, 41.918994], [-87.724876, 41.919016], [-87.723906, 41.917198], [-87.733887, 41.91707], [-87.73395, 41.918905]]]}}, {"type": "Feature", "properties": {"tract_fips": "17031200401"}, "geometry": {"type": "Polygon", "coordinates": [[[-87.741578, 41.922532], [-87.733448, 41.922572], [-87.733339, 41.918905], [-87.73395, 41.918905], [-87.733887, 41.91707], [-87.741422, 41.916985], [-87.741578, 41.922532]]]}}, {"type": "Feature", "properties": {"tract_fips": "17031220902"}, "geometry": {"type": "Polygon", "coordinates": [[[-87.72701, 41.922645], [-87.726441, 41.922654], [-87.726738, 41.92331], [-87.726769, 41.924484], [-87.716994, 41.924603], [-87.716885, 41.920943], [-87.726667, 41.920825], [-87.726696, 41.921882], [-87.72701, 41.922645]]]}}, {"type": "Feature", "properties": {"tract_fips": "17031210501"}, "geometry": {"type": "Polygon", "coordinates": [[[-87.727185, 41.939095], [-87.717399, 41.939216], [-87.717278, 41.935091], [-87.71879, 41.936013], [-87.719174, 41.935661], [-87.7208, 41.936651], [-87.722161, 41.935483], [-87.72708, 41.935431], [-87.727185, 41.939095]]]}}, {"type": "Feature", "properties": {"tract_fips": "17031160601"}, "geometry": {"type": "Polygon", "coordinates": [[[-87.708248, 41.961187], [-87.698483, 41.961249], [-87.698352, 41.9576], [-87.708129, 41.957553], [-87.708248, 41.961187]]]}}, {"type": "Feature", "properties": {"tract_fips": "17031061901"}, "geometry": {"type": "Polygon", "coordinates": [[[-87.646148, 41.945502], [-87.64375, 41.946309], [-87.643397, 41.945634], [-87.641797, 41.94616], [-87.641577, 41.945765], [-87.643017, 41.945313], [-87.643002, 41.944529], [-87.641786, 41.944734], [-87.64137, 41.94336], [-87.641911, 41.943354], [-87.641805, 41.941719], [-87.642755, 41.941719], [-87.642695, 41.941161], [-87.641799, 41.941173], [-87.641791, 41.940546], [-87.641409, 41.940579], [-87.641385, 41.940089], [-87.6444, 41.940045], [-87.644485, 41.942728], [-87.646148, 41.945502]]]}}, {"type": "Feature", "properties": {"tract_fips": "17031840800"}, "geometry": {"type": "Polygon", "coordinates": [[[-87.70991, 41.84445], [-87.70504, 41.844518], [-87.704823, 41.837233], [-87.709714, 41.837145], [-87.70991, 41.84445]]]}}, {"type": "Feature", "properties": {"tract_fips": "17031081403"}, "geometry": {"type": "Polygon", "coordinates": [[[-87.624332, 41.889027], [-87.624195, 41.889864], [-87.624213, 41.893335], [-87.617738, 41.893447], [-87.617652, 41.890517], [-87.611554, 41.89056], [-87.611291, 41.889226], [-87.609505, 41.889241], [-87.609525, 41.890965], [-87.600928, 41.891058], [-87.600906, 41.891376], [-87.598569, 41.89138], [-87.598509, 41.892192], [-87.609789, 41.892074], [-87.609795, 41.893128], [-87.602351, 41.893277], [-87.602369, 41.896335], [-87.605654, 41.896239], [-87.605845, 41.896409], [-87.606793, 41.896377], [-87.606896, 41.896218], [-87.610247, 41.896192], [-87.612036, 41.893432], [-87.612543, 41.893119], [-87.613672, 41.893098], [-87.617241, 41.898069], [-87.618407, 41.900017], [-87.617052, 41.900132], [-87.599758, 41.897721], [-87.595863, 41.888111], [-87.609113, 41.888267], [-87.609247, 41.882334], [-87.616099, 41.882261], [-87.615703, 41.882442], [-87.614021, 41.882616], [-87.613327, 41.882933], [-87.612753, 41.883517], [-87.612725, 41.887927], [-87.613438, 41.887887], [-87.613911, 41.888081], [-87.613913, 41.888324], [-87.614171, 41.888397], [-87.619995, 41.888499], [-87.624332, 41.889027]]]}}, {"type": "Feature", "properties": {"tract_fips": "17031030702"}, "geometry": {"type": "Polygon", "coordinates": [[[-87.65514, 41.981879], [-87.654106, 41.981891], [-87.653779, 41.979834], [-87.655079, 41.979801], [-87.65514, 41.981879]]]}}, {"type": "Feature", "properties": {"tract_fips": "17031440102"}, "geometry": {"type": "Polygon", "coordinates": [[[-87.605084, 41.745798], [-87.599574, 41.745853], [-87.599561, 41.745402], [-87.598895, 41.745407], [-87.598938, 41.745859], [-87.598269, 41.745867], [-87.5987, 41.744047], [-87.597589, 41.740743], [-87.595308, 41.736783], [-87.604823, 41.736649], [-87.605084, 41.745798]]]}}, {"type": "Feature", "properties": {"tract_fips": "17031440202"}, "geometry": {"type": "Polygon", "coordinates": [[[-87.614819, 41.745638], [-87.614165, 41.745647], [-87.614129, 41.744274], [-87.612311, 41.744305], [-87.61235, 41.745678], [-87.611747, 41.745689], [-87.607508, 41.745759], [-87.607472, 41.744388], [-87.606257, 41.744408], [-87.606295, 41.745778], [-87.605084, 41.745798], [-87.604823, 41.736649], [-87.614528, 41.736503], [-87.614819, 41.745638]]]}}, {"type": "Feature", "properties": {"tract_fips": "17031824113"}, "geometry": {"type": "Polygon", "coordinates": [[[-87.91193, 41.643933], [-87.892621, 41.644274], [-87.892616, 41.63703], [-87.891447, 41.600671], [-87.910461, 41.600302], [-87.910619, 41.601602], [-87.91193, 41.643933]]]}}, {"type": "Feature", "properties": {"tract_fips": "17031825304"}, "geometry": {"type": "Polygon", "coordinates": [[[-87.812873, 41.578297], [-87.812816, 41.580137], [-87.793457, 41.580472], [-87.793242, 41.571498], [-87.812409, 41.563195], [-87.812873, 41.578297]]]}}, {"type": "Feature", "properties": {"tract_fips": "17031830008"}, "geometry": {"type": "Polygon", "coordinates": [[[-87.790303, 41.469846], [-87.79031, 41.491782], [-87.73225, 41.491761], [-87.732149, 41.469784], [-87.790303, 41.469846]]]}}, {"type": "Feature", "properties": {"tract_fips": "17031803012"}, "geometry": {"type": "Polygon", "coordinates": [[[-88.004598, 42.139129], [-88.004474, 42.148058], [-87.996359, 42.14781], [-87.993325, 42.147568], [-87.991489, 42.147636], [-87.990857, 42.147446], [-87.98986, 42.146689], [-87.989234, 42.146411], [-87.985448, 42.146376], [-87.985466, 42.145304], [-87.98512, 42.142703], [-87.985149, 42.139106], [-88.004598, 42.139129]]]}}, {"type": "Feature", "properties": {"tract_fips": "17031802607"}, "geometry": {"type": "Polygon", "coordinates": [[[-87.936793, 42.088029], [-87.936777, 42.109783], [-87.927097, 42.109742], [-87.927144, 42.087846], [-87.936793, 42.088029]]]}}, {"type": "Feature", "properties": {"tract_fips": "17031830500"}, "geometry": {"type": "Polygon", "coordinates": [[[-87.73881, 41.83292], [-87.739152, 41.836718], [-87.704823, 41.837233], [-87.704646, 41.829233], [-87.738535, 41.818574], [-87.73881, 41.83292]]]}}, {"type": "Feature", "properties": {"tract_fips": "17031840100"}, "geometry": {"type": "Polygon", "coordinates": [[[-87.6416, 41.846301], [-87.639728, 41.846299], [-87.63835, 41.84593], [-87.638291, 41.843617], [-87.636512, 41.843643], [-87.636376, 41.838173], [-87.641416, 41.838107], [-87.6416, 41.846301]]]}}, {"type": "Feature", "properties": {"tract_fips": "17031840400"}, "geometry": {"type": "Polygon", "coordinates": [[[-87.675441, 41.837112], [-87.668486, 41.837413], [-87.666513, 41.837968], [-87.664251, 41.839206], [-87.66323, 41.837612], [-87.663061, 41.83692], [-87.661711, 41.835377], [-87.659679, 41.833667], [-87.657589, 41.831489], [-87.657371, 41.83123], [-87.657326, 41.830601], [-87.67528, 41.83039], [-87.675441, 41.837112]]]}}, {"type": "Feature", "properties": {"tract_fips": "17031839200"}, "geometry": {"type": "Polygon", "coordinates": [[[-87.626961, 41.845585], [-87.617299, 41.845668], [-87.617123, 41.838423], [-87.626773, 41.838301], [-87.626961, 41.845585]]]}}, {"type": "Feature", "properties": {"tract_fips": "17031835500"}, "geometry": {"type": "Polygon", "coordinates": [[[-87.636354, 41.823583], [-87.629357, 41.823676], [-87.628916, 41.809185], [-87.635839, 41.809046], [-87.635996, 41.81635], [-87.635205, 41.816358], [-87.635232, 41.817263], [-87.635882, 41.818154], [-87.636036, 41.818152], [-87.636151, 41.821833], [-87.636354, 41.823583]]]}}, {"type": "Feature", "properties": {"tract_fips": "17197881011"}, "geometry": {"type": "Polygon", "coordinates": [[[-87.931057, 41.629104], [-87.91154, 41.629409], [-87.910999, 41.614899], [-87.930548, 41.614575], [-87.931057, 41.629104]]]}}, {"type": "Feature", "properties": {"tract_fips": "17197881116"}, "geometry": {"type": "Polygon", "coordinates": [[[-87.93698, 41.517284], [-87.932796, 41.517291], [-87.927912, 41.517696], [-87.927856, 41.517927], [-87.927551, 41.517879], [-87.927498, 41.517731], [-87.919037, 41.518433], [-87.914719, 41.518944], [-87.91256, 41.519632], [-87.909038, 41.521162], [-87.908237, 41.521706], [-87.90718, 41.491115], [-87.926503, 41.490781], [-87.927006, 41.50546], [-87.936618, 41.505329], [-87.93698, 41.517284]]]}}, {"type": "Feature", "properties": {"tract_fips": "17197883519"}, "geometry": {"type": "Polygon", "coordinates": [[[-87.909377, 41.556819], [-87.903637, 41.556944], [-87.901779, 41.556789], [-87.898435, 41.556829], [-87.895281, 41.557058], [-87.870786, 41.55734], [-87.870472, 41.553082], [-87.870254, 41.542692], [-87.879965, 41.54253], [-87.879793, 41.53736], [-87.886108, 41.534618], [-87.886515, 41.535096], [-87.886903, 41.535149], [-87.908683, 41.534775], [-87.909377, 41.556819]]]}}, {"type": "Feature", "properties": {"tract_fips": "17197883516"}, "geometry": {"type": "Polygon", "coordinates": [[[-87.907426, 41.498285], [-87.887552, 41.498538], [-87.883351, 41.498314], [-87.878472, 41.498366], [-87.878621, 41.502796], [-87.875177, 41.50359], [-87.871871, 41.505044], [-87.869989, 41.505664], [-87.86737, 41.506102], [-87.854014, 41.50627], [-87.849412, 41.506511], [-87.849658, 41.505453], [-87.850371, 41.504674], [-87.856676, 41.501785], [-87.858183, 41.500913], [-87.862107, 41.49771], [-87.866657, 41.493661], [-87.88063, 41.47426], [-87.882776, 41.470007], [-87.906436, 41.469589], [-87.907426, 41.498285]]]}}, {"type": "Feature", "properties": {"tract_fips": "17197881601"}, "geometry": {"type": "Polygon", "coordinates": [[[-88.141281, 41.536772], [-88.125227, 41.537145], [-88.124913, 41.529889], [-88.141011, 41.529492], [-88.141281, 41.536772]]]}}, {"type": "Feature", "properties": {"tract_fips": "17197882802"}, "geometry": {"type": "Polygon", "coordinates": [[[-88.141011, 41.529492], [-88.124913, 41.529889], [-88.124341, 41.511409], [-88.133878, 41.511067], [-88.136845, 41.510705], [-88.140211, 41.510022], [-88.141011, 41.529492]]]}}, {"type": "Feature", "properties": {"tract_fips": "17197883216"}, "geometry": {"type": "Polygon", "coordinates": [[[-88.218456, 41.535857], [-88.199214, 41.536059], [-88.198656, 41.521549], [-88.217938, 41.521338], [-88.218456, 41.535857]]]}}, {"type": "Feature", "properties": {"tract_fips": "17197880905"}, "geometry": {"type": "Polygon", "coordinates": [[[-88.106876, 41.559405], [-88.088521, 41.559849], [-88.088083, 41.552623], [-88.104283, 41.55223], [-88.104344, 41.553108], [-88.104948, 41.553107], [-88.10478, 41.553496], [-88.104935, 41.556348], [-88.10589, 41.557115], [-88.106797, 41.557161], [-88.106876, 41.559405]]]}}, {"type": "Feature", "properties": {"tract_fips": "17197881401"}, "geometry": {"type": "Polygon", "coordinates": [[[-88.101791, 41.5523], [-88.093268, 41.552461], [-88.078536, 41.552865], [-88.082715, 41.542057], [-88.083168, 41.542157], [-88.083377, 41.541865], [-88.088417, 41.5417], [-88.094203, 41.54157], [-88.094258, 41.543399], [-88.101503, 41.543191], [-88.101791, 41.5523]]]}}, {"type": "Feature", "properties": {"tract_fips": "17197882701"}, "geometry": {"type": "Polygon", "coordinates": [[[-88.115459, 41.530126], [-88.10113, 41.53055], [-88.100758, 41.521693], [-88.115085, 41.52128], [-88.115459, 41.530126]]]}}, {"type": "Feature", "properties": {"tract_fips": "17031804404"}, "geometry": {"type": "Polygon", "coordinates": [[[-88.263427, 42.03658], [-88.263408, 42.04641], [-88.230754, 42.046693], [-88.228267, 42.046446], [-88.221662, 42.045173], [-88.222953, 42.042314], [-88.227548, 42.038563], [-88.228041, 42.038334], [-88.261248, 42.037499], [-88.263427, 42.03658]]]}}, {"type": "Feature", "properties": {"tract_fips": "17197883517"}, "geometry": {"type": "Polygon", "coordinates": [[[-87.908683, 41.534775], [-87.889513, 41.535142], [-87.888972, 41.518232], [-87.889759, 41.518225], [-87.890298, 41.517762], [-87.890828, 41.517668], [-87.891434, 41.517651], [-87.891884, 41.517928], [-87.892964, 41.517608], [-87.894267, 41.516433], [-87.894452, 41.515822], [-87.895132, 41.515298], [-87.895039, 41.514309], [-87.895357, 41.514137], [-87.896306, 41.514064], [-87.897798, 41.512608], [-87.898245, 41.51239], [-87.900218, 41.512478], [-87.901409, 41.51299], [-87.902148, 41.513505], [-87.902514, 41.513507], [-87.90312, 41.513203], [-87.903711, 41.513735], [-87.904408, 41.514055], [-87.906332, 41.513849], [-87.907192, 41.513996], [-87.907707, 41.51431], [-87.908024, 41.514627], [-87.908683, 41.534775]]]}}, {"type": "Feature", "properties": {"tract_fips": "17089852101"}, "geometry": {"type": "Polygon", "coordinates": [[[-88.375861, 41.962677], [-88.375788, 41.984557], [-88.366807, 41.984696], [-88.360934, 41.984972], [-88.358851, 41.984877], [-88.340729, 41.985153], [-88.34055, 41.960809], [-88.341126, 41.956968], [-88.3404, 41.948605], [-88.340278, 41.940773], [-88.341228, 41.937038], [-88.341322, 41.933492], [-88.341148, 41.931771], [-88.340252, 41.929779], [-88.340153, 41.929251], [-88.339991, 41.917192], [-88.341895, 41.917213], [-88.341893, 41.917078], [-88.344688, 41.917221], [-88.34669, 41.917583], [-88.348712, 41.918202], [-88.363039, 41.924226], [-88.362951, 41.924335], [-88.364559, 41.925043], [-88.37544, 41.930838], [-88.375369, 41.935389], [-88.375573, 41.937468], [-88.375459, 41.941881], [-88.375607, 41.945951], [-88.375596, 41.953892], [-88.375861, 41.962677]]]}}, {"type": "Feature", "properties": {"tract_fips": "17089852805"}, "geometry": {"type": "Polygon", "coordinates": [[[-88.324598, 41.815402], [-88.323654, 41.817669], [-88.324043, 41.818319], [-88.323313, 41.820695], [-88.322886, 41.820953], [-88.320109, 41.825717], [-88.320502, 41.825718], [-88.320887, 41.825938], [-88.316591, 41.829485], [-88.315515, 41.830826], [-88.314042, 41.832255], [-88.313638, 41.832971], [-88.312989, 41.833183], [-88.310585, 41.836574], [-88.309995, 41.837729], [-88.309472, 41.840448], [-88.308722, 41.843248], [-88.308312, 41.844202], [-88.307003, 41.845779], [-88.306861, 41.846752], [-88.306206, 41.846618], [-88.301384, 41.846652], [-88.301385, 41.843335], [-88.299074, 41.842288], [-88.29896, 41.835208], [-88.299115, 41.834593], [-88.299125, 41.831837], [-88.298812, 41.827001], [-88.298765, 41.819799], [-88.298966, 41.819128], [-88.301628, 41.814653], [-88.301733, 41.814139], [-88.301603, 41.811362], [-88.323853, 41.810878], [-88.32416, 41.814361], [-88.324598, 41.815402]]]}}, {"type": "Feature", "properties": {"tract_fips": "17089850101"}, "geometry": {"type": "Polygon", "coordinates": [[[-88.277218, 42.139487], [-88.277284, 42.153971], [-88.265152, 42.153667], [-88.260859, 42.15402], [-88.257734, 42.154079], [-88.247839, 42.153627], [-88.238449, 42.154249], [-88.238346, 42.132288], [-88.257696, 42.132323], [-88.257795, 42.139575], [-88.27242, 42.139495], [-88.272517, 42.138829], [-88.273117, 42.138678], [-88.275139, 42.139492], [-88.277218, 42.139487]]]}}, {"type": "Feature", "properties": {"tract_fips": "17089854600"}, "geometry": {"type": "Polygon", "coordinates": [[[-88.297075, 42.045525], [-88.296518, 42.045441], [-88.296587, 42.050751], [-88.295904, 42.050853], [-88.2962, 42.05167], [-88.295813, 42.052715], [-88.295004, 42.053657], [-88.294067, 42.053839], [-88.293896, 42.054836], [-88.289073, 42.054794], [-88.288779, 42.054526], [-88.289779, 42.053726], [-88.28939, 42.053629], [-88.289178, 42.053785], [-88.286821, 42.053787], [-88.286833, 42.04551], [-88.285408, 42.045515], [-88.285403, 42.043726], [-88.278185, 42.043708], [-88.280179, 42.040782], [-88.275801, 42.040769], [-88.275852, 42.032946], [-88.276377, 42.032385], [-88.275129, 42.03119], [-88.276501, 42.03068], [-88.278742, 42.033146], [-88.281604, 42.03123], [-88.28169, 42.031637], [-88.282356, 42.032078], [-88.283577, 42.034185], [-88.285842, 42.036984], [-88.287201, 42.036457], [-88.28787, 42.037217], [-88.289039, 42.036686], [-88.292515, 42.041435], [-88.297075, 42.045525]]]}}, {"type": "Feature", "properties": {"tract_fips": "17063000400"}, "geometry": {"type": "Polygon", "coordinates": [[[-88.479415, 41.370647], [-88.428879, 41.371898], [-88.42776, 41.37205], [-88.421929, 41.373527], [-88.421504, 41.356736], [-88.421576, 41.353705], [-88.428253, 41.353493], [-88.429281, 41.353282], [-88.432965, 41.352249], [-88.435545, 41.350742], [-88.437705, 41.349894], [-88.439874, 41.349301], [-88.440607, 41.34925], [-88.440947, 41.352579], [-88.440983, 41.355246], [-88.440848, 41.356183], [-88.440996, 41.356341], [-88.44099, 41.3571], [-88.45002, 41.354403], [-88.454508, 41.353383], [-88.456745, 41.358228], [-88.478947, 41.354548], [-88.479077, 41.355069], [-88.478963, 41.355088], [-88.479415, 41.370647]]]}}, {"type": "Feature", "properties": {"tract_fips": "17063000800"}, "geometry": {"type": "Polygon", "coordinates": [[[-88.34299, 41.286504], [-88.246993, 41.288579], [-88.245324, 41.238096], [-88.255081, 41.230347], [-88.262283, 41.23034], [-88.322128, 41.229018], [-88.332393, 41.228737], [-88.33548, 41.228488], [-88.341425, 41.228565], [-88.34165, 41.23555], [-88.342479, 41.236354], [-88.342622, 41.237027], [-88.341779, 41.237948], [-88.341739, 41.238325], [-88.342053, 41.239525], [-88.341791, 41.240476], [-88.34299, 41.286504]]]}}, {"type": "Feature", "properties": {"tract_fips": "17063000500"}, "geometry": {"type": "Polygon", "coordinates": [[[-88.59004, 41.303464], [-88.588333, 41.304139], [-88.572224, 41.314659], [-88.561191, 41.320143], [-88.558798, 41.321611], [-88.554421, 41.323335], [-88.544569, 41.325507], [-88.53764, 41.326517], [-88.51471, 41.331143], [-88.502305, 41.332367], [-88.499612, 41.332996], [-88.498537, 41.333707], [-88.496502, 41.33621], [-88.495027, 41.337322], [-88.492135, 41.338329], [-88.490487, 41.338714], [-88.481848, 41.341905], [-88.478135, 41.342623], [-88.475616, 41.342938], [-88.469655, 41.343335], [-88.467072, 41.34409], [-88.46409, 41.345246], [-88.463363, 41.345743], [-88.45647, 41.347509], [-88.452319, 41.348387], [-88.444722, 41.349073], [-88.439874, 41.349301], [-88.437705, 41.349894], [-88.435545, 41.350742], [-88.432965, 41.352249], [-88.428253, 41.353493], [-88.420369, 41.353785], [-88.419836, 41.352946], [-88.419653, 41.352328], [-88.419663, 41.351832], [-88.420145, 41.351224], [-88.420004, 41.350967], [-88.41682, 41.351656], [-88.412168, 41.351582], [-88.410563, 41.352192], [-88.409535, 41.352947], [-88.408534, 41.352885], [-88.407824, 41.353166], [-88.407241, 41.353661], [-88.405949, 41.354017], [-88.40578, 41.354226], [-88.405841, 41.354398], [-88.405485, 41.354676], [-88.404255, 41.355369], [-88.403438, 41.355584], [-88.40195, 41.35629], [-88.400558, 41.357298], [-88.399197, 41.356565], [-88.397558, 41.356169], [-88.396888, 41.356139], [-88.395743, 41.356458], [-88.395211, 41.356243], [-88.395136, 41.355861], [-88.395342, 41.355279], [-88.39581, 41.354661], [-88.397061, 41.353683], [-88.397185, 41.353342], [-88.397101, 41.352993], [-88.395731, 41.352147], [-88.39284, 41.350905], [-88.392542, 41.350466], [-88.392684, 41.349619], [-88.392604, 41.34902], [-88.391803, 41.348366], [-88.390523, 41.348102], [-88.38788, 41.348438], [-88.384775, 41.348261], [-88.382332, 41.348636], [-88.381038, 41.348674], [-88.379578, 41.348479], [-88.378653, 41.348105], [-88.377967, 41.347306], [-88.377876, 41.346154], [-88.377522, 41.344952], [-88.37786, 41.344064], [-88.378766, 41.343401], [-88.380039, 41.343329], [-88.380932, 41.343574], [-88.383719, 41.346105], [-88.38419, 41.346252], [-88.384557, 41.34594], [-88.384559, 41.345515], [-88.384061, 41.344137], [-88.383588, 41.340566], [-88.382172, 41.339094], [-88.381512, 41.338702], [-88.378384, 41.338955], [-88.376066, 41.33838], [-88.375902, 41.338174], [-88.376111, 41.337826], [-88.376021, 41.337444], [-88.374305, 41.335387], [-88.372227, 41.333877], [-88.37148, 41.333908], [-88.370344, 41.334989], [-88.370017, 41.33512], [-88.367321, 41.334359], [-88.366269, 41.333876], [-88.365929, 41.333581], [-88.365777, 41.333175], [-88.366055, 41.331555], [-88.365836, 41.330108], [-88.365225, 41.328727], [-88.364008, 41.327201], [-88.363069, 41.326443], [-88.361618, 41.325692], [-88.357699, 41.324438], [-88.355404, 41.32241], [-88.354936, 41.322232], [-88.354225, 41.322254], [-88.352346, 41.323091], [-88.348404, 41.324087], [-88.347743, 41.324105], [-88.347304, 41.323844], [-88.34625, 41.322453], [-88.345831, 41.321012], [-88.345475, 41.320636], [-88.344823, 41.319146], [-88.344293, 41.318604], [-88.343657, 41.318539], [-88.341842, 41.319721], [-88.341181, 41.319697], [-88.340162, 41.319318], [-88.339531, 41.318748], [-88.339209, 41.318017], [-88.339532, 41.315004], [-88.339858, 41.313711], [-88.33964, 41.31201], [-88.339151, 41.311506], [-88.338036, 41.311217], [-88.337785, 41.310668], [-88.33828, 41.309569], [-88.338999, 41.308878], [-88.339669, 41.308489], [-88.340371, 41.308285], [-88.34272, 41.308167], [-88.344517, 41.307845], [-88.345957, 41.308056], [-88.348029, 41.309567], [-88.348976, 41.309949], [-88.350888, 41.310385], [-88.352444, 41.310532], [-88.353243, 41.310391], [-88.353641, 41.310088], [-88.354205, 41.308964], [-88.354624, 41.308576], [-88.355183, 41.308314], [-88.355937, 41.308273], [-88.356347, 41.308345], [-88.356758, 41.308964], [-88.357304, 41.309301], [-88.358018, 41.309497], [-88.360797, 41.309755], [-88.36266, 41.310813], [-88.362715, 41.30807], [-88.36254, 41.307899], [-88.357068, 41.308041], [-88.355704, 41.307779], [-88.354557, 41.308023], [-88.349085, 41.308194], [-88.348195, 41.308124], [-88.346898, 41.307673], [-88.344947, 41.307519], [-88.34343, 41.307636], [-88.34299, 41.286504], [-88.367113, 41.286093], [-88.429612, 41.284638], [-88.429884, 41.282643], [-88.429856, 41.277356], [-88.439116, 41.27709], [-88.439409, 41.276969], [-88.439182, 41.269791], [-88.448902, 41.269516], [-88.44934, 41.283696], [-88.44923, 41.284031], [-88.448857, 41.284389], [-88.449074, 41.291409], [-88.481163, 41.290595], [-88.480904, 41.283548], [-88.481215, 41.283341], [-88.514528, 41.283036], [-88.513693, 41.268289], [-88.588474, 41.267953], [-88.588695, 41.275294], [-88.59004, 41.303464]]]}}, {"type": "Feature", "properties": {"tract_fips": "17063000600"}, "geometry": {"type": "Polygon", "coordinates": [[[-88.588474, 41.267953], [-88.513693, 41.268289], [-88.514528, 41.283036], [-88.481043, 41.283375], [-88.480904, 41.283548], [-88.481163, 41.290595], [-88.449074, 41.291409], [-88.448857, 41.284389], [-88.44923, 41.284031], [-88.44934, 41.283696], [-88.448902, 41.269516], [-88.439182, 41.269791], [-88.439409, 41.276969], [-88.439116, 41.27709], [-88.429856, 41.277356], [-88.429884, 41.282643], [-88.429612, 41.284638], [-88.367113, 41.286093], [-88.34299, 41.286504], [-88.341791, 41.240476], [-88.342053, 41.239525], [-88.341739, 41.238325], [-88.341779, 41.237948], [-88.342622, 41.237027], [-88.342479, 41.236354], [-88.341718, 41.235719], [-88.3416, 41.234687], [-88.340489, 41.200748], [-88.339819, 41.188333], [-88.338977, 41.165693], [-88.339293, 41.164741], [-88.33894, 41.163625], [-88.338858, 41.162687], [-88.33683, 41.11222], [-88.4592, 41.10917], [-88.48492, 41.10865], [-88.5095, 41.10838], [-88.58624, 41.10828], [-88.586535, 41.162412], [-88.586871, 41.193104], [-88.58748, 41.229799], [-88.588474, 41.267953]]]}}, {"type": "Feature", "properties": {"tract_fips": "17197883504"}, "geometry": {"type": "Polygon", "coordinates": [[[-87.88276, 41.470039], [-87.88063, 41.47426], [-87.866657, 41.493661], [-87.858776, 41.500506], [-87.856676, 41.501785], [-87.850875, 41.504355], [-87.850158, 41.504853], [-87.849658, 41.505453], [-87.849412, 41.506511], [-87.849952, 41.523438], [-87.84547, 41.52311], [-87.839991, 41.521228], [-87.820713, 41.521658], [-87.820441, 41.513717], [-87.820301, 41.513558], [-87.819324, 41.513568], [-87.819357, 41.507353], [-87.824816, 41.506443], [-87.829059, 41.506385], [-87.829082, 41.469948], [-87.88276, 41.470039]]]}}, {"type": "Feature", "properties": {"tract_fips": "17197883803"}, "geometry": {"type": "Polygon", "coordinates": [[[-87.671212, 41.469768], [-87.648476, 41.469758], [-87.648479, 41.467383], [-87.653164, 41.467369], [-87.653047, 41.463487], [-87.655657, 41.457635], [-87.656647, 41.456712], [-87.671003, 41.456671], [-87.671212, 41.469768]]]}}, {"type": "Feature", "properties": {"tract_fips": "17031030604"}, "geometry": {"type": "Polygon", "coordinates": [[[-87.65673, 41.987331], [-87.655303, 41.987357], [-87.655325, 41.988093], [-87.648904, 41.988053], [-87.648855, 41.984231], [-87.652215, 41.983876], [-87.656609, 41.983683], [-87.65673, 41.987331]]]}}, {"type": "Feature", "properties": {"tract_fips": "17111871105"}, "geometry": {"type": "Polygon", "coordinates": [[[-88.374355, 42.240765], [-88.355054, 42.240752], [-88.35471, 42.204523], [-88.36432, 42.204485], [-88.36457, 42.218611], [-88.364342, 42.23339], [-88.365622, 42.233553], [-88.374191, 42.233516], [-88.374355, 42.240765]]]}}, {"type": "Feature", "properties": {"tract_fips": "17111871207"}, "geometry": {"type": "Polygon", "coordinates": [[[-88.354594, 42.19007], [-88.334632, 42.190357], [-88.330397, 42.19023], [-88.330281, 42.189177], [-88.330357, 42.175698], [-88.354512, 42.175709], [-88.354594, 42.19007]]]}}, {"type": "Feature", "properties": {"tract_fips": "17089854900"}, "geometry": {"type": "Polygon", "coordinates": [[[-88.315901, 41.998733], [-88.314317, 42.016371], [-88.313936, 42.018571], [-88.312069, 42.023478], [-88.311836, 42.029393], [-88.297952, 42.029574], [-88.301328, 42.028028], [-88.301315, 42.022513], [-88.285726, 42.022285], [-88.283506, 42.021963], [-88.278363, 42.020742], [-88.275549, 42.020291], [-88.275622, 42.019818], [-88.279086, 42.015648], [-88.28018, 42.012226], [-88.282813, 42.010451], [-88.285692, 42.008008], [-88.290273, 42.004783], [-88.291888, 42.003282], [-88.292956, 42.000562], [-88.294467, 41.997364], [-88.295414, 41.997482], [-88.295673, 41.997824], [-88.306966, 41.997728], [-88.308413, 41.998236], [-88.311813, 41.998248], [-88.312975, 41.998768], [-88.315901, 41.998733]]]}}, {"type": "Feature", "properties": {"tract_fips": "17089854800"}, "geometry": {"type": "Polygon", "coordinates": [[[-88.375748, 41.848131], [-88.375021, 41.897048], [-88.340391, 41.897722], [-88.340488, 41.852334], [-88.340121, 41.848743], [-88.35006, 41.848454], [-88.375748, 41.848131]]]}}, {"type": "Feature", "properties": {"tract_fips": "17197883304"}, "geometry": {"type": "Polygon", "coordinates": [[[-88.133141, 41.334709], [-88.127449, 41.33487], [-88.127841, 41.345073], [-88.127299, 41.345805], [-88.126382, 41.34605], [-88.118363, 41.346206], [-88.114384, 41.345929], [-88.11449, 41.348051], [-88.103962, 41.352317], [-88.101675, 41.354925], [-88.095615, 41.352325], [-88.095983, 41.351252], [-88.095384, 41.349767], [-88.095277, 41.346056], [-88.082374, 41.346212], [-88.075873, 41.343445], [-88.075576, 41.335904], [-88.055911, 41.336407], [-88.05563, 41.33627], [-88.055582, 41.335725], [-88.045806, 41.335835], [-88.0326, 41.350023], [-88.031662, 41.350547], [-88.030538, 41.35174], [-88.027991, 41.353846], [-88.027037, 41.354926], [-88.020298, 41.365474], [-88.018097, 41.369267], [-88.015241, 41.37477], [-88.01181, 41.3806], [-87.999808, 41.38089], [-87.998661, 41.380254], [-87.902312, 41.381532], [-87.901793, 41.352483], [-87.900349, 41.294295], [-88.006293, 41.29255], [-88.106251, 41.291592], [-88.131603, 41.291151], [-88.133141, 41.334709]]]}}, {"type": "Feature", "properties": {"tract_fips": "17063000300"}, "geometry": {"type": "Polygon", "coordinates": [[[-88.422247, 41.383302], [-88.420911, 41.3834], [-88.420165, 41.383773], [-88.419855, 41.384276], [-88.419397, 41.385809], [-88.418313, 41.387035], [-88.414751, 41.389243], [-88.409154, 41.393025], [-88.403094, 41.396311], [-88.402574, 41.368281], [-88.403796, 41.366695], [-88.404101, 41.365962], [-88.406234, 41.362534], [-88.407391, 41.361398], [-88.410898, 41.359015], [-88.412464, 41.357699], [-88.421523, 41.357397], [-88.422247, 41.383302]]]}}, {"type": "Feature", "properties": {"tract_fips": "17063000900"}, "geometry": {"type": "Polygon", "coordinates": [[[-88.341425, 41.228565], [-88.33548, 41.228488], [-88.332393, 41.228737], [-88.322128, 41.229018], [-88.262283, 41.23034], [-88.255081, 41.230347], [-88.245324, 41.238096], [-88.243925, 41.194439], [-88.240889, 41.114383], [-88.28516, 41.11353], [-88.33683, 41.11222], [-88.338858, 41.162687], [-88.33894, 41.163625], [-88.339293, 41.164741], [-88.338977, 41.165693], [-88.339819, 41.188333], [-88.340489, 41.200748], [-88.341425, 41.228565]]]}}, {"type": "Feature", "properties": {"tract_fips": "17063000700"}, "geometry": {"type": "Polygon", "coordinates": [[[-88.420369, 41.353785], [-88.417725, 41.353934], [-88.414452, 41.354518], [-88.402281, 41.359606], [-88.398648, 41.360727], [-88.383219, 41.363616], [-88.381021, 41.364302], [-88.378249, 41.364856], [-88.374106, 41.365348], [-88.368171, 41.367363], [-88.361518, 41.36933], [-88.358684, 41.370354], [-88.348908, 41.375031], [-88.339193, 41.379335], [-88.334809, 41.381047], [-88.330617, 41.382355], [-88.328769, 41.383151], [-88.323544, 41.385835], [-88.319592, 41.387551], [-88.316136, 41.390211], [-88.315104, 41.390795], [-88.312392, 41.391635], [-88.306873, 41.392898], [-88.295056, 41.395947], [-88.290048, 41.398183], [-88.287328, 41.399607], [-88.285063, 41.399943], [-88.281551, 41.399983], [-88.276519, 41.399695], [-88.269455, 41.399599], [-88.268153, 41.399397], [-88.267231, 41.399059], [-88.265183, 41.398179], [-88.263231, 41.396871], [-88.261255, 41.395051], [-88.259965, 41.393101], [-88.258719, 41.3923], [-88.254686, 41.390315], [-88.252238, 41.388735], [-88.249583, 41.387572], [-88.248938, 41.368366], [-88.248857, 41.360507], [-88.248044, 41.333167], [-88.247971, 41.325108], [-88.246993, 41.288579], [-88.34299, 41.286504], [-88.34343, 41.307636], [-88.344947, 41.307519], [-88.346898, 41.307673], [-88.348195, 41.308124], [-88.349085, 41.308194], [-88.354557, 41.308023], [-88.355704, 41.307779], [-88.357068, 41.308041], [-88.36254, 41.307899], [-88.362715, 41.30807], [-88.36266, 41.310813], [-88.360797, 41.309755], [-88.358018, 41.309497], [-88.357304, 41.309301], [-88.356758, 41.308964], [-88.356347, 41.308345], [-88.355937, 41.308273], [-88.355183, 41.308314], [-88.354624, 41.308576], [-88.354205, 41.308964], [-88.353615, 41.310118], [-88.35316, 41.310425], [-88.352444, 41.310532], [-88.350562, 41.310331], [-88.348822, 41.309897], [-88.347687, 41.309375], [-88.346158, 41.308151], [-88.345279, 41.307893], [-88.343949, 41.307886], [-88.34272, 41.308167], [-88.341128, 41.308196], [-88.339669, 41.308489], [-88.338999, 41.308878], [-88.33828, 41.309569], [-88.337785, 41.310668], [-88.338036, 41.311217], [-88.339151, 41.311506], [-88.33964, 41.31201], [-88.339858, 41.313711], [-88.339532, 41.315004], [-88.339209, 41.318017], [-88.339404, 41.318559], [-88.339858, 41.319092], [-88.340562, 41.319511], [-88.341842, 41.319721], [-88.343657, 41.318539], [-88.344293, 41.318604], [-88.344823, 41.319146], [-88.345475, 41.320636], [-88.345831, 41.321012], [-88.34625, 41.322453], [-88.347304, 41.323844], [-88.347743, 41.324105], [-88.348404, 41.324087], [-88.352346, 41.323091], [-88.354225, 41.322254], [-88.354936, 41.322232], [-88.355404, 41.32241], [-88.357699, 41.324438], [-88.361618, 41.325692], [-88.363069, 41.326443], [-88.364008, 41.327201], [-88.365225, 41.328727], [-88.365836, 41.330108], [-88.366055, 41.331555], [-88.365777, 41.333175], [-88.365929, 41.333581], [-88.366269, 41.333876], [-88.367321, 41.334359], [-88.370017, 41.33512], [-88.370344, 41.334989], [-88.37148, 41.333908], [-88.372227, 41.333877], [-88.374305, 41.335387], [-88.376021, 41.337444], [-88.376111, 41.337826], [-88.375902, 41.338174], [-88.376223, 41.338461], [-88.378384, 41.338955], [-88.381129, 41.338689], [-88.381772, 41.338787], [-88.383588, 41.340566], [-88.384061, 41.344137], [-88.384559, 41.345515], [-88.384557, 41.34594], [-88.38419, 41.346252], [-88.383719, 41.346105], [-88.380932, 41.343574], [-88.380039, 41.343329], [-88.378853, 41.343372], [-88.377935, 41.343973], [-88.377522, 41.344952], [-88.377876, 41.346154], [-88.377967, 41.347306], [-88.378156, 41.347671], [-88.378653, 41.348105], [-88.379488, 41.348454], [-88.381038, 41.348674], [-88.382332, 41.348636], [-88.384775, 41.348261], [-88.38788, 41.348438], [-88.390469, 41.348103], [-88.39189, 41.348407], [-88.392604, 41.34902], [-88.392684, 41.349619], [-88.392542, 41.350466], [-88.39284, 41.350905], [-88.395731, 41.352147], [-88.397101, 41.352993], [-88.397185, 41.353342], [-88.397061, 41.353683], [-88.39581, 41.354661], [-88.395342, 41.355279], [-88.395152, 41.356146], [-88.395468, 41.3564], [-88.395982, 41.35644], [-88.396888, 41.356139], [-88.397558, 41.356169], [-88.399197, 41.356565], [-88.400243, 41.35723], [-88.400606, 41.357293], [-88.40195, 41.35629], [-88.403438, 41.355584], [-88.404255, 41.355369], [-88.405485, 41.354676], [-88.405841, 41.354398], [-88.40578, 41.354226], [-88.405949, 41.354017], [-88.407241, 41.353661], [-88.407824, 41.353166], [-88.408534, 41.352885], [-88.409535, 41.352947], [-88.410563, 41.352192], [-88.41245, 41.351545], [-88.41682, 41.351656], [-88.420004, 41.350967], [-88.420145, 41.351224], [-88.419663, 41.351832], [-88.419653, 41.352328], [-88.419836, 41.352946], [-88.420369, 41.353785]]]}}, {"type": "Feature", "properties": {"tract_fips": "17063000200"}, "geometry": {"type": "Polygon", "coordinates": [[[-88.595961, 41.457129], [-88.556237, 41.457575], [-88.481681, 41.457903], [-88.425136, 41.459329], [-88.365289, 41.460494], [-88.36515, 41.441037], [-88.364992, 41.436889], [-88.365151, 41.435815], [-88.365145, 41.433263], [-88.364859, 41.416588], [-88.36836, 41.415726], [-88.374576, 41.413255], [-88.375692, 41.412538], [-88.37783, 41.410528], [-88.380996, 41.408102], [-88.384063, 41.406239], [-88.383897, 41.404939], [-88.383591, 41.388471], [-88.383713, 41.388174], [-88.384659, 41.387472], [-88.402901, 41.387033], [-88.403094, 41.396311], [-88.409154, 41.393025], [-88.414751, 41.389243], [-88.418313, 41.387035], [-88.419397, 41.385809], [-88.419855, 41.384276], [-88.420165, 41.383773], [-88.420911, 41.3834], [-88.422247, 41.383302], [-88.422064, 41.373485], [-88.42776, 41.37205], [-88.428879, 41.371898], [-88.479415, 41.370647], [-88.478963, 41.355088], [-88.479077, 41.355069], [-88.478947, 41.354548], [-88.456745, 41.358228], [-88.454508, 41.353383], [-88.45002, 41.354403], [-88.44099, 41.3571], [-88.440996, 41.356341], [-88.440848, 41.356183], [-88.440983, 41.355246], [-88.440947, 41.352579], [-88.440607, 41.34925], [-88.444722, 41.349073], [-88.452319, 41.348387], [-88.45647, 41.347509], [-88.463363, 41.345743], [-88.46409, 41.345246], [-88.467072, 41.34409], [-88.469655, 41.343335], [-88.475616, 41.342938], [-88.478135, 41.342623], [-88.481848, 41.341905], [-88.490487, 41.338714], [-88.492135, 41.338329], [-88.495027, 41.337322], [-88.496502, 41.33621], [-88.498537, 41.333707], [-88.499612, 41.332996], [-88.502305, 41.332367], [-88.51471, 41.331143], [-88.53764, 41.326517], [-88.544569, 41.325507], [-88.554421, 41.323335], [-88.558798, 41.321611], [-88.561191, 41.320143], [-88.572224, 41.314659], [-88.588333, 41.304139], [-88.59004, 41.303464], [-88.593704, 41.373035], [-88.595155, 41.418222], [-88.595961, 41.457129]]]}}, {"type": "Feature", "properties": {"tract_fips": "17197883307"}, "geometry": {"type": "Polygon", "coordinates": [[[-88.138353, 41.4647], [-88.099053, 41.465923], [-88.022102, 41.467664], [-88.019557, 41.394956], [-88.038779, 41.394449], [-88.099172, 41.393424], [-88.099163, 41.393303], [-88.11433, 41.392948], [-88.114416, 41.393149], [-88.115898, 41.393117], [-88.116097, 41.392911], [-88.116286, 41.392976], [-88.127381, 41.378426], [-88.134896, 41.378247], [-88.137273, 41.434643], [-88.138353, 41.4647]]]}}, {"type": "Feature", "properties": {"tract_fips": "17197880408"}, "geometry": {"type": "Polygon", "coordinates": [[[-88.16369, 41.62959], [-88.16316, 41.63205], [-88.1623, 41.63388], [-88.16072, 41.63602], [-88.158319, 41.638092], [-88.145087, 41.638429], [-88.144542, 41.623837], [-88.16302, 41.62349], [-88.163636, 41.623593], [-88.16369, 41.62959]]]}}, {"type": "Feature", "properties": {"tract_fips": "17197883603"}, "geometry": {"type": "Polygon", "coordinates": [[[-87.709966, 41.469638], [-87.709839, 41.469762], [-87.671212, 41.469768], [-87.670893, 41.445521], [-87.680714, 41.445981], [-87.68565, 41.44664], [-87.692933, 41.447155], [-87.69572, 41.447091], [-87.701486, 41.446134], [-87.70915, 41.448148], [-87.709497, 41.448432], [-87.709606, 41.448759], [-87.709966, 41.469638]]]}}, {"type": "Feature", "properties": {"tract_fips": "17197883700"}, "geometry": {"type": "Polygon", "coordinates": [[[-87.646437, 41.462014], [-87.646398, 41.463273], [-87.645176, 41.463391], [-87.64494, 41.46356], [-87.644979, 41.469768], [-87.620212, 41.469833], [-87.619912, 41.469072], [-87.620293, 41.469076], [-87.618423, 41.464293], [-87.620784, 41.464204], [-87.62172, 41.464329], [-87.621894, 41.464078], [-87.622972, 41.464251], [-87.622906, 41.460149], [-87.630776, 41.460901], [-87.63754, 41.460616], [-87.646437, 41.462014]]]}}, {"type": "Feature", "properties": {"tract_fips": "17197883806"}, "geometry": {"type": "Polygon", "coordinates": [[[-87.57661, 41.43567], [-87.577103, 41.469993], [-87.525705, 41.470283], [-87.525591, 41.461011], [-87.525948, 41.443917], [-87.525815, 41.433059], [-87.526169, 41.408025], [-87.526072, 41.404415], [-87.526218, 41.38529], [-87.544969, 41.385152], [-87.544888, 41.392401], [-87.545582, 41.436249], [-87.547185, 41.436308], [-87.551611, 41.436018], [-87.57661, 41.43567]]]}}, {"type": "Feature", "properties": {"tract_fips": "17031804804"}, "geometry": {"type": "Polygon", "coordinates": [[[-88.145101, 41.988242], [-88.144896, 41.991212], [-88.144803, 42.005431], [-88.143272, 42.005064], [-88.131851, 42.00339], [-88.110087, 42.004209], [-88.109603, 42.003361], [-88.109475, 42.002905], [-88.109568, 41.990445], [-88.109855, 41.989585], [-88.145101, 41.988242]]]}}, {"type": "Feature", "properties": {"tract_fips": "17197881005"}, "geometry": {"type": "Polygon", "coordinates": [[[-87.950869, 41.640946], [-87.950778, 41.643099], [-87.931454, 41.643535], [-87.930548, 41.614575], [-87.949856, 41.614151], [-87.950869, 41.640946]]]}}, {"type": "Feature", "properties": {"tract_fips": "17197883902"}, "geometry": {"type": "Polygon", "coordinates": [[[-87.670148, 41.383974], [-87.526218, 41.38529], [-87.526675, 41.32691], [-87.526731, 41.298052], [-87.66938, 41.296778], [-87.670148, 41.383974]]]}}, {"type": "Feature", "properties": {"tract_fips": "17197881002"}, "geometry": {"type": "Polygon", "coordinates": [[[-87.979988, 41.642236], [-87.979817, 41.642548], [-87.950778, 41.643099], [-87.950829, 41.639438], [-87.94928, 41.599576], [-87.97836, 41.5989], [-87.978955, 41.613461], [-87.974111, 41.613579], [-87.97466, 41.628132], [-87.979466, 41.628045], [-87.979988, 41.642236]]]}}, {"type": "Feature", "properties": {"tract_fips": "17197882900"}, "geometry": {"type": "Polygon", "coordinates": [[[-88.140211, 41.510022], [-88.136845, 41.510705], [-88.133082, 41.511127], [-88.102818, 41.512024], [-88.099274, 41.51281], [-88.097688, 41.512974], [-88.09565, 41.512781], [-88.091383, 41.511673], [-88.093658, 41.50895], [-88.09441, 41.50893], [-88.094714, 41.508312], [-88.097686, 41.506072], [-88.098759, 41.504883], [-88.098867, 41.503907], [-88.099408, 41.502894], [-88.100422, 41.501937], [-88.101708, 41.500349], [-88.102743, 41.49983], [-88.105337, 41.498966], [-88.108719, 41.497299], [-88.109741, 41.49707], [-88.110567, 41.497103], [-88.111092, 41.496913], [-88.11225, 41.496911], [-88.113938, 41.496527], [-88.117816, 41.494993], [-88.120231, 41.493187], [-88.120689, 41.492426], [-88.121973, 41.4914], [-88.122993, 41.490952], [-88.124879, 41.489346], [-88.125658, 41.488953], [-88.12639, 41.488218], [-88.126817, 41.487505], [-88.128981, 41.485694], [-88.138971, 41.48013], [-88.140211, 41.510022]]]}}, {"type": "Feature", "properties": {"tract_fips": "17031031502"}, "geometry": {"type": "Polygon", "coordinates": [[[-87.654787, 41.96543], [-87.650019, 41.965488], [-87.649912, 41.961843], [-87.654748, 41.961779], [-87.654787, 41.96543]]]}}, {"type": "Feature", "properties": {"tract_fips": "17031081402"}, "geometry": {"type": "Polygon", "coordinates": [[[-87.617738, 41.893447], [-87.614871, 41.893478], [-87.614138, 41.89371], [-87.613672, 41.893098], [-87.612543, 41.893119], [-87.612036, 41.893432], [-87.610247, 41.896192], [-87.606896, 41.896218], [-87.606793, 41.896377], [-87.605845, 41.896409], [-87.605654, 41.896239], [-87.602369, 41.896335], [-87.602351, 41.893277], [-87.609795, 41.893128], [-87.609789, 41.892074], [-87.598509, 41.892192], [-87.598569, 41.89138], [-87.600906, 41.891376], [-87.600928, 41.891058], [-87.609525, 41.890965], [-87.609505, 41.889241], [-87.611291, 41.889226], [-87.611554, 41.89056], [-87.617652, 41.890517], [-87.617738, 41.893447]]]}}, {"type": "Feature", "properties": {"tract_fips": "17031080201"}, "geometry": {"type": "Polygon", "coordinates": [[[-87.63323, 41.911164], [-87.628886, 41.911223], [-87.628785, 41.907799], [-87.631596, 41.907834], [-87.633121, 41.907696], [-87.63323, 41.911164]]]}}, {"type": "Feature", "properties": {"tract_fips": "17031760802"}, "geometry": {"type": "Polygon", "coordinates": [[[-87.861985, 41.973803], [-87.861932, 41.975161], [-87.861543, 41.975889], [-87.856117, 41.980703], [-87.855731, 41.981755], [-87.856369, 41.983628], [-87.846447, 41.983761], [-87.846427, 41.980078], [-87.848081, 41.97988], [-87.84989, 41.980315], [-87.850827, 41.980223], [-87.851369, 41.979953], [-87.851746, 41.979536], [-87.851957, 41.978854], [-87.851938, 41.978198], [-87.851499, 41.977363], [-87.851479, 41.976585], [-87.849947, 41.975382], [-87.849937, 41.973698], [-87.846493, 41.973706], [-87.84656, 41.966407], [-87.836685, 41.966597], [-87.836731, 41.949836], [-87.836433, 41.944761], [-87.835127, 41.944691], [-87.83481, 41.937576], [-87.849588, 41.937286], [-87.851525, 41.93884], [-87.851884, 41.939424], [-87.852209, 41.941114], [-87.853627, 41.944779], [-87.855166, 41.947934], [-87.855179, 41.94878], [-87.854117, 41.951328], [-87.847765, 41.951676], [-87.847392, 41.955758], [-87.857954, 41.955338], [-87.858399, 41.955772], [-87.858802, 41.956495], [-87.858801, 41.957444], [-87.855694, 41.96262], [-87.855762, 41.964497], [-87.854871, 41.965993], [-87.854772, 41.966486], [-87.855117, 41.968102], [-87.855062, 41.968669], [-87.854257, 41.970489], [-87.854102, 41.971224], [-87.854384, 41.971823], [-87.854891, 41.972296], [-87.85542, 41.972536], [-87.856315, 41.972417], [-87.858076, 41.971578], [-87.85878, 41.971462], [-87.859529, 41.971571], [-87.860924, 41.972332], [-87.861659, 41.97299], [-87.861985, 41.973803]]]}}, {"type": "Feature", "properties": {"tract_fips": "17031140601"}, "geometry": {"type": "Polygon", "coordinates": [[[-87.728028, 41.968242], [-87.724386, 41.968281], [-87.724354, 41.967826], [-87.723746, 41.967832], [-87.723637, 41.964642], [-87.72426, 41.964635], [-87.724213, 41.962859], [-87.723601, 41.962866], [-87.723557, 41.961439], [-87.72417, 41.961433], [-87.724158, 41.960992], [-87.727828, 41.960947], [-87.728028, 41.968242]]]}}, {"type": "Feature", "properties": {"tract_fips": "17031070102"}, "geometry": {"type": "Polygon", "coordinates": [[[-87.644886, 41.932801], [-87.641343, 41.93287], [-87.641239, 41.932526], [-87.641786, 41.93236], [-87.640869, 41.930856], [-87.641467, 41.930661], [-87.640634, 41.929242], [-87.639265, 41.929696], [-87.639228, 41.928665], [-87.641807, 41.927813], [-87.642866, 41.929621], [-87.643578, 41.930165], [-87.644686, 41.932041], [-87.644886, 41.932801]]]}}, {"type": "Feature", "properties": {"tract_fips": "17031210502"}, "geometry": {"type": "Polygon", "coordinates": [[[-87.72708, 41.935431], [-87.722161, 41.935483], [-87.7208, 41.936651], [-87.719174, 41.935661], [-87.71879, 41.936013], [-87.717278, 41.935091], [-87.717195, 41.931911], [-87.726979, 41.93179], [-87.72708, 41.935431]]]}}, {"type": "Feature", "properties": {"tract_fips": "17089851301"}, "geometry": {"type": "Polygon", "coordinates": [[[-88.280179, 42.040782], [-88.278784, 42.042862], [-88.269396, 42.042836], [-88.269342, 42.038416], [-88.26901, 42.038417], [-88.269034, 42.033738], [-88.269673, 42.033732], [-88.269623, 42.030825], [-88.272219, 42.031341], [-88.272763, 42.031595], [-88.272183, 42.030424], [-88.275263, 42.02933], [-88.276292, 42.030763], [-88.275129, 42.03119], [-88.276377, 42.032385], [-88.275852, 42.032946], [-88.275801, 42.040769], [-88.280179, 42.040782]]]}}, {"type": "Feature", "properties": {"tract_fips": "17089851302"}, "geometry": {"type": "Polygon", "coordinates": [[[-88.286835, 42.048119], [-88.275446, 42.048159], [-88.275446, 42.049025], [-88.273722, 42.049032], [-88.274408, 42.048166], [-88.270995, 42.048408], [-88.267697, 42.048435], [-88.267628, 42.042823], [-88.278784, 42.042862], [-88.278185, 42.043708], [-88.285403, 42.043726], [-88.285408, 42.045515], [-88.286833, 42.04551], [-88.286835, 42.048119]]]}}, {"type": "Feature", "properties": {"tract_fips": "17089854302"}, "geometry": {"type": "Polygon", "coordinates": [[[-88.312947, 41.737595], [-88.312149, 41.742676], [-88.301622, 41.741708], [-88.300986, 41.744917], [-88.300968, 41.745858], [-88.288139, 41.746038], [-88.288047, 41.739557], [-88.287816, 41.73786], [-88.28542, 41.732387], [-88.290843, 41.731956], [-88.290844, 41.732231], [-88.291028, 41.732231], [-88.291031, 41.731941], [-88.298284, 41.731455], [-88.29829, 41.733195], [-88.310452, 41.732891], [-88.310469, 41.737421], [-88.312947, 41.737595]]]}}, {"type": "Feature", "properties": {"tract_fips": "17089850106"}, "geometry": {"type": "Polygon", "coordinates": [[[-88.32117, 42.153865], [-88.3076, 42.153752], [-88.297016, 42.153937], [-88.28649, 42.153723], [-88.277284, 42.153971], [-88.277218, 42.139487], [-88.276208, 42.137619], [-88.276427, 42.137496], [-88.275882, 42.135267], [-88.275883, 42.133828], [-88.2761, 42.133535], [-88.276037, 42.132584], [-88.276844, 42.131459], [-88.289713, 42.117147], [-88.290585, 42.114848], [-88.290443, 42.112944], [-88.290015, 42.111303], [-88.288439, 42.108866], [-88.291658, 42.107608], [-88.293629, 42.107859], [-88.305016, 42.108135], [-88.306223, 42.108498], [-88.309116, 42.110639], [-88.315753, 42.114224], [-88.315903, 42.12357], [-88.316164, 42.124419], [-88.316366, 42.124974], [-88.318408, 42.128311], [-88.32044, 42.129747], [-88.320815, 42.130244], [-88.320867, 42.13057], [-88.32117, 42.153865]]]}}, {"type": "Feature", "properties": {"tract_fips": "17089851910"}, "geometry": {"type": "Polygon", "coordinates": [[[-88.376612, 42.065969], [-88.376076, 42.066918], [-88.374282, 42.067024], [-88.356785, 42.066825], [-88.335557, 42.067041], [-88.315949, 42.066943], [-88.315377, 42.057953], [-88.315482, 42.052634], [-88.317317, 42.052638], [-88.319362, 42.052201], [-88.321994, 42.051926], [-88.330987, 42.052353], [-88.336392, 42.051414], [-88.337278, 42.051628], [-88.3399, 42.052703], [-88.341143, 42.049981], [-88.341144, 42.047723], [-88.349563, 42.053433], [-88.351197, 42.05382], [-88.355878, 42.054472], [-88.365505, 42.055071], [-88.370631, 42.056262], [-88.376487, 42.0581], [-88.376612, 42.065969]]]}}, {"type": "Feature", "properties": {"tract_fips": "17089851908"}, "geometry": {"type": "Polygon", "coordinates": [[[-88.33937, 42.023117], [-88.338064, 42.030227], [-88.338128, 42.032204], [-88.320462, 42.026105], [-88.312069, 42.023478], [-88.313936, 42.018571], [-88.314596, 42.013771], [-88.315109, 42.006936], [-88.321425, 42.006758], [-88.326537, 42.007195], [-88.336191, 42.007028], [-88.336397, 42.016824], [-88.336787, 42.017917], [-88.338898, 42.020825], [-88.339318, 42.021942], [-88.33937, 42.023117]]]}}, {"type": "Feature", "properties": {"tract_fips": "17089853005"}, "geometry": {"type": "Polygon", "coordinates": [[[-88.375736, 41.777081], [-88.375479, 41.780917], [-88.3594, 41.781005], [-88.359342, 41.766458], [-88.359202, 41.763895], [-88.375701, 41.765281], [-88.375736, 41.777081]]]}}, {"type": "Feature", "properties": {"tract_fips": "17089854504"}, "geometry": {"type": "Polygon", "coordinates": [[[-88.489111, 41.763648], [-88.489386, 41.808469], [-88.488717, 41.808475], [-88.483443, 41.810425], [-88.480376, 41.807888], [-88.473685, 41.799773], [-88.466376, 41.805461], [-88.447701, 41.805592], [-88.435479, 41.805359], [-88.43193, 41.803906], [-88.428138, 41.802699], [-88.424961, 41.808961], [-88.407706, 41.808092], [-88.407956, 41.809609], [-88.405768, 41.810051], [-88.40151, 41.811542], [-88.396045, 41.812181], [-88.388287, 41.809861], [-88.386416, 41.809726], [-88.376107, 41.809888], [-88.375839, 41.801975], [-88.375391, 41.797344], [-88.375416, 41.795027], [-88.391283, 41.794867], [-88.393684, 41.795223], [-88.395564, 41.795838], [-88.396611, 41.795589], [-88.402063, 41.793569], [-88.403352, 41.792924], [-88.404434, 41.79222], [-88.406158, 41.790675], [-88.406807, 41.789854], [-88.407568, 41.788466], [-88.412301, 41.774626], [-88.412781, 41.77356], [-88.413865, 41.771843], [-88.415352, 41.770211], [-88.417832, 41.768312], [-88.420621, 41.766997], [-88.422227, 41.766468], [-88.425522, 41.765771], [-88.427943, 41.765603], [-88.46304, 41.765192], [-88.487069, 41.763543], [-88.489111, 41.763648]]]}}, {"type": "Feature", "properties": {"tract_fips": "17089852606"}, "geometry": {"type": "Polygon", "coordinates": [[[-88.340452, 41.859956], [-88.340401, 41.881252], [-88.333568, 41.880881], [-88.320898, 41.881235], [-88.320899, 41.88036], [-88.319481, 41.880252], [-88.318655, 41.879793], [-88.31751, 41.880394], [-88.316039, 41.88058], [-88.316008, 41.878395], [-88.310858, 41.87845], [-88.309468, 41.880308], [-88.30769, 41.880953], [-88.307036, 41.881623], [-88.303866, 41.881715], [-88.304922, 41.879133], [-88.307354, 41.875554], [-88.308038, 41.873535], [-88.308847, 41.869874], [-88.309741, 41.868033], [-88.310319, 41.865311], [-88.310203, 41.865045], [-88.31015, 41.860038], [-88.331652, 41.859851], [-88.340452, 41.859956]]]}}, {"type": "Feature", "properties": {"tract_fips": "17089852808"}, "geometry": {"type": "Polygon", "coordinates": [[[-88.34938, 41.810257], [-88.344626, 41.823319], [-88.344468, 41.824004], [-88.344745, 41.824033], [-88.344096, 41.827191], [-88.343917, 41.827177], [-88.343302, 41.830185], [-88.3427, 41.832264], [-88.342341, 41.83227], [-88.341059, 41.8338], [-88.340459, 41.835194], [-88.340149, 41.835167], [-88.340051, 41.846769], [-88.311698, 41.846938], [-88.309924, 41.847029], [-88.309032, 41.847312], [-88.307299, 41.846821], [-88.30727, 41.847453], [-88.307146, 41.847549], [-88.306964, 41.847413], [-88.306852, 41.84658], [-88.306969, 41.845864], [-88.308312, 41.844202], [-88.308722, 41.843248], [-88.309472, 41.840448], [-88.309995, 41.837729], [-88.310585, 41.836574], [-88.312989, 41.833183], [-88.313638, 41.832971], [-88.314042, 41.832255], [-88.315515, 41.830826], [-88.316591, 41.829485], [-88.320887, 41.825938], [-88.320502, 41.825718], [-88.320109, 41.825717], [-88.322886, 41.820953], [-88.323313, 41.820695], [-88.324043, 41.818319], [-88.323654, 41.817669], [-88.324598, 41.815402], [-88.32416, 41.814361], [-88.323853, 41.810878], [-88.339888, 41.810579], [-88.347302, 41.810218], [-88.34938, 41.810257]]]}}, {"type": "Feature", "properties": {"tract_fips": "17089852907"}, "geometry": {"type": "Polygon", "coordinates": [[[-88.314247, 41.782096], [-88.301654, 41.782153], [-88.301605, 41.782329], [-88.300193, 41.782394], [-88.29467, 41.785369], [-88.291752, 41.786632], [-88.288364, 41.787565], [-88.28194, 41.78863], [-88.281685, 41.772655], [-88.281715, 41.772113], [-88.28239, 41.770709], [-88.282335, 41.769165], [-88.291332, 41.76783], [-88.291374, 41.77612], [-88.294743, 41.774822], [-88.297844, 41.77478], [-88.2975, 41.775919], [-88.297459, 41.777906], [-88.297204, 41.779743], [-88.301492, 41.779695], [-88.301443, 41.77404], [-88.306492, 41.773967], [-88.306764, 41.773839], [-88.30554, 41.771041], [-88.306238, 41.770777], [-88.309803, 41.770764], [-88.309502, 41.773381], [-88.309746, 41.775669], [-88.3114, 41.778423], [-88.312447, 41.779119], [-88.312835, 41.779567], [-88.313785, 41.78153], [-88.314247, 41.782096]]]}}, {"type": "Feature", "properties": {"tract_fips": "17089853006"}, "geometry": {"type": "Polygon", "coordinates": [[[-88.3594, 41.781005], [-88.34979, 41.781109], [-88.349661, 41.763154], [-88.359202, 41.763895], [-88.359342, 41.766458], [-88.3594, 41.781005]]]}}, {"type": "Feature", "properties": {"tract_fips": "17089854301"}, "geometry": {"type": "Polygon", "coordinates": [[[-88.312149, 41.742676], [-88.310942, 41.750134], [-88.305325, 41.749649], [-88.291137, 41.748981], [-88.291136, 41.75097], [-88.288231, 41.750673], [-88.288139, 41.746038], [-88.300968, 41.745858], [-88.300986, 41.744917], [-88.301622, 41.741708], [-88.312149, 41.742676]]]}}, {"type": "Feature", "properties": {"tract_fips": "17089853007"}, "geometry": {"type": "Polygon", "coordinates": [[[-88.34979, 41.781109], [-88.330222, 41.781395], [-88.330058, 41.770479], [-88.349754, 41.770173], [-88.34979, 41.781109]]]}}, {"type": "Feature", "properties": {"tract_fips": "17089852803"}, "geometry": {"type": "Polygon", "coordinates": [[[-88.301629, 41.86206], [-88.293079, 41.862357], [-88.28536, 41.862317], [-88.270141, 41.862736], [-88.266191, 41.862684], [-88.262539, 41.862913], [-88.262711, 41.840976], [-88.264687, 41.841248], [-88.26692, 41.840273], [-88.271119, 41.840141], [-88.273264, 41.839875], [-88.275006, 41.84001], [-88.276658, 41.840579], [-88.281336, 41.84063], [-88.282646, 41.841147], [-88.284352, 41.84116], [-88.285386, 41.841354], [-88.287179, 41.842142], [-88.288102, 41.842349], [-88.299074, 41.842288], [-88.301385, 41.843335], [-88.301629, 41.86206]]]}}, {"type": "Feature", "properties": {"tract_fips": "17031540102"}, "geometry": {"type": "Polygon", "coordinates": [[[-87.618917, 41.6564], [-87.612322, 41.685433], [-87.604417, 41.685512], [-87.602755, 41.686072], [-87.601601, 41.686138], [-87.6019, 41.685062], [-87.601954, 41.684144], [-87.601733, 41.676896], [-87.601544, 41.675667], [-87.601024, 41.674339], [-87.600195, 41.673091], [-87.585199, 41.65566], [-87.589115, 41.655334], [-87.590458, 41.655703], [-87.592353, 41.655306], [-87.594041, 41.655812], [-87.594958, 41.655773], [-87.594987, 41.655937], [-87.596818, 41.655729], [-87.596968, 41.656227], [-87.597367, 41.65673], [-87.597967, 41.657131], [-87.598704, 41.657295], [-87.601971, 41.657197], [-87.607563, 41.657321], [-87.607571, 41.651856], [-87.612119, 41.651843], [-87.612337, 41.656051], [-87.613232, 41.656418], [-87.616918, 41.656335], [-87.617271, 41.655792], [-87.61728, 41.656834], [-87.618917, 41.6564]]]}}, {"type": "Feature", "properties": {"tract_fips": "17031700402"}, "geometry": {"type": "Polygon", "coordinates": [[[-87.721649, 41.741267], [-87.702173, 41.741583], [-87.702124, 41.735203], [-87.721436, 41.734862], [-87.721649, 41.741267]]]}}, {"type": "Feature", "properties": {"tract_fips": "17031830100"}, "geometry": {"type": "Polygon", "coordinates": [[[-87.701845, 41.499231], [-87.698161, 41.506164], [-87.679199, 41.506176], [-87.679205, 41.503976], [-87.674329, 41.50407], [-87.6743, 41.499029], [-87.692646, 41.499142], [-87.69837, 41.499031], [-87.698375, 41.499266], [-87.701845, 41.499231]]]}}, {"type": "Feature", "properties": {"tract_fips": "17031830201"}, "geometry": {"type": "Polygon", "coordinates": [[[-87.718203, 41.469734], [-87.713578, 41.478404], [-87.71299, 41.480089], [-87.713073, 41.499032], [-87.707125, 41.499031], [-87.703355, 41.499229], [-87.703346, 41.497631], [-87.70354, 41.497043], [-87.703072, 41.496141], [-87.703295, 41.4955], [-87.703228, 41.48239], [-87.702879, 41.477745], [-87.703148, 41.475374], [-87.703037, 41.469868], [-87.718203, 41.469734]]]}}, {"type": "Feature", "properties": {"tract_fips": "17031830300"}, "geometry": {"type": "Polygon", "coordinates": [[[-87.693596, 41.480612], [-87.693381, 41.481015], [-87.693396, 41.484495], [-87.691561, 41.484738], [-87.687271, 41.484504], [-87.684852, 41.484516], [-87.684062, 41.484653], [-87.68408, 41.488706], [-87.68382, 41.489337], [-87.682835, 41.490357], [-87.682576, 41.490842], [-87.682546, 41.494943], [-87.674274, 41.494937], [-87.674181, 41.474033], [-87.675922, 41.473871], [-87.677002, 41.474037], [-87.684151, 41.47682], [-87.68807, 41.477868], [-87.693596, 41.480612]]]}}, {"type": "Feature", "properties": {"tract_fips": "17031830400"}, "geometry": {"type": "Polygon", "coordinates": [[[-87.703234, 41.484369], [-87.701047, 41.484275], [-87.700043, 41.484005], [-87.691364, 41.479412], [-87.687917, 41.477811], [-87.684151, 41.47682], [-87.676807, 41.473976], [-87.675837, 41.473872], [-87.674181, 41.474033], [-87.674167, 41.469773], [-87.70314, 41.469784], [-87.703029, 41.46991], [-87.703148, 41.475374], [-87.702879, 41.477745], [-87.703234, 41.484369]]]}}, {"type": "Feature", "properties": {"tract_fips": "17031812700"}, "geometry": {"type": "Polygon", "coordinates": [[[-87.794463, 41.886887], [-87.784655, 41.88695], [-87.784457, 41.87997], [-87.794251, 41.879762], [-87.794463, 41.886887]]]}}, {"type": "Feature", "properties": {"tract_fips": "17031030800"}, "geometry": {"type": "Polygon", "coordinates": [[[-87.668757, 41.98349], [-87.660069, 41.983622], [-87.659866, 41.976323], [-87.668417, 41.976191], [-87.668272, 41.979732], [-87.668757, 41.98349]]]}}, {"type": "Feature", "properties": {"tract_fips": "17031031100"}, "geometry": {"type": "Polygon", "coordinates": [[[-87.668417, 41.976191], [-87.659866, 41.976323], [-87.65967, 41.969025], [-87.667497, 41.9689], [-87.668417, 41.976191]]]}}, {"type": "Feature", "properties": {"tract_fips": "17031811702"}, "geometry": {"type": "Polygon", "coordinates": [[[-87.920342, 41.921566], [-87.920288, 41.9313], [-87.884681, 41.93028], [-87.884523, 41.926448], [-87.891782, 41.926346], [-87.891644, 41.921812], [-87.909037, 41.921467], [-87.911156, 41.921703], [-87.913125, 41.921658], [-87.913727, 41.921335], [-87.919329, 41.921225], [-87.920342, 41.921566]]]}}, {"type": "Feature", "properties": {"tract_fips": "17031812100"}, "geometry": {"type": "Polygon", "coordinates": [[[-87.785092, 41.901289], [-87.78487, 41.901873], [-87.784193, 41.90188], [-87.784203, 41.90371], [-87.783574, 41.905588], [-87.783275, 41.905942], [-87.783355, 41.909169], [-87.7756, 41.909254], [-87.775192, 41.896533], [-87.784933, 41.896389], [-87.785092, 41.901289]]]}}, {"type": "Feature", "properties": {"tract_fips": "17031821800"}, "geometry": {"type": "Polygon", "coordinates": [[[-87.7117, 41.724269], [-87.687152, 41.724531], [-87.686926, 41.717262], [-87.697228, 41.717159], [-87.696862, 41.716278], [-87.696673, 41.713513], [-87.711356, 41.713314], [-87.7117, 41.724269]]]}}, {"type": "Feature", "properties": {"tract_fips": "17031821900"}, "geometry": {"type": "Polygon", "coordinates": [[[-87.711356, 41.713314], [-87.696673, 41.713513], [-87.696862, 41.716278], [-87.697228, 41.717159], [-87.686926, 41.717262], [-87.687034, 41.720894], [-87.682067, 41.72094], [-87.681843, 41.713672], [-87.691732, 41.713566], [-87.691535, 41.707218], [-87.701371, 41.707085], [-87.701325, 41.706186], [-87.711123, 41.706079], [-87.711356, 41.713314]]]}}, {"type": "Feature", "properties": {"tract_fips": "17031822000"}, "geometry": {"type": "Polygon", "coordinates": [[[-87.741208, 41.732755], [-87.741067, 41.734524], [-87.721436, 41.734862], [-87.721734, 41.731319], [-87.721654, 41.727788], [-87.738624, 41.727419], [-87.738661, 41.729177], [-87.741099, 41.729164], [-87.741208, 41.732755]]]}}, {"type": "Feature", "properties": {"tract_fips": "17031822101"}, "geometry": {"type": "Polygon", "coordinates": [[[-87.752006, 41.734334], [-87.741067, 41.734524], [-87.741188, 41.731855], [-87.740529, 41.712817], [-87.749033, 41.712652], [-87.749576, 41.727212], [-87.751773, 41.727173], [-87.752006, 41.734334]]]}}, {"type": "Feature", "properties": {"tract_fips": "17031828601"}, "geometry": {"type": "Polygon", "coordinates": [[[-87.674895, 41.550758], [-87.674847, 41.557205], [-87.654228, 41.557317], [-87.649247, 41.538763], [-87.66257, 41.5388], [-87.664397, 41.54133], [-87.664837, 41.542396], [-87.665117, 41.549719], [-87.674312, 41.549945], [-87.674718, 41.549634], [-87.674895, 41.550758]]]}}, {"type": "Feature", "properties": {"tract_fips": "17031828602"}, "geometry": {"type": "Polygon", "coordinates": [[[-87.654228, 41.557317], [-87.640945, 41.557374], [-87.640979, 41.54967], [-87.636044, 41.549642], [-87.635944, 41.538778], [-87.649247, 41.538763], [-87.654228, 41.557317]]]}}, {"type": "Feature", "properties": {"tract_fips": "17031828701"}, "geometry": {"type": "Polygon", "coordinates": [[[-87.640979, 41.54967], [-87.640945, 41.557374], [-87.625766, 41.557335], [-87.621294, 41.557538], [-87.612251, 41.55744], [-87.611961, 41.5411], [-87.61236, 41.539007], [-87.613732, 41.536376], [-87.623997, 41.520714], [-87.625774, 41.520709], [-87.625844, 41.528034], [-87.634595, 41.527797], [-87.635794, 41.527881], [-87.636044, 41.549642], [-87.640979, 41.54967]]]}}, {"type": "Feature", "properties": {"tract_fips": "17031828702"}, "geometry": {"type": "Polygon", "coordinates": [[[-87.623997, 41.520714], [-87.613732, 41.536376], [-87.61236, 41.539007], [-87.611961, 41.5411], [-87.612251, 41.55744], [-87.595192, 41.557618], [-87.592571, 41.557465], [-87.583692, 41.557472], [-87.583613, 41.552299], [-87.582676, 41.546915], [-87.582395, 41.527024], [-87.582092, 41.525233], [-87.581635, 41.523789], [-87.580109, 41.520806], [-87.623997, 41.520714]]]}}, {"type": "Feature", "properties": {"tract_fips": "17031822900"}, "geometry": {"type": "Polygon", "coordinates": [[[-87.799102, 41.7335], [-87.793998, 41.733586], [-87.793913, 41.731264], [-87.790075, 41.731335], [-87.789788, 41.723054], [-87.797396, 41.722912], [-87.79732, 41.72062], [-87.798172, 41.720901], [-87.798349, 41.722704], [-87.798757, 41.722858], [-87.799102, 41.7335]]]}}, {"type": "Feature", "properties": {"tract_fips": "17031031300"}, "geometry": {"type": "Polygon", "coordinates": [[[-87.654822, 41.96909], [-87.654993, 41.976396], [-87.650932, 41.9765], [-87.649597, 41.976827], [-87.647333, 41.977733], [-87.645655, 41.978132], [-87.634217, 41.969819], [-87.644201, 41.969814], [-87.649844, 41.969158], [-87.654822, 41.96909]]]}}, {"type": "Feature", "properties": {"tract_fips": "17031031900"}, "geometry": {"type": "Polygon", "coordinates": [[[-87.674078, 41.965169], [-87.666734, 41.965271], [-87.665954, 41.961635], [-87.673977, 41.961525], [-87.674078, 41.965169]]]}}, {"type": "Feature", "properties": {"tract_fips": "17031813500"}, "geometry": {"type": "Polygon", "coordinates": [[[-87.779048, 41.865392], [-87.772896, 41.865479], [-87.772497, 41.850925], [-87.778639, 41.850841], [-87.779048, 41.865392]]]}}, {"type": "Feature", "properties": {"tract_fips": "17031813600"}, "geometry": {"type": "Polygon", "coordinates": [[[-87.772597, 41.854526], [-87.768915, 41.85458], [-87.768967, 41.856404], [-87.764055, 41.856473], [-87.764105, 41.858355], [-87.759206, 41.858502], [-87.758995, 41.851127], [-87.772497, 41.850925], [-87.772597, 41.854526]]]}}, {"type": "Feature", "properties": {"tract_fips": "17031822102"}, "geometry": {"type": "Polygon", "coordinates": [[[-87.741099, 41.729164], [-87.738661, 41.729177], [-87.738624, 41.727419], [-87.721654, 41.727788], [-87.721243, 41.716817], [-87.726103, 41.716725], [-87.726039, 41.714904], [-87.73574, 41.71472], [-87.73575, 41.714953], [-87.740605, 41.714858], [-87.741099, 41.729164]]]}}, {"type": "Feature", "properties": {"tract_fips": "17031822200"}, "geometry": {"type": "Polygon", "coordinates": [[[-87.770363, 41.726936], [-87.760549, 41.72702], [-87.760749, 41.733372], [-87.760559, 41.734185], [-87.752006, 41.734334], [-87.751773, 41.727173], [-87.749576, 41.727212], [-87.749454, 41.723574], [-87.764003, 41.723296], [-87.765059, 41.722998], [-87.766059, 41.722402], [-87.768451, 41.719673], [-87.770137, 41.719673], [-87.770363, 41.726936]]]}}, {"type": "Feature", "properties": {"tract_fips": "17031822301"}, "geometry": {"type": "Polygon", "coordinates": [[[-87.780073, 41.723224], [-87.780323, 41.733179], [-87.779854, 41.733847], [-87.760559, 41.734185], [-87.760749, 41.733372], [-87.760549, 41.72702], [-87.77528, 41.726889], [-87.77516, 41.723263], [-87.780073, 41.723224]]]}}, {"type": "Feature", "properties": {"tract_fips": "17031822302"}, "geometry": {"type": "Polygon", "coordinates": [[[-87.780073, 41.723224], [-87.77516, 41.723263], [-87.77528, 41.726889], [-87.770363, 41.726936], [-87.770137, 41.719673], [-87.767686, 41.71968], [-87.767408, 41.71227], [-87.770982, 41.710653], [-87.774152, 41.708698], [-87.779512, 41.708652], [-87.779553, 41.709718], [-87.777595, 41.711437], [-87.779634, 41.711413], [-87.780073, 41.723224]]]}}, {"type": "Feature", "properties": {"tract_fips": "17031822500"}, "geometry": {"type": "Polygon", "coordinates": [[[-87.768451, 41.719673], [-87.766059, 41.722402], [-87.765059, 41.722998], [-87.764003, 41.723296], [-87.749454, 41.723574], [-87.749033, 41.712652], [-87.764822, 41.712443], [-87.766761, 41.712302], [-87.767411, 41.71242], [-87.767686, 41.71968], [-87.768451, 41.719673]]]}}, {"type": "Feature", "properties": {"tract_fips": "17031828900"}, "geometry": {"type": "Polygon", "coordinates": [[[-87.64418, 41.52061], [-87.640508, 41.520627], [-87.640602, 41.527881], [-87.634595, 41.527797], [-87.625844, 41.528034], [-87.625774, 41.520709], [-87.623997, 41.520714], [-87.633794, 41.505889], [-87.63513, 41.502505], [-87.635293, 41.498981], [-87.640118, 41.499024], [-87.641363, 41.508738], [-87.642381, 41.514038], [-87.64418, 41.52061]]]}}, {"type": "Feature", "properties": {"tract_fips": "17031828802"}, "geometry": {"type": "Polygon", "coordinates": [[[-87.652276, 41.538761], [-87.635944, 41.538778], [-87.635794, 41.527881], [-87.640602, 41.527881], [-87.640508, 41.520627], [-87.64418, 41.52061], [-87.647098, 41.53359], [-87.648614, 41.533273], [-87.651032, 41.533246], [-87.651055, 41.534095], [-87.651949, 41.536261], [-87.651989, 41.537381], [-87.652254, 41.538155], [-87.652276, 41.538761]]]}}, {"type": "Feature", "properties": {"tract_fips": "17031813900"}, "geometry": {"type": "Polygon", "coordinates": [[[-87.772497, 41.850925], [-87.763906, 41.85105], [-87.76372, 41.843695], [-87.768623, 41.843617], [-87.768585, 41.841799], [-87.7698, 41.841771], [-87.769757, 41.839981], [-87.772205, 41.839908], [-87.772497, 41.850925]]]}}, {"type": "Feature", "properties": {"tract_fips": "17031822601"}, "geometry": {"type": "Polygon", "coordinates": [[[-87.767473, 41.711774], [-87.767411, 41.71242], [-87.766761, 41.712302], [-87.764822, 41.712443], [-87.740529, 41.712817], [-87.74027, 41.70557], [-87.767055, 41.705091], [-87.767314, 41.711355], [-87.767473, 41.711774]]]}}, {"type": "Feature", "properties": {"tract_fips": "17031822701"}, "geometry": {"type": "Polygon", "coordinates": [[[-87.740605, 41.714858], [-87.73575, 41.714953], [-87.73574, 41.71472], [-87.726039, 41.714904], [-87.726103, 41.716725], [-87.721243, 41.716817], [-87.721036, 41.709523], [-87.73193, 41.709338], [-87.7323, 41.709064], [-87.737041, 41.708981], [-87.737358, 41.709029], [-87.737407, 41.709443], [-87.740415, 41.709394], [-87.740605, 41.714858]]]}}, {"type": "Feature", "properties": {"tract_fips": "17031822702"}, "geometry": {"type": "Polygon", "coordinates": [[[-87.740415, 41.709394], [-87.737407, 41.709443], [-87.737358, 41.709029], [-87.737041, 41.708981], [-87.7323, 41.709064], [-87.73193, 41.709338], [-87.721036, 41.709523], [-87.720759, 41.702225], [-87.740133, 41.701903], [-87.740415, 41.709394]]]}}, {"type": "Feature", "properties": {"tract_fips": "17031822801"}, "geometry": {"type": "Polygon", "coordinates": [[[-87.745013, 41.701819], [-87.740133, 41.701903], [-87.740001, 41.698244], [-87.730313, 41.698407], [-87.730073, 41.691141], [-87.744584, 41.690765], [-87.744672, 41.692563], [-87.744523, 41.692751], [-87.744526, 41.693365], [-87.744851, 41.693665], [-87.744719, 41.694487], [-87.745013, 41.701819]]]}}, {"type": "Feature", "properties": {"tract_fips": "17031823002"}, "geometry": {"type": "Polygon", "coordinates": [[[-87.77937, 41.704009], [-87.778999, 41.704144], [-87.769348, 41.698898], [-87.769357, 41.701556], [-87.769021, 41.701424], [-87.759648, 41.701571], [-87.75921, 41.690553], [-87.778832, 41.690398], [-87.77937, 41.704009]]]}}, {"type": "Feature", "properties": {"tract_fips": "17031814000"}, "geometry": {"type": "Polygon", "coordinates": [[[-87.778639, 41.850841], [-87.772497, 41.850925], [-87.772205, 41.839908], [-87.778349, 41.839814], [-87.778639, 41.850841]]]}}, {"type": "Feature", "properties": {"tract_fips": "17031814100"}, "geometry": {"type": "Polygon", "coordinates": [[[-87.77343, 41.839888], [-87.769782, 41.839956], [-87.7698, 41.841771], [-87.768585, 41.841799], [-87.768623, 41.843617], [-87.76372, 41.843695], [-87.763906, 41.85105], [-87.758995, 41.851127], [-87.758811, 41.844682], [-87.754083, 41.844746], [-87.753945, 41.845202], [-87.753752, 41.840863], [-87.766581, 41.836337], [-87.773339, 41.836232], [-87.77343, 41.839888]]]}}, {"type": "Feature", "properties": {"tract_fips": "17031814200"}, "geometry": {"type": "Polygon", "coordinates": [[[-87.753677, 41.838687], [-87.753952, 41.844744], [-87.748978, 41.844928], [-87.748972, 41.844649], [-87.748198, 41.8448], [-87.743724, 41.844872], [-87.739221, 41.845979], [-87.738908, 41.837137], [-87.739152, 41.836718], [-87.739162, 41.836322], [-87.73881, 41.83292], [-87.738654, 41.822132], [-87.74354, 41.822167], [-87.743605, 41.829316], [-87.753508, 41.829174], [-87.753677, 41.838687]]]}}, {"type": "Feature", "properties": {"tract_fips": "17031814300"}, "geometry": {"type": "Polygon", "coordinates": [[[-87.763547, 41.8374], [-87.753752, 41.840863], [-87.753508, 41.829174], [-87.763311, 41.829083], [-87.763547, 41.8374]]]}}, {"type": "Feature", "properties": {"tract_fips": "17031814400"}, "geometry": {"type": "Polygon", "coordinates": [[[-87.770876, 41.83627], [-87.766581, 41.836337], [-87.763547, 41.8374], [-87.763311, 41.829083], [-87.753508, 41.829174], [-87.753386, 41.821879], [-87.770436, 41.821638], [-87.770876, 41.83627]]]}}, {"type": "Feature", "properties": {"tract_fips": "17031823101"}, "geometry": {"type": "Polygon", "coordinates": [[[-87.797784, 41.6983], [-87.794183, 41.700135], [-87.789485, 41.703175], [-87.78915, 41.7028], [-87.788864, 41.697462], [-87.787889, 41.697482], [-87.788822, 41.696629], [-87.788221, 41.681018], [-87.797104, 41.680813], [-87.797784, 41.6983]]]}}, {"type": "Feature", "properties": {"tract_fips": "17031823302"}, "geometry": {"type": "Polygon", "coordinates": [[[-87.739108, 41.675345], [-87.738804, 41.677184], [-87.738827, 41.678921], [-87.731366, 41.672745], [-87.723872, 41.669283], [-87.709762, 41.669507], [-87.709528, 41.662236], [-87.708094, 41.662257], [-87.704528, 41.660707], [-87.704149, 41.651433], [-87.713849, 41.651233], [-87.718768, 41.651334], [-87.725023, 41.651804], [-87.725306, 41.651874], [-87.725445, 41.652155], [-87.727944, 41.652552], [-87.733099, 41.65378], [-87.738384, 41.655738], [-87.738498, 41.661739], [-87.739108, 41.675345]]]}}, {"type": "Feature", "properties": {"tract_fips": "17031823303"}, "geometry": {"type": "Polygon", "coordinates": [[[-87.739449, 41.683632], [-87.720065, 41.683967], [-87.719414, 41.669416], [-87.723872, 41.669283], [-87.731648, 41.67293], [-87.738827, 41.678921], [-87.738901, 41.680151], [-87.739362, 41.682086], [-87.739449, 41.683632]]]}}, {"type": "Feature", "properties": {"tract_fips": "17031823500"}, "geometry": {"type": "Polygon", "coordinates": [[[-87.687796, 41.658869], [-87.687354, 41.658886], [-87.687525, 41.662596], [-87.685098, 41.66264], [-87.685602, 41.677214], [-87.680696, 41.677257], [-87.680272, 41.663369], [-87.680122, 41.662503], [-87.680072, 41.655443], [-87.684806, 41.655365], [-87.684886, 41.65709], [-87.687357, 41.65705], [-87.687796, 41.658869]]]}}, {"type": "Feature", "properties": {"tract_fips": "17031814500"}, "geometry": {"type": "Polygon", "coordinates": [[[-87.778364, 41.839744], [-87.77343, 41.839888], [-87.773339, 41.836232], [-87.770876, 41.83627], [-87.770436, 41.821638], [-87.777803, 41.821525], [-87.778364, 41.839744]]]}}, {"type": "Feature", "properties": {"tract_fips": "17031814600"}, "geometry": {"type": "Polygon", "coordinates": [[[-87.791313, 41.865199], [-87.779048, 41.865392], [-87.778839, 41.858086], [-87.791096, 41.857908], [-87.791313, 41.865199]]]}}, {"type": "Feature", "properties": {"tract_fips": "17031814800"}, "geometry": {"type": "Polygon", "coordinates": [[[-87.803944, 41.857735], [-87.796141, 41.857833], [-87.795802, 41.850519], [-87.790891, 41.850597], [-87.790682, 41.843297], [-87.800505, 41.843148], [-87.801418, 41.842072], [-87.80333, 41.84099], [-87.803831, 41.851413], [-87.803944, 41.857735]]]}}, {"type": "Feature", "properties": {"tract_fips": "17031814900"}, "geometry": {"type": "Polygon", "coordinates": [[[-87.796086, 41.856005], [-87.783705, 41.856188], [-87.783547, 41.850765], [-87.795802, 41.850519], [-87.796086, 41.856005]]]}}, {"type": "Feature", "properties": {"tract_fips": "17031815000"}, "geometry": {"type": "Polygon", "coordinates": [[[-87.796141, 41.857833], [-87.778839, 41.858086], [-87.778639, 41.850841], [-87.783547, 41.850765], [-87.783705, 41.856188], [-87.796086, 41.856005], [-87.796141, 41.857833]]]}}, {"type": "Feature", "properties": {"tract_fips": "17031815100"}, "geometry": {"type": "Polygon", "coordinates": [[[-87.790891, 41.850597], [-87.778639, 41.850841], [-87.778536, 41.847127], [-87.783446, 41.847053], [-87.783342, 41.843397], [-87.790682, 41.843297], [-87.790891, 41.850597]]]}}, {"type": "Feature", "properties": {"tract_fips": "17031823602"}, "geometry": {"type": "Polygon", "coordinates": [[[-87.777641, 41.661066], [-87.749734, 41.661541], [-87.748336, 41.660622], [-87.738375, 41.655462], [-87.738082, 41.647163], [-87.777017, 41.646521], [-87.777641, 41.661066]]]}}, {"type": "Feature", "properties": {"tract_fips": "17031823604"}, "geometry": {"type": "Polygon", "coordinates": [[[-87.796887, 41.675325], [-87.793424, 41.675233], [-87.789035, 41.674781], [-87.788643, 41.664495], [-87.788233, 41.664499], [-87.788093, 41.660859], [-87.777641, 41.661066], [-87.777017, 41.646521], [-87.795708, 41.64623], [-87.796887, 41.675325]]]}}, {"type": "Feature", "properties": {"tract_fips": "17031823605"}, "geometry": {"type": "Polygon", "coordinates": [[[-87.796989, 41.677923], [-87.778159, 41.674082], [-87.766551, 41.670733], [-87.76253, 41.668732], [-87.749734, 41.661541], [-87.788093, 41.660859], [-87.788233, 41.664499], [-87.788643, 41.664495], [-87.789035, 41.674781], [-87.793424, 41.675233], [-87.796887, 41.675325], [-87.796989, 41.677923]]]}}, {"type": "Feature", "properties": {"tract_fips": "17031823702"}, "geometry": {"type": "Polygon", "coordinates": [[[-87.846842, 41.717964], [-87.817891, 41.718551], [-87.817317, 41.704008], [-87.846305, 41.703423], [-87.846842, 41.717964]]]}}, {"type": "Feature", "properties": {"tract_fips": "17031160501"}, "geometry": {"type": "Polygon", "coordinates": [[[-87.71804, 41.961069], [-87.708248, 41.961187], [-87.708129, 41.957553], [-87.708735, 41.957549], [-87.708724, 41.957095], [-87.71049, 41.957072], [-87.713013, 41.957069], [-87.713026, 41.957496], [-87.717924, 41.95743], [-87.71804, 41.961069]]]}}, {"type": "Feature", "properties": {"tract_fips": "17031815200"}, "geometry": {"type": "Polygon", "coordinates": [[[-87.793028, 41.839569], [-87.788135, 41.839659], [-87.788239, 41.843331], [-87.783342, 41.843397], [-87.783446, 41.847053], [-87.778536, 41.847127], [-87.778107, 41.832299], [-87.785382, 41.829767], [-87.785568, 41.835125], [-87.792842, 41.833495], [-87.793028, 41.839569]]]}}, {"type": "Feature", "properties": {"tract_fips": "17031815300"}, "geometry": {"type": "Polygon", "coordinates": [[[-87.80333, 41.84099], [-87.801418, 41.842072], [-87.800505, 41.843148], [-87.788239, 41.843331], [-87.788135, 41.839659], [-87.793028, 41.839569], [-87.792842, 41.833495], [-87.797658, 41.832412], [-87.798022, 41.839537], [-87.803271, 41.839466], [-87.80333, 41.84099]]]}}, {"type": "Feature", "properties": {"tract_fips": "17031815400"}, "geometry": {"type": "Polygon", "coordinates": [[[-87.803271, 41.839466], [-87.798022, 41.839537], [-87.797658, 41.832412], [-87.785568, 41.835125], [-87.785382, 41.829767], [-87.802676, 41.823715], [-87.803271, 41.839466]]]}}, {"type": "Feature", "properties": {"tract_fips": "17031815500"}, "geometry": {"type": "Polygon", "coordinates": [[[-87.802676, 41.823715], [-87.788907, 41.828555], [-87.778107, 41.832299], [-87.777803, 41.821525], [-87.802612, 41.821153], [-87.802676, 41.823715]]]}}, {"type": "Feature", "properties": {"tract_fips": "17031823704"}, "geometry": {"type": "Polygon", "coordinates": [[[-87.847466, 41.732564], [-87.828174, 41.732939], [-87.827871, 41.725642], [-87.837522, 41.72546], [-87.837247, 41.718198], [-87.846842, 41.717964], [-87.847466, 41.732564]]]}}, {"type": "Feature", "properties": {"tract_fips": "17031823705"}, "geometry": {"type": "Polygon", "coordinates": [[[-87.837522, 41.72546], [-87.827871, 41.725642], [-87.828174, 41.732939], [-87.818537, 41.733104], [-87.817891, 41.718551], [-87.837247, 41.718198], [-87.837522, 41.72546]]]}}, {"type": "Feature", "properties": {"tract_fips": "17031815800"}, "geometry": {"type": "Polygon", "coordinates": [[[-87.842344, 41.842527], [-87.842129, 41.842404], [-87.832635, 41.842595], [-87.832159, 41.837535], [-87.832182, 41.830714], [-87.831993, 41.826448], [-87.831679, 41.824155], [-87.831687, 41.820602], [-87.832407, 41.820712], [-87.841465, 41.820495], [-87.842344, 41.842527]]]}}, {"type": "Feature", "properties": {"tract_fips": "17031815900"}, "geometry": {"type": "Polygon", "coordinates": [[[-87.814716, 41.886867], [-87.804986, 41.886983], [-87.80472, 41.879641], [-87.81445, 41.879446], [-87.814716, 41.886867]]]}}, {"type": "Feature", "properties": {"tract_fips": "17031816000"}, "geometry": {"type": "Polygon", "coordinates": [[[-87.82874, 41.876056], [-87.827325, 41.879175], [-87.80472, 41.879641], [-87.80451, 41.873801], [-87.809193, 41.874201], [-87.811753, 41.874157], [-87.813742, 41.873867], [-87.817554, 41.872786], [-87.819671, 41.872374], [-87.825461, 41.872129], [-87.824854, 41.873913], [-87.824994, 41.874579], [-87.826187, 41.875493], [-87.828455, 41.8758], [-87.82874, 41.876056]]]}}, {"type": "Feature", "properties": {"tract_fips": "17031816200"}, "geometry": {"type": "Polygon", "coordinates": [[[-87.851205, 41.908141], [-87.838677, 41.90839], [-87.824511, 41.908562], [-87.824798, 41.9077], [-87.826024, 41.906701], [-87.827851, 41.905767], [-87.830755, 41.904799], [-87.832371, 41.903586], [-87.833496, 41.901554], [-87.834204, 41.898624], [-87.839643, 41.898331], [-87.844593, 41.89839], [-87.844546, 41.897098], [-87.850617, 41.896958], [-87.850745, 41.90063], [-87.850945, 41.90062], [-87.851205, 41.908141]]]}}, {"type": "Feature", "properties": {"tract_fips": "17031824507"}, "geometry": {"type": "Polygon", "coordinates": [[[-87.79416, 41.602284], [-87.755999, 41.602902], [-87.755497, 41.588337], [-87.79366, 41.587745], [-87.79416, 41.602284]]]}}, {"type": "Feature", "properties": {"tract_fips": "17031824602"}, "geometry": {"type": "Polygon", "coordinates": [[[-87.756484, 41.617583], [-87.746778, 41.617743], [-87.747011, 41.625063], [-87.727495, 41.625376], [-87.727361, 41.621716], [-87.718169, 41.621871], [-87.717569, 41.622063], [-87.71756, 41.621812], [-87.731153, 41.610539], [-87.732568, 41.610639], [-87.756247, 41.610265], [-87.756484, 41.617583]]]}}, {"type": "Feature", "properties": {"tract_fips": "17031824701"}, "geometry": {"type": "Polygon", "coordinates": [[[-87.727783, 41.632706], [-87.714263, 41.632954], [-87.713116, 41.633486], [-87.712098, 41.634254], [-87.711804, 41.633963], [-87.709619, 41.633326], [-87.707206, 41.633215], [-87.709325, 41.632914], [-87.707199, 41.632684], [-87.704305, 41.632729], [-87.71756, 41.621812], [-87.717569, 41.622063], [-87.718169, 41.621871], [-87.727361, 41.621716], [-87.727783, 41.632706]]]}}, {"type": "Feature", "properties": {"tract_fips": "17031824702"}, "geometry": {"type": "Polygon", "coordinates": [[[-87.71756, 41.621812], [-87.704305, 41.632729], [-87.701142, 41.632707], [-87.698565, 41.632245], [-87.698184, 41.622255], [-87.707871, 41.622058], [-87.707445, 41.611121], [-87.717123, 41.610946], [-87.71756, 41.621812]]]}}, {"type": "Feature", "properties": {"tract_fips": "17031825200"}, "geometry": {"type": "Polygon", "coordinates": [[[-87.736491, 41.603253], [-87.716865, 41.603647], [-87.716613, 41.599482], [-87.716118, 41.598541], [-87.715053, 41.597295], [-87.727766, 41.587558], [-87.72945, 41.588311], [-87.730834, 41.588627], [-87.735988, 41.588653], [-87.736491, 41.603253]]]}}, {"type": "Feature", "properties": {"tract_fips": "17031040100"}, "geometry": {"type": "Polygon", "coordinates": [[[-87.689673, 41.9905], [-87.674705, 41.990763], [-87.674408, 41.976103], [-87.689151, 41.975892], [-87.689673, 41.9905]]]}}, {"type": "Feature", "properties": {"tract_fips": "17031040300"}, "geometry": {"type": "Polygon", "coordinates": [[[-87.70692, 41.98308], [-87.699157, 41.983121], [-87.698689, 41.968532], [-87.701093, 41.968514], [-87.70311, 41.970888], [-87.703818, 41.972449], [-87.70692, 41.98308]]]}}, {"type": "Feature", "properties": {"tract_fips": "17031816300"}, "geometry": {"type": "Polygon", "coordinates": [[[-87.864237, 41.900342], [-87.864442, 41.907903], [-87.851205, 41.908141], [-87.850945, 41.90062], [-87.864237, 41.900342]]]}}, {"type": "Feature", "properties": {"tract_fips": "17031816401"}, "geometry": {"type": "Polygon", "coordinates": [[[-87.864237, 41.900342], [-87.856869, 41.900493], [-87.856579, 41.890333], [-87.863949, 41.891155], [-87.864237, 41.900342]]]}}, {"type": "Feature", "properties": {"tract_fips": "17031816402"}, "geometry": {"type": "Polygon", "coordinates": [[[-87.856869, 41.900493], [-87.850745, 41.90063], [-87.850617, 41.896958], [-87.844546, 41.897098], [-87.844236, 41.888954], [-87.856579, 41.890333], [-87.856869, 41.900493]]]}}, {"type": "Feature", "properties": {"tract_fips": "17031816600"}, "geometry": {"type": "Polygon", "coordinates": [[[-87.887608, 41.900176], [-87.886256, 41.900182], [-87.886224, 41.9033], [-87.885011, 41.903322], [-87.884983, 41.90681], [-87.885571, 41.906881], [-87.885697, 41.907523], [-87.870425, 41.907804], [-87.873375, 41.905658], [-87.873973, 41.904922], [-87.875772, 41.90351], [-87.878805, 41.903445], [-87.878765, 41.901126], [-87.879883, 41.899997], [-87.879933, 41.897112], [-87.88209, 41.896978], [-87.885056, 41.897402], [-87.885073, 41.897886], [-87.887453, 41.898408], [-87.887471, 41.89994], [-87.887608, 41.900176]]]}}, {"type": "Feature", "properties": {"tract_fips": "17031816700"}, "geometry": {"type": "Polygon", "coordinates": [[[-87.908153, 41.907061], [-87.885697, 41.907523], [-87.885571, 41.906881], [-87.884983, 41.90681], [-87.885011, 41.903322], [-87.886224, 41.9033], [-87.886256, 41.900182], [-87.887282, 41.900164], [-87.888697, 41.90114], [-87.888682, 41.902808], [-87.893512, 41.902763], [-87.893564, 41.901872], [-87.898386, 41.901776], [-87.898396, 41.900814], [-87.905162, 41.902195], [-87.907989, 41.90304], [-87.908026, 41.906711], [-87.908153, 41.907061]]]}}, {"type": "Feature", "properties": {"tract_fips": "17031825503"}, "geometry": {"type": "Polygon", "coordinates": [[[-87.694196, 41.557165], [-87.694474, 41.586248], [-87.688438, 41.58628], [-87.688222, 41.583202], [-87.68833, 41.582697], [-87.68486, 41.582803], [-87.684802, 41.586301], [-87.675145, 41.58626], [-87.675108, 41.579488], [-87.674854, 41.575293], [-87.675024, 41.571731], [-87.674987, 41.568141], [-87.674674, 41.558562], [-87.674847, 41.557205], [-87.694196, 41.557165]]]}}, {"type": "Feature", "properties": {"tract_fips": "17031825504"}, "geometry": {"type": "Polygon", "coordinates": [[[-87.713775, 41.571667], [-87.694375, 41.571722], [-87.694196, 41.557165], [-87.713614, 41.557132], [-87.713757, 41.56085], [-87.713775, 41.571667]]]}}, {"type": "Feature", "properties": {"tract_fips": "17031825505"}, "geometry": {"type": "Polygon", "coordinates": [[[-87.75473, 41.569895], [-87.754197, 41.570039], [-87.750475, 41.570177], [-87.748531, 41.571606], [-87.713775, 41.571667], [-87.713757, 41.56085], [-87.713614, 41.557132], [-87.752394, 41.557042], [-87.752584, 41.567673], [-87.753084, 41.568533], [-87.754364, 41.569454], [-87.75473, 41.569895]]]}}, {"type": "Feature", "properties": {"tract_fips": "17031825700"}, "geometry": {"type": "Polygon", "coordinates": [[[-87.564072, 41.644635], [-87.562382, 41.644749], [-87.559316, 41.644548], [-87.548001, 41.644491], [-87.54282, 41.644611], [-87.540509, 41.644286], [-87.538787, 41.644535], [-87.524997, 41.644636], [-87.525054, 41.630208], [-87.532543, 41.630135], [-87.533736, 41.630756], [-87.539243, 41.63149], [-87.542443, 41.633635], [-87.544374, 41.633526], [-87.544465, 41.630241], [-87.548068, 41.629925], [-87.564019, 41.630033], [-87.564029, 41.635184], [-87.563758, 41.636179], [-87.563747, 41.637931], [-87.564072, 41.644635]]]}}, {"type": "Feature", "properties": {"tract_fips": "17197883206"}, "geometry": {"type": "Polygon", "coordinates": [[[-88.160598, 41.536452], [-88.141311, 41.536771], [-88.140693, 41.522233], [-88.159967, 41.521949], [-88.160598, 41.536452]]]}}, {"type": "Feature", "properties": {"tract_fips": "17197880105"}, "geometry": {"type": "Polygon", "coordinates": [[[-88.125443, 41.702966], [-88.096928, 41.706506], [-88.096381, 41.690438], [-88.109081, 41.690032], [-88.116858, 41.690004], [-88.117554, 41.689869], [-88.119469, 41.692366], [-88.12225, 41.69346], [-88.12187, 41.69425], [-88.12194, 41.69554], [-88.123512, 41.698057], [-88.125443, 41.702966]]]}}, {"type": "Feature", "properties": {"tract_fips": "17197880107"}, "geometry": {"type": "Polygon", "coordinates": [[[-88.088821, 41.709976], [-88.087867, 41.710394], [-88.08778, 41.71071], [-88.088013, 41.712017], [-88.086063, 41.711646], [-88.085482, 41.712264], [-88.085151, 41.712396], [-88.084054, 41.711936], [-88.083268, 41.711842], [-88.081516, 41.712447], [-88.078436, 41.712705], [-88.075289, 41.713275], [-88.072895, 41.715406], [-88.071697, 41.71706], [-88.070691, 41.71812], [-88.068788, 41.717531], [-88.06894, 41.7164], [-88.068285, 41.698509], [-88.087546, 41.698008], [-88.087883, 41.708542], [-88.08875, 41.708589], [-88.088821, 41.709976]]]}}, {"type": "Feature", "properties": {"tract_fips": "17197880109"}, "geometry": {"type": "Polygon", "coordinates": [[[-88.068934, 41.716561], [-88.068838, 41.717396], [-88.068295, 41.718724], [-88.066049, 41.72143], [-88.065507, 41.722314], [-88.063367, 41.728147], [-88.030352, 41.728894], [-88.030282, 41.72672], [-88.036909, 41.724353], [-88.040573, 41.722096], [-88.044815, 41.720206], [-88.057207, 41.715251], [-88.068737, 41.710863], [-88.068934, 41.716561]]]}}, {"type": "Feature", "properties": {"tract_fips": "17197880106"}, "geometry": {"type": "Polygon", "coordinates": [[[-88.096928, 41.706506], [-88.087873, 41.707552], [-88.087308, 41.69076], [-88.096381, 41.690438], [-88.096928, 41.706506]]]}}, {"type": "Feature", "properties": {"tract_fips": "17197880111"}, "geometry": {"type": "Polygon", "coordinates": [[[-88.068563, 41.705784], [-88.048356, 41.706186], [-88.048272, 41.705588], [-88.047764, 41.704707], [-88.047607, 41.700091], [-88.047756, 41.698951], [-88.068285, 41.698509], [-88.068563, 41.705784]]]}}, {"type": "Feature", "properties": {"tract_fips": "17197880112"}, "geometry": {"type": "Polygon", "coordinates": [[[-88.048555, 41.696143], [-88.04794, 41.696484], [-88.047705, 41.696854], [-88.047768, 41.699345], [-88.047607, 41.700091], [-88.047764, 41.704707], [-88.048272, 41.705588], [-88.048356, 41.706186], [-88.0433, 41.706538], [-88.039673, 41.706413], [-88.037735, 41.706631], [-88.029637, 41.706707], [-88.029586, 41.705045], [-88.047898, 41.695586], [-88.048555, 41.696143]]]}}, {"type": "Feature", "properties": {"tract_fips": "17197880113"}, "geometry": {"type": "Polygon", "coordinates": [[[-88.068285, 41.698509], [-88.047756, 41.698951], [-88.047705, 41.696854], [-88.04794, 41.696484], [-88.048555, 41.696143], [-88.047898, 41.695586], [-88.067933, 41.685219], [-88.068232, 41.692009], [-88.068285, 41.698509]]]}}, {"type": "Feature", "properties": {"tract_fips": "17197881006"}, "geometry": {"type": "Polygon", "coordinates": [[[-87.931454, 41.643535], [-87.91193, 41.643933], [-87.91154, 41.629409], [-87.931057, 41.629104], [-87.931454, 41.643535]]]}}, {"type": "Feature", "properties": {"tract_fips": "17197881500"}, "geometry": {"type": "Polygon", "coordinates": [[[-88.125859, 41.55164], [-88.121137, 41.551828], [-88.101333, 41.537748], [-88.125227, 41.537145], [-88.125859, 41.55164]]]}}, {"type": "Feature", "properties": {"tract_fips": "17197881700"}, "geometry": {"type": "Polygon", "coordinates": [[[-88.125227, 41.537145], [-88.101333, 41.537748], [-88.10113, 41.53055], [-88.124913, 41.529889], [-88.125227, 41.537145]]]}}, {"type": "Feature", "properties": {"tract_fips": "17197880202"}, "geometry": {"type": "Polygon", "coordinates": [[[-88.12481, 41.652291], [-88.124907, 41.655566], [-88.118681, 41.65865], [-88.07766, 41.67996], [-88.07111, 41.68358], [-88.029586, 41.705045], [-88.027688, 41.641506], [-88.080448, 41.640102], [-88.080516, 41.653606], [-88.080271, 41.654711], [-88.113683, 41.653727], [-88.11572, 41.653699], [-88.116575, 41.654137], [-88.121423, 41.652437], [-88.12481, 41.652291]]]}}, {"type": "Feature", "properties": {"tract_fips": "17197883100"}, "geometry": {"type": "Polygon", "coordinates": [[[-88.138971, 41.48013], [-88.128981, 41.485694], [-88.126817, 41.487505], [-88.12639, 41.488218], [-88.125658, 41.488953], [-88.124879, 41.489346], [-88.122993, 41.490952], [-88.121973, 41.4914], [-88.120689, 41.492426], [-88.120231, 41.493187], [-88.117816, 41.494993], [-88.113938, 41.496527], [-88.11225, 41.496911], [-88.111092, 41.496913], [-88.110567, 41.497103], [-88.109741, 41.49707], [-88.108719, 41.497299], [-88.105337, 41.498966], [-88.102743, 41.49983], [-88.101708, 41.500349], [-88.100422, 41.501937], [-88.099408, 41.502894], [-88.098867, 41.503907], [-88.098759, 41.504883], [-88.097686, 41.506072], [-88.094714, 41.508312], [-88.09441, 41.50893], [-88.093658, 41.50895], [-88.091383, 41.511673], [-88.08948, 41.511212], [-88.088212, 41.511105], [-88.08201, 41.511871], [-88.081069, 41.509317], [-88.080891, 41.502445], [-88.075195, 41.502579], [-88.072133, 41.501172], [-88.062758, 41.497806], [-88.059089, 41.495793], [-88.023053, 41.496556], [-88.022102, 41.467664], [-88.099053, 41.465923], [-88.138353, 41.4647], [-88.138971, 41.48013]]]}}, {"type": "Feature", "properties": {"tract_fips": "17197883602"}, "geometry": {"type": "Polygon", "coordinates": [[[-87.787302, 41.469839], [-87.748271, 41.469731], [-87.748058, 41.456119], [-87.732164, 41.456262], [-87.732119, 41.443626], [-87.733122, 41.441711], [-87.729759, 41.441707], [-87.729023, 41.441394], [-87.728675, 41.440916], [-87.728384, 41.419958], [-87.670569, 41.420352], [-87.670148, 41.383974], [-87.786184, 41.383082], [-87.787302, 41.469839]]]}}, {"type": "Feature", "properties": {"tract_fips": "17197882200"}, "geometry": {"type": "Polygon", "coordinates": [[[-88.064561, 41.525083], [-88.064054, 41.525599], [-88.064205, 41.531722], [-88.061541, 41.531813], [-88.059247, 41.532107], [-88.058297, 41.532395], [-88.057563, 41.532864], [-88.05548, 41.53571], [-88.053502, 41.53721], [-88.054971, 41.539436], [-88.054361, 41.542296], [-88.054033, 41.542442], [-88.05187, 41.542383], [-88.050934, 41.542936], [-88.05024, 41.54298], [-88.049719, 41.543218], [-88.049238, 41.543212], [-88.04813, 41.542832], [-88.046756, 41.542932], [-88.046135, 41.543232], [-88.045683, 41.543762], [-88.045158, 41.545038], [-88.045104, 41.545789], [-88.045535, 41.546669], [-88.045197, 41.547265], [-88.045294, 41.548053], [-88.044759, 41.548536], [-88.044047, 41.548525], [-88.043423, 41.548116], [-88.043316, 41.547203], [-88.042862, 41.546238], [-88.042438, 41.546038], [-88.042441, 41.541628], [-88.04366, 41.54111], [-88.04355, 41.53795], [-88.041193, 41.538018], [-88.041152, 41.536662], [-88.034512, 41.536832], [-88.034451, 41.534122], [-88.033857, 41.534127], [-88.033837, 41.533483], [-88.03544, 41.533458], [-88.035323, 41.532303], [-88.039396, 41.532238], [-88.03933, 41.529824], [-88.037968, 41.529993], [-88.036355, 41.52985], [-88.0441, 41.527036], [-88.046923, 41.526325], [-88.064561, 41.525083]]]}}, {"type": "Feature", "properties": {"tract_fips": "17197881105"}, "geometry": {"type": "Polygon", "coordinates": [[[-87.967261, 41.555499], [-87.909377, 41.556819], [-87.908237, 41.521706], [-87.909038, 41.521162], [-87.91256, 41.519632], [-87.914719, 41.518944], [-87.919037, 41.518433], [-87.927498, 41.517731], [-87.927551, 41.517879], [-87.927856, 41.517927], [-87.927912, 41.517696], [-87.932796, 41.517291], [-87.947224, 41.517268], [-87.963702, 41.514683], [-87.966405, 41.514526], [-87.96598, 41.51617], [-87.966002, 41.517993], [-87.960911, 41.51811], [-87.961034, 41.518426], [-87.96138, 41.53006], [-87.966375, 41.529384], [-87.966528, 41.535306], [-87.966143, 41.538765], [-87.966713, 41.541035], [-87.967261, 41.555499]]]}}, {"type": "Feature", "properties": {"tract_fips": "17197880502"}, "geometry": {"type": "Polygon", "coordinates": [[[-88.06508, 41.599978], [-88.064728, 41.600288], [-88.064285, 41.60331], [-88.061431, 41.628072], [-88.06139, 41.628678], [-88.061599, 41.629036], [-88.061348, 41.629337], [-88.061222, 41.630143], [-88.060157, 41.640677], [-88.027688, 41.641506], [-88.027303, 41.626949], [-88.026978, 41.621347], [-88.027033, 41.61845], [-88.02677, 41.60917], [-88.02631, 41.59778], [-88.032368, 41.597629], [-88.033974, 41.597363], [-88.034249, 41.597607], [-88.053806, 41.597125], [-88.054035, 41.596631], [-88.055329, 41.597084], [-88.064889, 41.597023], [-88.06508, 41.599978]]]}}, {"type": "Feature", "properties": {"tract_fips": "17031808800"}, "geometry": {"type": "Polygon", "coordinates": [[[-87.702732, 42.068986], [-87.68912, 42.068765], [-87.689216, 42.069649], [-87.682845, 42.069489], [-87.682752, 42.071695], [-87.669758, 42.071629], [-87.666393, 42.063475], [-87.673184, 42.061541], [-87.677087, 42.061631], [-87.677166, 42.05622], [-87.679672, 42.056246], [-87.679679, 42.05559], [-87.681677, 42.055612], [-87.681583, 42.064098], [-87.687163, 42.064211], [-87.687571, 42.063363], [-87.688231, 42.062621], [-87.690181, 42.060976], [-87.694387, 42.059071], [-87.702732, 42.068986]]]}}, {"type": "Feature", "properties": {"tract_fips": "17031430700"}, "geometry": {"type": "Polygon", "coordinates": [[[-87.56645, 41.762619], [-87.566484, 41.766318], [-87.560834, 41.766301], [-87.556446, 41.766534], [-87.549849, 41.766626], [-87.547891, 41.765038], [-87.55944, 41.764725], [-87.563295, 41.7627], [-87.56645, 41.762619]]]}}, {"type": "Feature", "properties": {"tract_fips": "17197881800"}, "geometry": {"type": "Polygon", "coordinates": [[[-88.101503, 41.543191], [-88.094258, 41.543399], [-88.094203, 41.54157], [-88.083377, 41.541865], [-88.083168, 41.542157], [-88.082715, 41.542057], [-88.083213, 41.540734], [-88.083355, 41.539659], [-88.083128, 41.538112], [-88.091721, 41.538002], [-88.091611, 41.532593], [-88.101192, 41.532351], [-88.101503, 41.543191]]]}}, {"type": "Feature", "properties": {"tract_fips": "17197881900"}, "geometry": {"type": "Polygon", "coordinates": [[[-88.092032, 41.531874], [-88.09155, 41.532673], [-88.091721, 41.538002], [-88.083128, 41.538112], [-88.08316, 41.536651], [-88.083417, 41.535778], [-88.086444, 41.528006], [-88.086495, 41.523896], [-88.08717, 41.522001], [-88.091134, 41.521919], [-88.091398, 41.528529], [-88.09184, 41.53159], [-88.092032, 41.531874]]]}}, {"type": "Feature", "properties": {"tract_fips": "17197882000"}, "geometry": {"type": "Polygon", "coordinates": [[[-88.08796, 41.519182], [-88.087564, 41.521025], [-88.086495, 41.523896], [-88.086444, 41.528006], [-88.084907, 41.531778], [-88.083785, 41.531495], [-88.08321, 41.532743], [-88.081768, 41.532413], [-88.07258, 41.53257], [-88.072733, 41.525438], [-88.07307, 41.52478], [-88.073392, 41.524568], [-88.073139, 41.524217], [-88.072969, 41.51886], [-88.078852, 41.518757], [-88.079456, 41.517522], [-88.079426, 41.516911], [-88.08073, 41.51688], [-88.081207, 41.516933], [-88.08128, 41.51928], [-88.08796, 41.519182]]]}}, {"type": "Feature", "properties": {"tract_fips": "17197882400"}, "geometry": {"type": "Polygon", "coordinates": [[[-88.073348, 41.524439], [-88.047673, 41.52622], [-88.047673, 41.524377], [-88.047923, 41.524359], [-88.047899, 41.523781], [-88.049295, 41.523537], [-88.04935, 41.52332], [-88.049075, 41.513309], [-88.048796, 41.513316], [-88.048772, 41.513126], [-88.05729, 41.51298], [-88.063678, 41.513454], [-88.070379, 41.513324], [-88.072976, 41.513077], [-88.073057, 41.514333], [-88.073293, 41.514861], [-88.071267, 41.515725], [-88.069538, 41.51696], [-88.069297, 41.517344], [-88.06924, 41.518373], [-88.06929, 41.518938], [-88.072969, 41.51886], [-88.073139, 41.524217], [-88.073348, 41.524439]]]}}, {"type": "Feature", "properties": {"tract_fips": "17197882500"}, "geometry": {"type": "Polygon", "coordinates": [[[-88.091383, 41.511673], [-88.090363, 41.512743], [-88.089055, 41.514886], [-88.088139, 41.517048], [-88.08796, 41.519182], [-88.08128, 41.51928], [-88.081207, 41.516933], [-88.08073, 41.51688], [-88.079426, 41.516911], [-88.079456, 41.517522], [-88.078852, 41.518757], [-88.06929, 41.518938], [-88.069297, 41.517344], [-88.069538, 41.51696], [-88.071267, 41.515725], [-88.073293, 41.514861], [-88.073057, 41.514333], [-88.072976, 41.513077], [-88.08788, 41.511114], [-88.090075, 41.51133], [-88.091383, 41.511673]]]}}, {"type": "Feature", "properties": {"tract_fips": "17197882300"}, "geometry": {"type": "Polygon", "coordinates": [[[-88.049075, 41.513309], [-88.049295, 41.523537], [-88.047899, 41.523781], [-88.047923, 41.524359], [-88.047673, 41.524377], [-88.047673, 41.52622], [-88.044624, 41.526865], [-88.034332, 41.53053], [-88.031891, 41.530981], [-88.029516, 41.531025], [-88.026963, 41.530652], [-88.024162, 41.529836], [-88.023596, 41.513662], [-88.048772, 41.513126], [-88.048796, 41.513316], [-88.049075, 41.513309]]]}}, {"type": "Feature", "properties": {"tract_fips": "17197883000"}, "geometry": {"type": "Polygon", "coordinates": [[[-88.08201, 41.511871], [-88.072261, 41.513168], [-88.069855, 41.513342], [-88.063025, 41.51344], [-88.05649, 41.512972], [-88.023596, 41.513662], [-88.023053, 41.496556], [-88.059089, 41.495793], [-88.062758, 41.497806], [-88.072133, 41.501172], [-88.075195, 41.502579], [-88.080891, 41.502445], [-88.081069, 41.509317], [-88.08201, 41.511871]]]}}, {"type": "Feature", "properties": {"tract_fips": "17197881001"}, "geometry": {"type": "Polygon", "coordinates": [[[-88.027688, 41.641506], [-87.982688, 41.642368], [-87.979817, 41.642548], [-87.979988, 41.642236], [-87.979466, 41.628045], [-87.97466, 41.628132], [-87.974111, 41.613579], [-87.978955, 41.613461], [-87.97836, 41.5989], [-88.02631, 41.59778], [-88.02677, 41.60917], [-88.027033, 41.61845], [-88.026978, 41.621347], [-88.027303, 41.626949], [-88.027688, 41.641506]]]}}, {"type": "Feature", "properties": {"tract_fips": "17197882100"}, "geometry": {"type": "Polygon", "coordinates": [[[-88.073392, 41.524568], [-88.07307, 41.52478], [-88.072733, 41.525438], [-88.07258, 41.53257], [-88.06735, 41.532625], [-88.067501, 41.5333], [-88.067481, 41.535102], [-88.062597, 41.535355], [-88.062418, 41.535775], [-88.062389, 41.538026], [-88.061773, 41.538687], [-88.060605, 41.539063], [-88.058912, 41.539078], [-88.055694, 41.538694], [-88.055249, 41.538992], [-88.054971, 41.539436], [-88.053502, 41.53721], [-88.05548, 41.53571], [-88.057563, 41.532864], [-88.058297, 41.532395], [-88.059247, 41.532107], [-88.061541, 41.531813], [-88.064205, 41.531722], [-88.064054, 41.525599], [-88.064553, 41.524999], [-88.072031, 41.524491], [-88.073348, 41.524439], [-88.073392, 41.524568]]]}}, {"type": "Feature", "properties": {"tract_fips": "17031611600"}, "geometry": {"type": "Polygon", "coordinates": [[[-87.679641, 41.801168], [-87.674507, 41.801233], [-87.674301, 41.793916], [-87.678815, 41.793868], [-87.678885, 41.794786], [-87.679588, 41.797877], [-87.679641, 41.801168]]]}}, {"type": "Feature", "properties": {"tract_fips": "17031340400"}, "geometry": {"type": "Polygon", "coordinates": [[[-87.634285, 41.845405], [-87.629949, 41.845544], [-87.629784, 41.83828], [-87.634104, 41.838205], [-87.634285, 41.845405]]]}}, {"type": "Feature", "properties": {"tract_fips": "17031816800"}, "geometry": {"type": "Polygon", "coordinates": [[[-87.920632, 41.886324], [-87.920423, 41.906843], [-87.908153, 41.907061], [-87.908026, 41.906711], [-87.907989, 41.90304], [-87.905162, 41.902195], [-87.898396, 41.900814], [-87.898402, 41.89999], [-87.903362, 41.89983], [-87.903409, 41.89656], [-87.903152, 41.893631], [-87.903115, 41.893425], [-87.895511, 41.892651], [-87.898466, 41.892509], [-87.898563, 41.889147], [-87.89574, 41.88909], [-87.895591, 41.886386], [-87.896204, 41.886363], [-87.896177, 41.885376], [-87.896787, 41.885364], [-87.897393, 41.884893], [-87.900773, 41.884806], [-87.903268, 41.884835], [-87.903269, 41.885382], [-87.910647, 41.885418], [-87.910759, 41.882347], [-87.911417, 41.882308], [-87.911416, 41.881955], [-87.913004, 41.882086], [-87.913008, 41.874967], [-87.918243, 41.873662], [-87.916908, 41.87153], [-87.916745, 41.870883], [-87.916793, 41.870311], [-87.917102, 41.869522], [-87.918987, 41.868564], [-87.920462, 41.867465], [-87.920632, 41.886324]]]}}, {"type": "Feature", "properties": {"tract_fips": "17031770700"}, "geometry": {"type": "Polygon", "coordinates": [[[-87.884608, 41.994651], [-87.884531, 41.998223], [-87.873352, 41.995342], [-87.873158, 41.995473], [-87.859437, 41.995847], [-87.858572, 41.995119], [-87.858426, 41.994598], [-87.858728, 41.993967], [-87.859703, 41.992955], [-87.859785, 41.992463], [-87.859614, 41.99191], [-87.859021, 41.991139], [-87.85844, 41.990711], [-87.856398, 41.989678], [-87.85585, 41.989072], [-87.855506, 41.988128], [-87.856415, 41.985932], [-87.856727, 41.984781], [-87.85578, 41.982038], [-87.855833, 41.981194], [-87.856455, 41.980312], [-87.861595, 41.975828], [-87.862024, 41.974599], [-87.861854, 41.973359], [-87.877874, 41.973039], [-87.87869, 41.97579], [-87.879066, 41.977946], [-87.879113, 41.979755], [-87.878824, 41.985536], [-87.879185, 41.988105], [-87.879586, 41.988977], [-87.880322, 41.989829], [-87.882826, 41.991421], [-87.883697, 41.992201], [-87.884411, 41.993404], [-87.884608, 41.994651]]]}}, {"type": "Feature", "properties": {"tract_fips": "17031806102"}, "geometry": {"type": "Polygon", "coordinates": [[[-87.921185, 42.048817], [-87.912653, 42.050293], [-87.912284, 42.050534], [-87.910271, 42.053715], [-87.887588, 42.054457], [-87.887157, 42.053989], [-87.88556, 42.053506], [-87.884554, 42.053568], [-87.8832, 42.05425], [-87.882862, 42.054257], [-87.882502, 42.054017], [-87.881865, 42.053105], [-87.881786, 42.052442], [-87.881147, 42.050835], [-87.881093, 42.05034], [-87.88077, 42.049903], [-87.879529, 42.048922], [-87.878046, 42.048604], [-87.876991, 42.048674], [-87.875838, 42.049027], [-87.875427, 42.049468], [-87.873683, 42.050055], [-87.873166, 42.050003], [-87.872917, 42.049516], [-87.873112, 42.049043], [-87.873706, 42.048535], [-87.875158, 42.047609], [-87.877078, 42.046728], [-87.878022, 42.04561], [-87.878491, 42.044614], [-87.884613, 42.046852], [-87.889981, 42.049779], [-87.897758, 42.047137], [-87.897317, 42.045625], [-87.899491, 42.046602], [-87.908687, 42.043442], [-87.910325, 42.042523], [-87.911692, 42.04133], [-87.912868, 42.039758], [-87.913672, 42.037811], [-87.921005, 42.037512], [-87.921185, 42.048817]]]}}, {"type": "Feature", "properties": {"tract_fips": "17031808100"}, "geometry": {"type": "Polygon", "coordinates": [[[-87.80675, 42.001505], [-87.806547, 42.018965], [-87.787138, 42.019226], [-87.767142, 42.019168], [-87.767429, 42.009059], [-87.767673, 42.008423], [-87.767872, 42.004261], [-87.769393, 42.004954], [-87.770157, 42.006451], [-87.770436, 42.006341], [-87.773345, 42.011949], [-87.776944, 42.011982], [-87.776922, 42.015457], [-87.779118, 42.015539], [-87.77906, 42.011991], [-87.788723, 42.011997], [-87.783208, 42.005542], [-87.782215, 42.004637], [-87.782714, 42.00423], [-87.786909, 42.002488], [-87.790766, 42.000531], [-87.791166, 42.00098], [-87.797124, 42.00094], [-87.797126, 42.000005], [-87.799481, 41.999985], [-87.799814, 42.001529], [-87.80675, 42.001505]]]}}, {"type": "Feature", "properties": {"tract_fips": "17031808500"}, "geometry": {"type": "Polygon", "coordinates": [[[-87.78815, 42.041563], [-87.787971, 42.042005], [-87.786712, 42.042616], [-87.786047, 42.043165], [-87.786032, 42.043684], [-87.786508, 42.045173], [-87.786361, 42.045736], [-87.786121, 42.045954], [-87.785711, 42.046014], [-87.785045, 42.045671], [-87.784776, 42.045697], [-87.784668, 42.045895], [-87.784842, 42.046507], [-87.784276, 42.047153], [-87.781552, 42.047475], [-87.780557, 42.051017], [-87.780534, 42.052232], [-87.780246, 42.05244], [-87.778603, 42.052703], [-87.777506, 42.052626], [-87.775133, 42.053007], [-87.775115, 42.053227], [-87.77571, 42.053446], [-87.775966, 42.053751], [-87.775582, 42.054251], [-87.775081, 42.05402], [-87.774603, 42.054294], [-87.774507, 42.054635], [-87.775166, 42.0553], [-87.763921, 42.055382], [-87.763756, 42.053198], [-87.764178, 42.040906], [-87.787781, 42.040886], [-87.78815, 42.041563]]]}}, {"type": "Feature", "properties": {"tract_fips": "17031283200"}, "geometry": {"type": "Polygon", "coordinates": [[[-87.661724, 41.87211], [-87.656853, 41.872254], [-87.656681, 41.866997], [-87.661571, 41.866916], [-87.661724, 41.87211]]]}}, {"type": "Feature", "properties": {"tract_fips": "17031100500"}, "geometry": {"type": "Polygon", "coordinates": [[[-87.836626, 41.975317], [-87.836579, 41.979761], [-87.833241, 41.979799], [-87.83315, 41.980399], [-87.828764, 41.980449], [-87.828758, 41.980256], [-87.828527, 41.98026], [-87.828562, 41.97943], [-87.82808, 41.979434], [-87.828082, 41.979127], [-87.828562, 41.97913], [-87.828567, 41.978556], [-87.82997, 41.978525], [-87.829962, 41.97733], [-87.829654, 41.977336], [-87.829535, 41.977051], [-87.833478, 41.977035], [-87.833741, 41.976215], [-87.824429, 41.976042], [-87.823327, 41.984509], [-87.818197, 41.983824], [-87.813124, 41.982636], [-87.806942, 41.982771], [-87.807067, 41.974538], [-87.816917, 41.974289], [-87.816953, 41.97066], [-87.818964, 41.97061], [-87.818982, 41.973221], [-87.819435, 41.973221], [-87.819401, 41.974223], [-87.826735, 41.974034], [-87.826741, 41.973141], [-87.831728, 41.973056], [-87.831763, 41.973948], [-87.83342, 41.97392], [-87.833414, 41.974917], [-87.83368, 41.974995], [-87.833561, 41.975397], [-87.836626, 41.975317]]]}}, {"type": "Feature", "properties": {"tract_fips": "17031801607"}, "geometry": {"type": "Polygon", "coordinates": [[[-87.868251, 42.09313], [-87.86814, 42.106661], [-87.866429, 42.10609], [-87.864208, 42.105773], [-87.849028, 42.105718], [-87.84917, 42.088448], [-87.849335, 42.087652], [-87.844365, 42.087577], [-87.865075, 42.065896], [-87.867504, 42.065898], [-87.866249, 42.081183], [-87.866213, 42.083251], [-87.86655, 42.085458], [-87.867985, 42.090282], [-87.868251, 42.09313]]]}}, {"type": "Feature", "properties": {"tract_fips": "17031804106"}, "geometry": {"type": "Polygon", "coordinates": [[[-88.063185, 42.088101], [-88.063099, 42.095922], [-88.034118, 42.095687], [-88.034129, 42.08816], [-88.033628, 42.086235], [-88.032733, 42.084432], [-88.032688, 42.083274], [-88.034887, 42.084182], [-88.038507, 42.084959], [-88.042939, 42.086663], [-88.043839, 42.086773], [-88.043855, 42.082505], [-88.047938, 42.081147], [-88.048354, 42.080237], [-88.048588, 42.078818], [-88.050195, 42.077687], [-88.051732, 42.077189], [-88.062299, 42.077206], [-88.062235, 42.085859], [-88.063038, 42.087481], [-88.063185, 42.088101]]]}}, {"type": "Feature", "properties": {"tract_fips": "17031801606"}, "geometry": {"type": "Polygon", "coordinates": [[[-87.887891, 42.109409], [-87.887568, 42.135726], [-87.887692, 42.138566], [-87.887121, 42.138539], [-87.887243, 42.137818], [-87.887344, 42.130351], [-87.887071, 42.127474], [-87.879439, 42.127513], [-87.879057, 42.124867], [-87.880039, 42.124827], [-87.879865, 42.12431], [-87.878977, 42.124312], [-87.879008, 42.124765], [-87.877697, 42.12487], [-87.87488, 42.124655], [-87.872037, 42.124888], [-87.870213, 42.124659], [-87.868334, 42.124777], [-87.868173, 42.123764], [-87.863535, 42.123758], [-87.863395, 42.124317], [-87.858504, 42.124326], [-87.858506, 42.123854], [-87.848724, 42.123832], [-87.849028, 42.105718], [-87.864712, 42.105804], [-87.867418, 42.106375], [-87.873249, 42.108736], [-87.874415, 42.109037], [-87.875961, 42.109235], [-87.882492, 42.109339], [-87.884223, 42.109506], [-87.887891, 42.109409]]]}}, {"type": "Feature", "properties": {"tract_fips": "17031804810"}, "geometry": {"type": "Polygon", "coordinates": [[[-88.092091, 42.013289], [-88.091915, 42.013975], [-88.091371, 42.014763], [-88.090984, 42.016965], [-88.091678, 42.018464], [-88.091714, 42.019852], [-88.091404, 42.020405], [-88.090646, 42.021014], [-88.090476, 42.021418], [-88.090571, 42.021807], [-88.091066, 42.022508], [-88.091271, 42.023247], [-88.091656, 42.023723], [-88.09125, 42.024199], [-88.091489, 42.025211], [-88.090998, 42.026222], [-88.090997, 42.02687], [-88.079914, 42.027308], [-88.079975, 42.020422], [-88.079438, 42.020396], [-88.078739, 42.020091], [-88.074569, 42.020236], [-88.073722, 42.020651], [-88.072067, 42.020781], [-88.070872, 42.021757], [-88.069976, 42.021686], [-88.070402, 42.020552], [-88.070389, 42.018901], [-88.070194, 42.018136], [-88.069448, 42.016547], [-88.069392, 42.016035], [-88.070338, 42.013903], [-88.070425, 42.011587], [-88.071362, 42.011546], [-88.071439, 42.011852], [-88.071949, 42.012353], [-88.072507, 42.012547], [-88.076225, 42.012384], [-88.076912, 42.011869], [-88.07824, 42.012217], [-88.080031, 42.012215], [-88.080077, 42.005315], [-88.09161, 42.004862], [-88.091553, 42.007797], [-88.091238, 42.008497], [-88.090585, 42.009267], [-88.090455, 42.009796], [-88.091985, 42.012825], [-88.092091, 42.013289]]]}}, {"type": "Feature", "properties": {"tract_fips": "17031800200"}, "geometry": {"type": "Polygon", "coordinates": [[[-87.79005, 42.139247], [-87.789819, 42.148832], [-87.789522, 42.152473], [-87.772315, 42.152362], [-87.744451, 42.119335], [-87.744977, 42.119431], [-87.745651, 42.119114], [-87.745923, 42.119442], [-87.746312, 42.119538], [-87.74886, 42.119429], [-87.751298, 42.119522], [-87.751296, 42.119643], [-87.756162, 42.119669], [-87.756165, 42.119472], [-87.756398, 42.119476], [-87.756401, 42.119673], [-87.758112, 42.119692], [-87.758106, 42.119515], [-87.758328, 42.11952], [-87.758328, 42.119686], [-87.760451, 42.119746], [-87.760439, 42.119603], [-87.760715, 42.119615], [-87.760721, 42.119764], [-87.762228, 42.119527], [-87.770376, 42.119737], [-87.770274, 42.123355], [-87.780363, 42.123527], [-87.779852, 42.137871], [-87.789725, 42.137933], [-87.79005, 42.139247]]]}}, {"type": "Feature", "properties": {"tract_fips": "17031191000"}, "geometry": {"type": "Polygon", "coordinates": [[[-87.746302, 41.924239], [-87.741631, 41.924303], [-87.741301, 41.913906], [-87.74601, 41.914493], [-87.746302, 41.924239]]]}}, {"type": "Feature", "properties": {"tract_fips": "17031560400"}, "geometry": {"type": "Polygon", "coordinates": [[[-87.743222, 41.807617], [-87.738207, 41.807684], [-87.738013, 41.800382], [-87.743034, 41.800326], [-87.743222, 41.807617]]]}}, {"type": "Feature", "properties": {"tract_fips": "17031710700"}, "geometry": {"type": "Polygon", "coordinates": [[[-87.663302, 41.744894], [-87.658445, 41.744966], [-87.658634, 41.752248], [-87.653786, 41.752318], [-87.653539, 41.743216], [-87.663252, 41.743077], [-87.663302, 41.744894]]]}}, {"type": "Feature", "properties": {"tract_fips": "17031550100"}, "geometry": {"type": "Polygon", "coordinates": [[[-87.549583, 41.651431], [-87.549542, 41.661933], [-87.544594, 41.659115], [-87.545368, 41.659673], [-87.546071, 41.66062], [-87.546332, 41.661293], [-87.54643, 41.662839], [-87.546435, 41.668017], [-87.545128, 41.673826], [-87.545129, 41.682733], [-87.540117, 41.682796], [-87.540129, 41.684452], [-87.53164, 41.684416], [-87.53041, 41.684652], [-87.530349, 41.691826], [-87.52466, 41.691802], [-87.524841, 41.676485], [-87.524743, 41.656737], [-87.524997, 41.644636], [-87.538787, 41.644535], [-87.540509, 41.644286], [-87.549583, 41.651431]]]}}, {"type": "Feature", "properties": {"tract_fips": "17111870905"}, "geometry": {"type": "Polygon", "coordinates": [[[-88.452739, 42.306274], [-88.452637, 42.307024], [-88.449797, 42.310133], [-88.450023, 42.310329], [-88.450097, 42.318132], [-88.447496, 42.316535], [-88.443169, 42.316493], [-88.443178, 42.313823], [-88.435926, 42.313866], [-88.4359, 42.312783], [-88.428485, 42.312796], [-88.428456, 42.305562], [-88.431802, 42.305566], [-88.433083, 42.302048], [-88.433282, 42.300601], [-88.433207, 42.293452], [-88.433819, 42.293558], [-88.43362, 42.294145], [-88.43362, 42.294566], [-88.43378, 42.29476], [-88.437152, 42.295366], [-88.438193, 42.295314], [-88.442655, 42.294311], [-88.445182, 42.296496], [-88.445961, 42.296907], [-88.451623, 42.297954], [-88.452651, 42.297996], [-88.452739, 42.306274]]]}}, {"type": "Feature", "properties": {"tract_fips": "17031819200"}, "geometry": {"type": "Polygon", "coordinates": [[[-87.840593, 41.820513], [-87.830275, 41.820718], [-87.831738, 41.819464], [-87.831929, 41.819098], [-87.832003, 41.818349], [-87.830578, 41.817347], [-87.828581, 41.816641], [-87.827396, 41.816588], [-87.826452, 41.816845], [-87.826361, 41.816347], [-87.825749, 41.815209], [-87.825647, 41.814385], [-87.820793, 41.814482], [-87.820752, 41.81329], [-87.818148, 41.81334], [-87.818068, 41.813203], [-87.816329, 41.813374], [-87.816075, 41.806094], [-87.839931, 41.805636], [-87.840593, 41.820513]]]}}, {"type": "Feature", "properties": {"tract_fips": "17091012300"}, "geometry": {"type": "Polygon", "coordinates": [[[-87.877235, 41.121384], [-87.873165, 41.121366], [-87.865689, 41.120508], [-87.864983, 41.124409], [-87.857576, 41.123575], [-87.858318, 41.119701], [-87.850843, 41.118884], [-87.848951, 41.118895], [-87.848935, 41.116547], [-87.84957, 41.116601], [-87.849517, 41.114181], [-87.850127, 41.111002], [-87.861171, 41.112207], [-87.860928, 41.113476], [-87.867387, 41.114213], [-87.868759, 41.114362], [-87.868817, 41.113374], [-87.872509, 41.113462], [-87.873968, 41.11421], [-87.875113, 41.115219], [-87.875491, 41.116284], [-87.87515, 41.117867], [-87.875361, 41.119246], [-87.875823, 41.120104], [-87.877235, 41.121384]]]}}, {"type": "Feature", "properties": {"tract_fips": "17091011300"}, "geometry": {"type": "Polygon", "coordinates": [[[-87.83344, 41.099232], [-87.832384, 41.100383], [-87.831985, 41.100356], [-87.831322, 41.099938], [-87.830867, 41.099864], [-87.828747, 41.100432], [-87.827768, 41.100949], [-87.825913, 41.102353], [-87.823302, 41.102921], [-87.820903, 41.104539], [-87.818472, 41.105045], [-87.811412, 41.107502], [-87.809642, 41.11029], [-87.806681, 41.112303], [-87.797384, 41.117305], [-87.791141, 41.119087], [-87.780673, 41.131888], [-87.777177, 41.137738], [-87.768592, 41.137742], [-87.768455, 41.119539], [-87.761872, 41.119679], [-87.757718, 41.12017], [-87.75066, 41.120258], [-87.750938, 41.118774], [-87.750692, 41.117073], [-87.750945, 41.116498], [-87.751663, 41.115834], [-87.755098, 41.113944], [-87.756371, 41.112973], [-87.757082, 41.112168], [-87.757923, 41.110422], [-87.758748, 41.109348], [-87.760045, 41.108518], [-87.762309, 41.107629], [-87.763838, 41.107293], [-87.766473, 41.106059], [-87.769278, 41.105662], [-87.770436, 41.105165], [-87.775005, 41.101034], [-87.775854, 41.099916], [-87.776934, 41.097976], [-87.781283, 41.092747], [-87.786343, 41.089545], [-87.788359, 41.086243], [-87.789191, 41.084088], [-87.789325, 41.080184], [-87.790396, 41.078999], [-87.790354, 41.07874], [-87.790809, 41.078935], [-87.792246, 41.077489], [-87.792976, 41.077229], [-87.793382, 41.077176], [-87.79348, 41.077599], [-87.794338, 41.077563], [-87.795949, 41.077989], [-87.798056, 41.078144], [-87.799432, 41.077638], [-87.803944, 41.075055], [-87.80642, 41.074668], [-87.80793, 41.074004], [-87.810332, 41.074192], [-87.811779, 41.074811], [-87.812162, 41.074808], [-87.813048, 41.074679], [-87.814831, 41.073849], [-87.815582, 41.073926], [-87.817387, 41.075371], [-87.817885, 41.07602], [-87.81806, 41.077568], [-87.818398, 41.078643], [-87.819488, 41.079045], [-87.821538, 41.08097], [-87.824306, 41.082948], [-87.82699, 41.084563], [-87.8281, 41.085795], [-87.828568, 41.087302], [-87.829202, 41.088215], [-87.829641, 41.089363], [-87.829776, 41.090275], [-87.829438, 41.094124], [-87.829438, 41.094901], [-87.829641, 41.095643], [-87.83024, 41.096732], [-87.831228, 41.097906], [-87.832308, 41.098716], [-87.83344, 41.099232]]]}}, {"type": "Feature", "properties": {"tract_fips": "17091012400"}, "geometry": {"type": "Polygon", "coordinates": [[[-87.868817, 41.113374], [-87.868759, 41.114362], [-87.860928, 41.113476], [-87.861171, 41.112207], [-87.850127, 41.111002], [-87.849517, 41.114181], [-87.84957, 41.116601], [-87.845303, 41.116239], [-87.836741, 41.109593], [-87.835264, 41.108165], [-87.834968, 41.099889], [-87.837001, 41.100561], [-87.83861, 41.100756], [-87.848593, 41.10093], [-87.851986, 41.101399], [-87.853282, 41.101784], [-87.856012, 41.103823], [-87.858371, 41.105316], [-87.859256, 41.106089], [-87.861163, 41.108829], [-87.862057, 41.11056], [-87.863346, 41.111934], [-87.864013, 41.112337], [-87.866142, 41.113158], [-87.867112, 41.113352], [-87.868817, 41.113374]]]}}, {"type": "Feature", "properties": {"tract_fips": "17031815600"}, "geometry": {"type": "Polygon", "coordinates": [[[-87.842714, 41.849684], [-87.832835, 41.849842], [-87.832873, 41.850911], [-87.82945, 41.849911], [-87.803792, 41.850369], [-87.80348, 41.843088], [-87.811698, 41.843086], [-87.822852, 41.84284], [-87.822571, 41.835478], [-87.832159, 41.835301], [-87.832159, 41.837535], [-87.832635, 41.842595], [-87.842129, 41.842404], [-87.842344, 41.842527], [-87.842714, 41.849684]]]}}, {"type": "Feature", "properties": {"tract_fips": "17031818000"}, "geometry": {"type": "Polygon", "coordinates": [[[-87.868111, 41.871044], [-87.863164, 41.871182], [-87.863014, 41.867624], [-87.858097, 41.867731], [-87.857785, 41.86028], [-87.852888, 41.860404], [-87.852457, 41.849455], [-87.842714, 41.849684], [-87.842344, 41.842527], [-87.846373, 41.84221], [-87.848094, 41.842572], [-87.850389, 41.843714], [-87.851942, 41.845503], [-87.852898, 41.846057], [-87.85312, 41.846064], [-87.853311, 41.845456], [-87.854217, 41.84516], [-87.854254, 41.844479], [-87.856993, 41.843733], [-87.857975, 41.842881], [-87.858285, 41.842785], [-87.859108, 41.843104], [-87.860251, 41.843853], [-87.86398, 41.844718], [-87.864508, 41.845119], [-87.864612, 41.845617], [-87.865464, 41.845534], [-87.865566, 41.849086], [-87.867061, 41.849047], [-87.868111, 41.871044]]]}}, {"type": "Feature", "properties": {"tract_fips": "17031812000"}, "geometry": {"type": "Polygon", "coordinates": [[[-87.833696, 41.886289], [-87.833321, 41.887315], [-87.832463, 41.88851], [-87.82983, 41.889886], [-87.829638, 41.890124], [-87.830161, 41.891555], [-87.831483, 41.892589], [-87.832557, 41.892971], [-87.833612, 41.893732], [-87.830837, 41.893931], [-87.82554, 41.893825], [-87.805239, 41.894224], [-87.804986, 41.886983], [-87.814716, 41.886867], [-87.81445, 41.879446], [-87.827325, 41.879175], [-87.827006, 41.879709], [-87.827177, 41.880393], [-87.83276, 41.884489], [-87.833409, 41.885356], [-87.833696, 41.886289]]]}}, {"type": "Feature", "properties": {"tract_fips": "17031829402"}, "geometry": {"type": "Polygon", "coordinates": [[[-87.674167, 41.469773], [-87.674274, 41.494937], [-87.645159, 41.494899], [-87.645139, 41.491561], [-87.655073, 41.491525], [-87.654464, 41.486388], [-87.654734, 41.486071], [-87.654583, 41.481577], [-87.654755, 41.480678], [-87.654731, 41.476927], [-87.649907, 41.477105], [-87.644944, 41.476972], [-87.644979, 41.469768], [-87.674167, 41.469773]]]}}, {"type": "Feature", "properties": {"tract_fips": "17197880204"}, "geometry": {"type": "Polygon", "coordinates": [[[-88.145297, 41.645484], [-88.133709, 41.651926], [-88.130619, 41.653287], [-88.129964, 41.65335], [-88.124907, 41.655451], [-88.12481, 41.652291], [-88.121423, 41.652437], [-88.116575, 41.654137], [-88.11572, 41.653699], [-88.09579, 41.654172], [-88.095387, 41.639682], [-88.145087, 41.638429], [-88.145297, 41.645484]]]}}, {"type": "Feature", "properties": {"tract_fips": "17031823901"}, "geometry": {"type": "Polygon", "coordinates": [[[-87.856797, 41.679872], [-87.856704, 41.680488], [-87.855478, 41.683717], [-87.855532, 41.686222], [-87.82946, 41.683577], [-87.817256, 41.681836], [-87.809019, 41.680289], [-87.821575, 41.667858], [-87.843779, 41.645199], [-87.853848, 41.645012], [-87.85414, 41.654024], [-87.854506, 41.65949], [-87.854874, 41.674771], [-87.855123, 41.676008], [-87.856455, 41.678485], [-87.856797, 41.679872]]]}}, {"type": "Feature", "properties": {"tract_fips": "17031811302"}, "geometry": {"type": "Polygon", "coordinates": [[[-87.873015, 41.922152], [-87.864938, 41.922316], [-87.86524, 41.929691], [-87.859387, 41.929194], [-87.857037, 41.929192], [-87.854523, 41.92221], [-87.854106, 41.921327], [-87.853027, 41.919812], [-87.850038, 41.917446], [-87.837736, 41.908392], [-87.872408, 41.907773], [-87.873015, 41.922152]]]}}, {"type": "Feature", "properties": {"tract_fips": "17031802802"}, "geometry": {"type": "Polygon", "coordinates": [[[-87.966118, 42.06644], [-87.966077, 42.072423], [-87.963718, 42.072423], [-87.963583, 42.073425], [-87.962659, 42.073324], [-87.962807, 42.071825], [-87.957677, 42.071827], [-87.957565, 42.072792], [-87.956304, 42.072231], [-87.956293, 42.073624], [-87.946567, 42.073564], [-87.946493, 42.080805], [-87.936065, 42.080751], [-87.931069, 42.076925], [-87.924371, 42.068393], [-87.923032, 42.067386], [-87.920645, 42.066182], [-87.966118, 42.06644]]]}}, {"type": "Feature", "properties": {"tract_fips": "17031829700"}, "geometry": {"type": "Polygon", "coordinates": [[[-87.621572, 41.47519], [-87.620716, 41.475184], [-87.62075, 41.477092], [-87.616037, 41.477098], [-87.616353, 41.520756], [-87.580109, 41.520806], [-87.579073, 41.518945], [-87.578426, 41.517334], [-87.578015, 41.515679], [-87.577844, 41.514058], [-87.577339, 41.469992], [-87.620411, 41.469833], [-87.6208, 41.471049], [-87.621399, 41.471094], [-87.621572, 41.47519]]]}}, {"type": "Feature", "properties": {"tract_fips": "17031830003"}, "geometry": {"type": "Polygon", "coordinates": [[[-87.790257, 41.498999], [-87.790408, 41.528041], [-87.768898, 41.528168], [-87.7518, 41.527954], [-87.751742, 41.525683], [-87.751556, 41.525023], [-87.751118, 41.524437], [-87.749538, 41.523195], [-87.748998, 41.522252], [-87.748915, 41.518775], [-87.749277, 41.517444], [-87.749349, 41.514614], [-87.749656, 41.514093], [-87.751107, 41.512781], [-87.751335, 41.512327], [-87.75135, 41.508059], [-87.751657, 41.50683], [-87.751634, 41.499016], [-87.767419, 41.499009], [-87.767589, 41.499242], [-87.769485, 41.499972], [-87.770156, 41.500448], [-87.770831, 41.500528], [-87.770979, 41.500523], [-87.770972, 41.499013], [-87.790257, 41.498999]]]}}, {"type": "Feature", "properties": {"tract_fips": "17031823703"}, "geometry": {"type": "Polygon", "coordinates": [[[-87.818537, 41.733104], [-87.811297, 41.73337], [-87.799102, 41.7335], [-87.798053, 41.70441], [-87.817317, 41.704008], [-87.818537, 41.733104]]]}}, {"type": "Feature", "properties": {"tract_fips": "17031829800"}, "geometry": {"type": "Polygon", "coordinates": [[[-87.694196, 41.557165], [-87.674847, 41.557205], [-87.674895, 41.550758], [-87.67471, 41.550029], [-87.674534, 41.527892], [-87.677678, 41.528033], [-87.693889, 41.527995], [-87.694196, 41.557165]]]}}, {"type": "Feature", "properties": {"tract_fips": "17031804607"}, "geometry": {"type": "Polygon", "coordinates": [[[-88.080223, 41.990752], [-88.080156, 41.997999], [-88.039461, 41.999498], [-88.038831, 41.999464], [-88.037949, 41.999106], [-88.03692, 41.999794], [-88.036689, 42.000168], [-88.03662, 42.005761], [-88.036266, 42.006259], [-88.036981, 42.006613], [-88.036772, 42.006889], [-88.036004, 42.007304], [-88.031311, 42.007437], [-88.031449, 41.992527], [-88.049245, 41.991858], [-88.051066, 41.991917], [-88.069712, 41.991042], [-88.080223, 41.990752]]]}}, {"type": "Feature", "properties": {"tract_fips": "17031804709"}, "geometry": {"type": "Polygon", "coordinates": [[[-88.101942, 42.037064], [-88.101948, 42.041127], [-88.092803, 42.041456], [-88.092515, 42.042409], [-88.092541, 42.044653], [-88.089452, 42.044787], [-88.089401, 42.047416], [-88.091829, 42.047953], [-88.094378, 42.048018], [-88.095218, 42.048332], [-88.095762, 42.048724], [-88.079692, 42.049441], [-88.079914, 42.027308], [-88.092777, 42.026796], [-88.092706, 42.030275], [-88.092333, 42.03095], [-88.091484, 42.031691], [-88.092275, 42.031913], [-88.093966, 42.03185], [-88.093951, 42.034536], [-88.094745, 42.034543], [-88.096113, 42.035186], [-88.100023, 42.035075], [-88.100017, 42.036145], [-88.10015, 42.036461], [-88.100904, 42.036999], [-88.101942, 42.037064]]]}}, {"type": "Feature", "properties": {"tract_fips": "17031826800"}, "geometry": {"type": "Polygon", "coordinates": [[[-87.67975, 41.648193], [-87.669711, 41.648237], [-87.647194, 41.648675], [-87.652446, 41.644475], [-87.631773, 41.644547], [-87.631765, 41.637097], [-87.641496, 41.637061], [-87.641451, 41.629846], [-87.65634, 41.629897], [-87.656024, 41.628376], [-87.656023, 41.626259], [-87.665719, 41.626284], [-87.665696, 41.622648], [-87.675279, 41.622669], [-87.675416, 41.626263], [-87.675302, 41.627696], [-87.678896, 41.624945], [-87.679134, 41.633472], [-87.679283, 41.633579], [-87.67915, 41.633835], [-87.679248, 41.637714], [-87.679597, 41.642408], [-87.67975, 41.648193]]]}}, {"type": "Feature", "properties": {"tract_fips": "17031710300"}, "geometry": {"type": "Polygon", "coordinates": [[[-87.663607, 41.757677], [-87.658777, 41.757734], [-87.65859, 41.750426], [-87.663437, 41.750357], [-87.663607, 41.757677]]]}}, {"type": "Feature", "properties": {"tract_fips": "17197880314"}, "geometry": {"type": "Polygon", "coordinates": [[[-88.26081, 41.695843], [-88.25388, 41.69727], [-88.242722, 41.699843], [-88.237948, 41.701781], [-88.234949, 41.703511], [-88.234187, 41.680714], [-88.233169, 41.656522], [-88.232706, 41.655417], [-88.219915, 41.636837], [-88.25912, 41.6362], [-88.260548, 41.679786], [-88.26081, 41.695843]]]}}, {"type": "Feature", "properties": {"tract_fips": "17031825600"}, "geometry": {"type": "Polygon", "coordinates": [[[-87.727766, 41.587558], [-87.715053, 41.597295], [-87.716118, 41.598541], [-87.716543, 41.599286], [-87.716738, 41.600163], [-87.716801, 41.601816], [-87.714106, 41.60089], [-87.71068, 41.60054], [-87.706671, 41.600893], [-87.704264, 41.600727], [-87.675235, 41.600866], [-87.675049, 41.595296], [-87.675319, 41.591932], [-87.675145, 41.58626], [-87.684802, 41.586301], [-87.68486, 41.582803], [-87.68833, 41.582697], [-87.688222, 41.583202], [-87.688438, 41.58628], [-87.722497, 41.586171], [-87.72571, 41.586538], [-87.726616, 41.58681], [-87.727766, 41.587558]]]}}, {"type": "Feature", "properties": {"tract_fips": "17197882601"}, "geometry": {"type": "Polygon", "coordinates": [[[-88.115085, 41.52128], [-88.100758, 41.521693], [-88.100522, 41.51601], [-88.105175, 41.512298], [-88.10515, 41.511959], [-88.114694, 41.511673], [-88.115085, 41.52128]]]}}, {"type": "Feature", "properties": {"tract_fips": "17197883211"}, "geometry": {"type": "Polygon", "coordinates": [[[-88.19822, 41.5052], [-88.197754, 41.507893], [-88.196498, 41.510747], [-88.189012, 41.521629], [-88.169654, 41.52185], [-88.169335, 41.513893], [-88.166603, 41.514034], [-88.164164, 41.514625], [-88.140398, 41.514984], [-88.138353, 41.4647], [-88.196576, 41.463708], [-88.197349, 41.474659], [-88.19751, 41.484955], [-88.19822, 41.5052]]]}}, {"type": "Feature", "properties": {"tract_fips": "17197883402"}, "geometry": {"type": "Polygon", "coordinates": [[[-88.249188, 41.375691], [-88.186578, 41.376996], [-88.186582, 41.375071], [-88.18627, 41.371265], [-88.188748, 41.371054], [-88.187464, 41.348602], [-88.185767, 41.346865], [-88.180296, 41.339485], [-88.178423, 41.338173], [-88.177485, 41.337766], [-88.174871, 41.337226], [-88.161427, 41.337461], [-88.158328, 41.337566], [-88.158335, 41.337844], [-88.138805, 41.338426], [-88.137082, 41.349013], [-88.141521, 41.348941], [-88.141617, 41.35183], [-88.136606, 41.351937], [-88.13471, 41.363571], [-88.134264, 41.363575], [-88.132677, 41.32017], [-88.141801, 41.320028], [-88.142159, 41.317987], [-88.142663, 41.31657], [-88.143613, 41.31508], [-88.144999, 41.31369], [-88.147492, 41.312165], [-88.152775, 41.310265], [-88.155365, 41.308855], [-88.179144, 41.290089], [-88.218115, 41.289102], [-88.246993, 41.288579], [-88.249188, 41.375691]]]}}, {"type": "Feature", "properties": {"tract_fips": "17197884006"}, "geometry": {"type": "Polygon", "coordinates": [[[-88.153856, 41.290688], [-88.106251, 41.291592], [-88.013919, 41.292447], [-88.012631, 41.234659], [-88.011891, 41.208191], [-88.016104, 41.208059], [-88.02088, 41.208429], [-88.024171, 41.209232], [-88.026931, 41.210498], [-88.028726, 41.212116], [-88.032342, 41.214405], [-88.033802, 41.216504], [-88.034476, 41.217029], [-88.038223, 41.219244], [-88.040845, 41.222173], [-88.041709, 41.223364], [-88.042903, 41.224435], [-88.044753, 41.225585], [-88.045717, 41.225902], [-88.048387, 41.226645], [-88.053505, 41.227364], [-88.055813, 41.227385], [-88.060049, 41.227112], [-88.061137, 41.227137], [-88.063603, 41.227524], [-88.075114, 41.230951], [-88.079802, 41.232191], [-88.080956, 41.232613], [-88.083435, 41.233986], [-88.085242, 41.234675], [-88.094596, 41.236923], [-88.096524, 41.237986], [-88.099225, 41.240298], [-88.099999, 41.240729], [-88.101737, 41.241315], [-88.104097, 41.241936], [-88.106639, 41.242112], [-88.111615, 41.240797], [-88.113476, 41.240812], [-88.117689, 41.242431], [-88.123513, 41.243664], [-88.12742, 41.245583], [-88.128944, 41.247161], [-88.131665, 41.25052], [-88.134324, 41.25326], [-88.136499, 41.254919], [-88.13701, 41.256279], [-88.137701, 41.259121], [-88.138245, 41.259784], [-88.144232, 41.264221], [-88.145848, 41.265662], [-88.14627, 41.266325], [-88.147388, 41.268789], [-88.147866, 41.270994], [-88.147771, 41.272658], [-88.14725, 41.274964], [-88.147306, 41.277251], [-88.148812, 41.280732], [-88.150574, 41.285932], [-88.15155, 41.287881], [-88.153543, 41.290145], [-88.153856, 41.290688]]]}}, {"type": "Feature", "properties": {"tract_fips": "17197980000"}, "geometry": {"type": "Polygon", "coordinates": [[[-88.188748, 41.371054], [-88.18627, 41.371265], [-88.186582, 41.375071], [-88.186578, 41.376996], [-88.18687, 41.376992], [-88.186556, 41.377868], [-88.186419, 41.383336], [-88.183322, 41.38332], [-88.1834, 41.385552], [-88.18096, 41.385637], [-88.181108, 41.391693], [-88.174825, 41.391809], [-88.175076, 41.40362], [-88.162428, 41.403875], [-88.161856, 41.40307], [-88.161718, 41.402376], [-88.161818, 41.40178], [-88.165801, 41.391357], [-88.165456, 41.383216], [-88.164093, 41.379932], [-88.16309, 41.378903], [-88.163468, 41.37814], [-88.163531, 41.377568], [-88.127381, 41.378426], [-88.116286, 41.392976], [-88.116097, 41.392911], [-88.115898, 41.393117], [-88.114416, 41.393149], [-88.11433, 41.392948], [-88.099163, 41.393303], [-88.099172, 41.393424], [-88.038779, 41.394449], [-88.00213, 41.395313], [-88.011882, 41.380686], [-88.01181, 41.3806], [-88.015241, 41.37477], [-88.018097, 41.369267], [-88.020298, 41.365474], [-88.027037, 41.354926], [-88.027991, 41.353846], [-88.030538, 41.35174], [-88.031662, 41.350547], [-88.0326, 41.350023], [-88.045806, 41.335835], [-88.055582, 41.335725], [-88.05563, 41.33627], [-88.055911, 41.336407], [-88.075576, 41.335904], [-88.075873, 41.343445], [-88.082374, 41.346212], [-88.095277, 41.346056], [-88.095384, 41.349767], [-88.095983, 41.351252], [-88.095615, 41.352325], [-88.101675, 41.354925], [-88.103962, 41.352317], [-88.11449, 41.348051], [-88.114384, 41.345929], [-88.118363, 41.346206], [-88.126382, 41.34605], [-88.127299, 41.345805], [-88.127841, 41.345073], [-88.127449, 41.33487], [-88.133141, 41.334709], [-88.134264, 41.363575], [-88.13471, 41.363571], [-88.136606, 41.351937], [-88.141617, 41.35183], [-88.141521, 41.348941], [-88.137082, 41.349013], [-88.138805, 41.338426], [-88.158335, 41.337844], [-88.158328, 41.337566], [-88.173883, 41.337156], [-88.175893, 41.337383], [-88.177485, 41.337766], [-88.179738, 41.338984], [-88.180757, 41.339984], [-88.185077, 41.345982], [-88.187464, 41.348602], [-88.188748, 41.371054]]]}}, {"type": "Feature", "properties": {"tract_fips": "17197883306"}, "geometry": {"type": "Polygon", "coordinates": [[[-88.25071, 41.4191], [-88.24344, 41.41936], [-88.241402, 41.419763], [-88.238716, 41.420843], [-88.236165, 41.4226], [-88.23134, 41.42731], [-88.228515, 41.429648], [-88.225726, 41.431278], [-88.218342, 41.434919], [-88.217049, 41.434346], [-88.195121, 41.434642], [-88.19553, 41.44566], [-88.196576, 41.463708], [-88.138353, 41.4647], [-88.137273, 41.434643], [-88.134896, 41.378247], [-88.163531, 41.377568], [-88.163468, 41.37814], [-88.16309, 41.378903], [-88.164093, 41.379932], [-88.165456, 41.383216], [-88.165801, 41.391357], [-88.161818, 41.40178], [-88.161718, 41.402376], [-88.161856, 41.40307], [-88.162428, 41.403875], [-88.174463, 41.403644], [-88.175076, 41.40362], [-88.174825, 41.391809], [-88.181108, 41.391693], [-88.18096, 41.385637], [-88.1834, 41.385552], [-88.183322, 41.38332], [-88.186419, 41.383336], [-88.186556, 41.377868], [-88.18687, 41.376992], [-88.249188, 41.375691], [-88.249964, 41.400862], [-88.25071, 41.4191]]]}}, {"type": "Feature", "properties": {"tract_fips": "17197883510"}, "geometry": {"type": "Polygon", "coordinates": [[[-88.022102, 41.467664], [-87.906436, 41.469589], [-87.905925, 41.454415], [-87.905653, 41.454269], [-87.903548, 41.454305], [-87.903073, 41.425182], [-87.940177, 41.424655], [-87.941557, 41.424769], [-87.944214, 41.425318], [-87.945488, 41.425366], [-87.98715, 41.42467], [-87.98796, 41.42488], [-87.991072, 41.426207], [-87.99576, 41.431797], [-88.020898, 41.431349], [-88.022102, 41.467664]]]}}, {"type": "Feature", "properties": {"tract_fips": "17197883507"}, "geometry": {"type": "Polygon", "coordinates": [[[-87.906436, 41.469589], [-87.878776, 41.470017], [-87.787302, 41.469839], [-87.786184, 41.383082], [-87.902312, 41.381532], [-87.903548, 41.454305], [-87.905653, 41.454269], [-87.905925, 41.454415], [-87.906436, 41.469589]]]}}, {"type": "Feature", "properties": {"tract_fips": "17197884005"}, "geometry": {"type": "Polygon", "coordinates": [[[-88.1897, 41.289819], [-88.153856, 41.290688], [-88.153543, 41.290145], [-88.15155, 41.287881], [-88.150574, 41.285932], [-88.148812, 41.280732], [-88.147306, 41.277251], [-88.14725, 41.274964], [-88.147771, 41.272658], [-88.147866, 41.270994], [-88.147388, 41.268789], [-88.14627, 41.266325], [-88.145848, 41.265662], [-88.144232, 41.264221], [-88.138245, 41.259784], [-88.137701, 41.259121], [-88.13701, 41.256279], [-88.136499, 41.254919], [-88.134324, 41.25326], [-88.131665, 41.25052], [-88.128944, 41.247161], [-88.12742, 41.245583], [-88.123513, 41.243664], [-88.117689, 41.242431], [-88.113476, 41.240812], [-88.111615, 41.240797], [-88.106639, 41.242112], [-88.104097, 41.241936], [-88.101737, 41.241315], [-88.099999, 41.240729], [-88.099225, 41.240298], [-88.096524, 41.237986], [-88.094596, 41.236923], [-88.085242, 41.234675], [-88.083435, 41.233986], [-88.080956, 41.232613], [-88.079802, 41.232191], [-88.075114, 41.230951], [-88.063603, 41.227524], [-88.061137, 41.227137], [-88.060049, 41.227112], [-88.055813, 41.227385], [-88.053505, 41.227364], [-88.048387, 41.226645], [-88.044753, 41.225585], [-88.042903, 41.224435], [-88.041709, 41.223364], [-88.040845, 41.222173], [-88.038223, 41.219244], [-88.034476, 41.217029], [-88.033802, 41.216504], [-88.032342, 41.214405], [-88.028726, 41.212116], [-88.026931, 41.210498], [-88.024171, 41.209232], [-88.02088, 41.208429], [-88.016104, 41.208059], [-88.011891, 41.208191], [-88.01181, 41.205508], [-88.128895, 41.203888], [-88.186532, 41.202645], [-88.1897, 41.289819]]]}}, {"type": "Feature", "properties": {"tract_fips": "17197884004"}, "geometry": {"type": "Polygon", "coordinates": [[[-88.246054, 41.259484], [-88.24016, 41.25983], [-88.220965, 41.260206], [-88.218334, 41.259458], [-88.206804, 41.268595], [-88.207611, 41.269255], [-88.207865, 41.269764], [-88.207988, 41.274796], [-88.208161, 41.27505], [-88.208786, 41.289351], [-88.1897, 41.289819], [-88.186532, 41.202645], [-88.244144, 41.201566], [-88.246054, 41.259484]]]}}, {"type": "Feature", "properties": {"tract_fips": "17197883606"}, "geometry": {"type": "Polygon", "coordinates": [[[-87.748271, 41.469731], [-87.709839, 41.469762], [-87.709972, 41.46948], [-87.709606, 41.448759], [-87.709497, 41.448432], [-87.708774, 41.448029], [-87.701486, 41.446134], [-87.695309, 41.447132], [-87.692933, 41.447155], [-87.690245, 41.446952], [-87.69014, 41.434731], [-87.689161, 41.434758], [-87.688514, 41.434981], [-87.687089, 41.436429], [-87.685154, 41.437575], [-87.682753, 41.437666], [-87.678024, 41.436942], [-87.6774, 41.438747], [-87.677503, 41.44584], [-87.670893, 41.445521], [-87.670569, 41.420352], [-87.728384, 41.419958], [-87.728675, 41.440916], [-87.729023, 41.441394], [-87.729759, 41.441707], [-87.733122, 41.441711], [-87.732119, 41.443626], [-87.732164, 41.456262], [-87.748058, 41.456119], [-87.748271, 41.469731]]]}}, {"type": "Feature", "properties": {"tract_fips": "17197883811"}, "geometry": {"type": "Polygon", "coordinates": [[[-87.633947, 41.460765], [-87.630531, 41.46089], [-87.611748, 41.459125], [-87.610664, 41.459347], [-87.608387, 41.460554], [-87.607427, 41.460633], [-87.606481, 41.460146], [-87.605631, 41.459139], [-87.604659, 41.457428], [-87.604137, 41.45721], [-87.5769, 41.457514], [-87.5766, 41.4296], [-87.57726, 41.42688], [-87.5786, 41.42438], [-87.580187, 41.422511], [-87.581631, 41.421204], [-87.583646, 41.419814], [-87.585974, 41.418641], [-87.588332, 41.41779], [-87.608792, 41.411618], [-87.61182, 41.41051], [-87.61417, 41.40939], [-87.616996, 41.407692], [-87.620129, 41.405182], [-87.62241, 41.40277], [-87.62352, 41.40129], [-87.624446, 41.39967], [-87.626879, 41.40042], [-87.6275, 41.400763], [-87.628339, 41.401758], [-87.628657, 41.40373], [-87.629869, 41.420616], [-87.63152, 41.447639], [-87.63373, 41.45885], [-87.633947, 41.460765]]]}}, {"type": "Feature", "properties": {"tract_fips": "17197883808"}, "geometry": {"type": "Polygon", "coordinates": [[[-87.626567, 41.391608], [-87.626382, 41.393796], [-87.625826, 41.39636], [-87.624746, 41.39909], [-87.62352, 41.40129], [-87.62241, 41.40277], [-87.620129, 41.405182], [-87.616996, 41.407692], [-87.61417, 41.40939], [-87.61014, 41.41116], [-87.586372, 41.418476], [-87.583646, 41.419814], [-87.581098, 41.421638], [-87.5786, 41.42438], [-87.57726, 41.42688], [-87.5766, 41.4296], [-87.57661, 41.43567], [-87.551611, 41.436018], [-87.547185, 41.436308], [-87.545582, 41.436249], [-87.544888, 41.392401], [-87.544969, 41.385152], [-87.625489, 41.38435], [-87.62612, 41.38706], [-87.626567, 41.391608]]]}}, {"type": "Feature", "properties": {"tract_fips": "17197883303"}, "geometry": {"type": "Polygon", "coordinates": [[[-88.252219, 41.462753], [-88.2369, 41.462898], [-88.205239, 41.463571], [-88.209585, 41.460847], [-88.213975, 41.459541], [-88.216048, 41.458616], [-88.222126, 41.453991], [-88.223752, 41.452539], [-88.225473, 41.450616], [-88.226639, 41.450096], [-88.227209, 41.448412], [-88.226961, 41.44806], [-88.22716, 41.446569], [-88.227914, 41.444135], [-88.227876, 41.443635], [-88.228396, 41.442541], [-88.228021, 41.441106], [-88.228128, 41.440698], [-88.227976, 41.439489], [-88.228252, 41.438435], [-88.231115, 41.434363], [-88.231862, 41.432633], [-88.232062, 41.431618], [-88.232018, 41.430206], [-88.230928, 41.427677], [-88.23256, 41.42608], [-88.236687, 41.422151], [-88.238173, 41.421136], [-88.240448, 41.420085], [-88.24257, 41.41951], [-88.244753, 41.419232], [-88.25071, 41.4191], [-88.252219, 41.462753]]]}}, {"type": "Feature", "properties": {"tract_fips": "17197880503"}, "geometry": {"type": "Polygon", "coordinates": [[[-88.145087, 41.638429], [-88.124499, 41.638966], [-88.124076, 41.633441], [-88.12377, 41.624238], [-88.144542, 41.623837], [-88.145087, 41.638429]]]}}, {"type": "Feature", "properties": {"tract_fips": "17197881603"}, "geometry": {"type": "Polygon", "coordinates": [[[-88.141449, 41.540349], [-88.140846, 41.542533], [-88.139928, 41.544041], [-88.12553, 41.54439], [-88.125227, 41.537145], [-88.141311, 41.536771], [-88.141449, 41.540349]]]}}, {"type": "Feature", "properties": {"tract_fips": "17197881107"}, "geometry": {"type": "Polygon", "coordinates": [[[-87.992, 41.52018], [-87.99124, 41.52179], [-87.989637, 41.526624], [-87.98886, 41.527946], [-87.98786, 41.52924], [-87.98657, 41.53053], [-87.98458, 41.53196], [-87.982482, 41.53306], [-87.980376, 41.533842], [-87.966347, 41.537127], [-87.966528, 41.535306], [-87.966375, 41.529384], [-87.96138, 41.53006], [-87.961034, 41.518426], [-87.960911, 41.51811], [-87.966002, 41.517993], [-87.96598, 41.51617], [-87.966441, 41.514008], [-87.970637, 41.514421], [-87.975124, 41.516133], [-87.982971, 41.518572], [-87.992, 41.52018]]]}}, {"type": "Feature", "properties": {"tract_fips": "17089850800"}, "geometry": {"type": "Polygon", "coordinates": [[[-88.289779, 42.053726], [-88.287642, 42.055566], [-88.287044, 42.056494], [-88.285694, 42.057538], [-88.282921, 42.058542], [-88.279215, 42.05939], [-88.275375, 42.061305], [-88.272457, 42.062972], [-88.272132, 42.063421], [-88.271471, 42.065524], [-88.27081, 42.066402], [-88.270736, 42.066807], [-88.263641, 42.066873], [-88.263401, 42.044882], [-88.263758, 42.044027], [-88.2646, 42.042847], [-88.267628, 42.042823], [-88.267697, 42.048435], [-88.270995, 42.048408], [-88.274408, 42.048166], [-88.273722, 42.049032], [-88.275446, 42.049025], [-88.275446, 42.048159], [-88.286835, 42.048119], [-88.286821, 42.053787], [-88.289178, 42.053785], [-88.28939, 42.053629], [-88.289779, 42.053726]]]}}, {"type": "Feature", "properties": {"tract_fips": "17089851000"}, "geometry": {"type": "Polygon", "coordinates": [[[-88.315949, 42.066943], [-88.286793, 42.066909], [-88.286042, 42.066735], [-88.270736, 42.066807], [-88.27081, 42.066402], [-88.271471, 42.065524], [-88.272132, 42.063421], [-88.272457, 42.062972], [-88.275375, 42.061305], [-88.279215, 42.05939], [-88.282921, 42.058542], [-88.285694, 42.057538], [-88.287044, 42.056494], [-88.287642, 42.055566], [-88.288779, 42.054526], [-88.289073, 42.054794], [-88.293896, 42.054836], [-88.294067, 42.053839], [-88.295004, 42.053657], [-88.295813, 42.052715], [-88.2962, 42.05167], [-88.295904, 42.050853], [-88.296587, 42.050751], [-88.296518, 42.045441], [-88.313906, 42.04969], [-88.31549, 42.051883], [-88.315377, 42.057953], [-88.315949, 42.066943]]]}}, {"type": "Feature", "properties": {"tract_fips": "17089851400"}, "geometry": {"type": "Polygon", "coordinates": [[[-88.275263, 42.02933], [-88.272183, 42.030424], [-88.272763, 42.031595], [-88.272219, 42.031341], [-88.269623, 42.030825], [-88.269673, 42.033732], [-88.269034, 42.033738], [-88.26901, 42.038417], [-88.269342, 42.038416], [-88.269396, 42.042836], [-88.2646, 42.042847], [-88.263758, 42.044027], [-88.263401, 42.044882], [-88.263255, 42.015492], [-88.268861, 42.015379], [-88.268443, 42.017458], [-88.268509, 42.020209], [-88.273831, 42.020173], [-88.273771, 42.022612], [-88.273563, 42.022611], [-88.273498, 42.023082], [-88.273562, 42.025193], [-88.274213, 42.027528], [-88.275263, 42.02933]]]}}, {"type": "Feature", "properties": {"tract_fips": "17089851904"}, "geometry": {"type": "Polygon", "coordinates": [[[-88.376487, 42.0581], [-88.370631, 42.056262], [-88.365505, 42.055071], [-88.355878, 42.054472], [-88.351197, 42.05382], [-88.349563, 42.053433], [-88.342517, 42.048568], [-88.337794, 42.04552], [-88.336861, 42.045116], [-88.32747, 42.041988], [-88.311879, 42.039762], [-88.31184, 42.028419], [-88.312069, 42.023478], [-88.320462, 42.026105], [-88.341523, 42.033374], [-88.350757, 42.036007], [-88.360257, 42.038234], [-88.373371, 42.042808], [-88.376224, 42.043349], [-88.376487, 42.0581]]]}}, {"type": "Feature", "properties": {"tract_fips": "17089852001"}, "geometry": {"type": "Polygon", "coordinates": [[[-88.319757, 41.924767], [-88.317677, 41.927283], [-88.316419, 41.934076], [-88.314703, 41.937537], [-88.312238, 41.941213], [-88.311882, 41.942712], [-88.313343, 41.954741], [-88.314306, 41.960377], [-88.317055, 41.964563], [-88.319071, 41.968307], [-88.319496, 41.969762], [-88.319714, 41.971874], [-88.319252, 41.972422], [-88.318238, 41.972909], [-88.317084, 41.97316], [-88.315732, 41.973138], [-88.314824, 41.972952], [-88.312023, 41.971454], [-88.307184, 41.969429], [-88.301744, 41.969274], [-88.298843, 41.969603], [-88.295569, 41.970238], [-88.294039, 41.972689], [-88.293509, 41.974209], [-88.293765, 41.978234], [-88.293586, 41.980611], [-88.293996, 41.9821], [-88.294728, 41.983298], [-88.294701, 41.983676], [-88.294956, 41.983849], [-88.294763, 41.985742], [-88.292061, 41.985906], [-88.282276, 41.985927], [-88.262875, 41.986378], [-88.262706, 41.950726], [-88.270092, 41.950975], [-88.272756, 41.946739], [-88.275656, 41.94172], [-88.27856, 41.93871], [-88.282277, 41.938982], [-88.288522, 41.938597], [-88.292199, 41.938026], [-88.29646, 41.937996], [-88.307544, 41.937405], [-88.307837, 41.934201], [-88.308287, 41.932261], [-88.309482, 41.930202], [-88.309941, 41.928967], [-88.309919, 41.927347], [-88.311898, 41.927318], [-88.311521, 41.926051], [-88.311522, 41.923826], [-88.313116, 41.924152], [-88.313432, 41.923405], [-88.313283, 41.921815], [-88.313495, 41.921475], [-88.313582, 41.92012], [-88.313213, 41.920136], [-88.312331, 41.916853], [-88.315267, 41.916889], [-88.317529, 41.920103], [-88.319523, 41.923716], [-88.319757, 41.924767]]]}}, {"type": "Feature", "properties": {"tract_fips": "17089852002"}, "geometry": {"type": "Polygon", "coordinates": [[[-88.312499, 41.91218], [-88.311971, 41.912397], [-88.309953, 41.910386], [-88.307209, 41.908142], [-88.306043, 41.906791], [-88.305734, 41.906925], [-88.306824, 41.911011], [-88.305892, 41.911181], [-88.301263, 41.912868], [-88.303432, 41.916117], [-88.301687, 41.916744], [-88.292607, 41.918331], [-88.284925, 41.920945], [-88.283938, 41.921141], [-88.274354, 41.921334], [-88.26786, 41.921204], [-88.262574, 41.92129], [-88.26241, 41.899234], [-88.281728, 41.898796], [-88.284039, 41.898073], [-88.284932, 41.89798], [-88.285913, 41.898194], [-88.286959, 41.898788], [-88.28751, 41.898862], [-88.289571, 41.898163], [-88.291322, 41.898575], [-88.29227, 41.898435], [-88.302921, 41.898248], [-88.303484, 41.900969], [-88.304704, 41.903776], [-88.306313, 41.906092], [-88.308696, 41.908206], [-88.312499, 41.91218]]]}}, {"type": "Feature", "properties": {"tract_fips": "17089852700"}, "geometry": {"type": "Polygon", "coordinates": [[[-88.340488, 41.852334], [-88.340453, 41.859913], [-88.31015, 41.860038], [-88.310187, 41.861935], [-88.301629, 41.86206], [-88.301384, 41.846652], [-88.306206, 41.846618], [-88.306861, 41.846752], [-88.306919, 41.847336], [-88.307146, 41.847549], [-88.30729, 41.847398], [-88.307299, 41.846821], [-88.309032, 41.847312], [-88.309924, 41.847029], [-88.311698, 41.846938], [-88.340051, 41.846769], [-88.340153, 41.849741], [-88.340488, 41.852334]]]}}, {"type": "Feature", "properties": {"tract_fips": "17089850400"}, "geometry": {"type": "Polygon", "coordinates": [[[-88.284695, 42.10345], [-88.282578, 42.104724], [-88.282113, 42.104822], [-88.282116, 42.105064], [-88.279889, 42.105222], [-88.27989, 42.105366], [-88.276601, 42.10523], [-88.276439, 42.104669], [-88.273943, 42.104709], [-88.27341, 42.105676], [-88.272566, 42.106646], [-88.272519, 42.110226], [-88.267457, 42.11014], [-88.267436, 42.113916], [-88.260392, 42.113813], [-88.260309, 42.111185], [-88.260343, 42.110615], [-88.262678, 42.110427], [-88.262752, 42.108399], [-88.26334, 42.108528], [-88.26378, 42.107165], [-88.267234, 42.107249], [-88.267234, 42.106852], [-88.267649, 42.106853], [-88.267704, 42.103725], [-88.264179, 42.103976], [-88.264175, 42.104466], [-88.263821, 42.104837], [-88.262363, 42.105026], [-88.262093, 42.105045], [-88.261848, 42.104051], [-88.253011, 42.105041], [-88.243349, 42.105601], [-88.238334, 42.106616], [-88.238276, 42.085121], [-88.251257, 42.090864], [-88.270516, 42.098675], [-88.271471, 42.098769], [-88.276154, 42.098152], [-88.276898, 42.098957], [-88.284695, 42.10345]]]}}, {"type": "Feature", "properties": {"tract_fips": "17089850302"}, "geometry": {"type": "Polygon", "coordinates": [[[-88.290588, 42.114514], [-88.290271, 42.115675], [-88.290276, 42.114566], [-88.289439, 42.114667], [-88.289576, 42.115472], [-88.287462, 42.115732], [-88.281282, 42.121009], [-88.272696, 42.12134], [-88.258908, 42.121258], [-88.257882, 42.121058], [-88.257917, 42.104584], [-88.261848, 42.104051], [-88.262093, 42.105045], [-88.262363, 42.105026], [-88.263821, 42.104837], [-88.264175, 42.104466], [-88.264179, 42.103976], [-88.267704, 42.103725], [-88.267649, 42.106853], [-88.267234, 42.106852], [-88.267234, 42.107249], [-88.26378, 42.107165], [-88.26334, 42.108528], [-88.262752, 42.108399], [-88.262678, 42.110427], [-88.260343, 42.110615], [-88.260309, 42.111185], [-88.260392, 42.113813], [-88.267436, 42.113916], [-88.267457, 42.11014], [-88.272519, 42.110226], [-88.272566, 42.106646], [-88.27341, 42.105676], [-88.273943, 42.104709], [-88.276439, 42.104669], [-88.276601, 42.10523], [-88.27989, 42.105366], [-88.279889, 42.105222], [-88.282116, 42.105064], [-88.282113, 42.104822], [-88.282578, 42.104724], [-88.28386, 42.103939], [-88.286837, 42.106264], [-88.28705, 42.106883], [-88.290015, 42.111303], [-88.290443, 42.112944], [-88.290588, 42.114514]]]}}]}